target,fold,candidate,baseline,n_test,sign,improvement_mae,ci_low,ci_high,excludes_zero,bootstrap_unit,n_boot,direction,positive_means_candidate_better
wrc_plus,A,M1 ZScore 5 tools,M0 scalar baseline,350,candidate better,0.7253572836043318,0.024283766439235074,1.4251936112343324,True,focal player (cluster),2000,baseline MAE minus candidate MAE,True
wrc_plus,A,M1 PCA 5 tools,M0 scalar baseline,350,candidate better,0.7138046497474342,-0.00684114829037634,1.4261745687465024,False,focal player (cluster),2000,baseline MAE minus candidate MAE,True
wrc_plus,A,M1 JointVAE 5 tools,M0 scalar baseline,350,candidate better,0.8449922503832958,0.16478989059040278,1.5228266813405649,True,focal player (cluster),2000,baseline MAE minus candidate MAE,True
wrc_plus,A,M1 ZScore 5 tools + age + PA,M0 scalar baseline,350,candidate better,1.268893793872543,0.46663649022442727,2.068984279631633,True,focal player (cluster),2000,baseline MAE minus candidate MAE,True
wrc_plus,A,M1 PCA 5 tools + age + PA,M0 scalar baseline,350,candidate better,1.2679275617717174,0.4423953560790649,2.079193809925986,True,focal player (cluster),2000,baseline MAE minus candidate MAE,True
wrc_plus,A,M1 JointVAE 5 tools + age + PA,M0 scalar baseline,350,candidate better,1.4881279158807281,0.7145361911024927,2.258437010617503,True,focal player (cluster),2000,baseline MAE minus candidate MAE,True
wrc_plus,A,M1 ZScore 5 tools,M1 PCA 5 tools,350,candidate better,0.011552633856897643,-0.029801380375277374,0.053324467836861976,False,focal player (cluster),2000,baseline MAE minus candidate MAE,True
wrc_plus,A,M1 ZScore 5 tools,M1 JointVAE 5 tools,350,baseline better,-0.11963496677896401,-0.5692798481711034,0.296841762163611,False,focal player (cluster),2000,baseline MAE minus candidate MAE,True
wrc_plus,B,M1 ZScore 5 tools,M0 scalar baseline,355,candidate better,1.5748897821189551,0.7884549649726676,2.413032313672766,True,focal player (cluster),2000,baseline MAE minus candidate MAE,True
wrc_plus,B,M1 PCA 5 tools,M0 scalar baseline,355,candidate better,1.6134253246219679,0.8116592397413253,2.4534694868100058,True,focal player (cluster),2000,baseline MAE minus candidate MAE,True
wrc_plus,B,M1 JointVAE 5 tools,M0 scalar baseline,355,candidate better,1.462480776870425,0.6583531386514335,2.266718534836474,True,focal player (cluster),2000,baseline MAE minus candidate MAE,True
wrc_plus,B,M1 ZScore 5 tools + age + PA,M0 scalar baseline,355,candidate better,1.4270730547007417,0.5871618595673398,2.3751219326402078,True,focal player (cluster),2000,baseline MAE minus candidate MAE,True
wrc_plus,B,M1 PCA 5 tools + age + PA,M0 scalar baseline,355,candidate better,1.4612015482771596,0.6308293810656646,2.4050410629166405,True,focal player (cluster),2000,baseline MAE minus candidate MAE,True
wrc_plus,B,M1 JointVAE 5 tools + age + PA,M0 scalar baseline,355,candidate better,1.5512831241497302,0.7187585612452203,2.4313085665171412,True,focal player (cluster),2000,baseline MAE minus candidate MAE,True
wrc_plus,B,M1 ZScore 5 tools,M1 PCA 5 tools,355,baseline better,-0.03853554250301272,-0.07769677494809643,-0.0012025330120725025,True,focal player (cluster),2000,baseline MAE minus candidate MAE,True
wrc_plus,B,M1 ZScore 5 tools,M1 JointVAE 5 tools,355,candidate better,0.11240900524853004,-0.2844489180434347,0.5570092722544278,False,focal player (cluster),2000,baseline MAE minus candidate MAE,True
wrc_plus,C,M1 ZScore 5 tools,M0 scalar baseline,358,candidate better,1.2059424429104872,0.41181361148536233,2.0186215656595388,True,focal player (cluster),2000,baseline MAE minus candidate MAE,True
wrc_plus,C,M1 PCA 5 tools,M0 scalar baseline,358,candidate better,1.230890982844521,0.43473780085677943,2.048377365035706,True,focal player (cluster),2000,baseline MAE minus candidate MAE,True
wrc_plus,C,M1 JointVAE 5 tools,M0 scalar baseline,358,candidate better,1.0080699538921323,0.26851710282734087,1.7769899297184908,True,focal player (cluster),2000,baseline MAE minus candidate MAE,True
wrc_plus,C,M1 ZScore 5 tools + age + PA,M0 scalar baseline,358,candidate better,1.1843989587702666,0.3722677128785821,2.001462051385164,True,focal player (cluster),2000,baseline MAE minus candidate MAE,True
wrc_plus,C,M1 PCA 5 tools + age + PA,M0 scalar baseline,358,candidate better,1.2078990556914562,0.39174833970416084,2.0262182174641423,True,focal player (cluster),2000,baseline MAE minus candidate MAE,True
wrc_plus,C,M1 JointVAE 5 tools + age + PA,M0 scalar baseline,358,candidate better,1.1202923063437211,0.28618912697178284,1.9419991990871188,True,focal player (cluster),2000,baseline MAE minus candidate MAE,True
wrc_plus,C,M1 ZScore 5 tools,M1 PCA 5 tools,358,baseline better,-0.024948539934033676,-0.06518653324006544,0.012291338393788903,False,focal player (cluster),2000,baseline MAE minus candidate MAE,True
wrc_plus,C,M1 ZScore 5 tools,M1 JointVAE 5 tools,358,candidate better,0.19787248901835497,-0.17403125481030807,0.5831099738409095,False,focal player (cluster),2000,baseline MAE minus candidate MAE,True
wrc_plus,pooled,M1 ZScore 5 tools,M0 scalar baseline,1063,candidate better,1.170920335348729,0.7060202307890424,1.6305628011839624,True,focal player (cluster),2000,baseline MAE minus candidate MAE,True
wrc_plus,pooled,M1 PCA 5 tools,M0 scalar baseline,1063,candidate better,1.1883881368868678,0.7283302137660634,1.6502943538477262,True,focal player (cluster),2000,baseline MAE minus candidate MAE,True
wrc_plus,pooled,M1 JointVAE 5 tools,M0 scalar baseline,1063,candidate better,1.1061307685009787,0.6477274337962758,1.5517985137219144,True,focal player (cluster),2000,baseline MAE minus candidate MAE,True
wrc_plus,pooled,M1 ZScore 5 tools + age + PA,M0 scalar baseline,1063,candidate better,1.2932630192981307,0.7863325884303125,1.7949134338635742,True,focal player (cluster),2000,baseline MAE minus candidate MAE,True
wrc_plus,pooled,M1 PCA 5 tools + age + PA,M0 scalar baseline,1063,candidate better,1.3122568750668222,0.8076394034403297,1.81484401655458,True,focal player (cluster),2000,baseline MAE minus candidate MAE,True
wrc_plus,pooled,M1 JointVAE 5 tools + age + PA,M0 scalar baseline,1063,candidate better,1.3853385938875498,0.8860256797784495,1.8779455234279354,True,focal player (cluster),2000,baseline MAE minus candidate MAE,True
wrc_plus,pooled,M1 ZScore 5 tools,M1 PCA 5 tools,1063,baseline better,-0.017467801538138872,-0.041851468940661364,0.00617768359631494,False,focal player (cluster),2000,baseline MAE minus candidate MAE,True
wrc_plus,pooled,M1 ZScore 5 tools,M1 JointVAE 5 tools,1063,candidate better,0.06478956684775028,-0.17870884110503144,0.3159990835649867,False,focal player (cluster),2000,baseline MAE minus candidate MAE,True
war,A,M1 ZScore 5 tools,M0 scalar baseline,350,baseline better,-0.06531993611311693,-0.11504012799897508,-0.01631940159592986,True,focal player (cluster),2000,baseline MAE minus candidate MAE,True
war,A,M1 PCA 5 tools,M0 scalar baseline,350,baseline better,-0.06733653730088518,-0.11843746584132837,-0.016862119082410316,True,focal player (cluster),2000,baseline MAE minus candidate MAE,True
war,A,M1 JointVAE 5 tools,M0 scalar baseline,350,baseline better,-0.04751267467331677,-0.0988034973059835,0.0006739764048022383,False,focal player (cluster),2000,baseline MAE minus candidate MAE,True
war,A,M1 ZScore 5 tools + age + PA,M0 scalar baseline,350,candidate better,0.03194941584825828,-0.020532622348882996,0.08371034355249077,False,focal player (cluster),2000,baseline MAE minus candidate MAE,True
war,A,M1 PCA 5 tools + age + PA,M0 scalar baseline,350,candidate better,0.031501854215755465,-0.020662659566350192,0.0837334471471672,False,focal player (cluster),2000,baseline MAE minus candidate MAE,True
war,A,M1 JointVAE 5 tools + age + PA,M0 scalar baseline,350,candidate better,0.056354815032995775,0.0036871866247632406,0.10719254830818188,True,focal player (cluster),2000,baseline MAE minus candidate MAE,True
war,A,M1 ZScore 5 tools,M1 PCA 5 tools,350,candidate better,0.002016601187768252,-0.0009648277255059235,0.005115428912001968,False,focal player (cluster),2000,baseline MAE minus candidate MAE,True
war,A,M1 ZScore 5 tools,M1 JointVAE 5 tools,350,baseline better,-0.01780726143980016,-0.05022354554429258,0.014295672822547036,False,focal player (cluster),2000,baseline MAE minus candidate MAE,True
war,B,M1 ZScore 5 tools,M0 scalar baseline,355,baseline better,-0.030890655324714578,-0.08435334956121364,0.01894490356522666,False,focal player (cluster),2000,baseline MAE minus candidate MAE,True
war,B,M1 PCA 5 tools,M0 scalar baseline,355,baseline better,-0.029755985908307192,-0.0831325270675676,0.02051796338795547,False,focal player (cluster),2000,baseline MAE minus candidate MAE,True
war,B,M1 JointVAE 5 tools,M0 scalar baseline,355,baseline better,-0.027167162232422326,-0.085098940471265,0.02748403378777879,False,focal player (cluster),2000,baseline MAE minus candidate MAE,True
war,B,M1 ZScore 5 tools + age + PA,M0 scalar baseline,355,baseline better,-0.027387041261347722,-0.08583801566824288,0.029609296977346503,False,focal player (cluster),2000,baseline MAE minus candidate MAE,True
war,B,M1 PCA 5 tools + age + PA,M0 scalar baseline,355,baseline better,-0.025995448186179937,-0.08411238226004582,0.030677754420690713,False,focal player (cluster),2000,baseline MAE minus candidate MAE,True
war,B,M1 JointVAE 5 tools + age + PA,M0 scalar baseline,355,baseline better,-0.020973249517451942,-0.08020912967555281,0.03561119816271153,False,focal player (cluster),2000,baseline MAE minus candidate MAE,True
war,B,M1 ZScore 5 tools,M1 PCA 5 tools,355,baseline better,-0.0011346694164073856,-0.00487057297725324,0.00240155122620955,False,focal player (cluster),2000,baseline MAE minus candidate MAE,True
war,B,M1 ZScore 5 tools,M1 JointVAE 5 tools,355,baseline better,-0.0037234930922922516,-0.03599832830810643,0.0289589982077617,False,focal player (cluster),2000,baseline MAE minus candidate MAE,True
war,C,M1 ZScore 5 tools,M0 scalar baseline,358,baseline better,-0.0465183738687267,-0.1003739374018619,0.008499931628570602,False,focal player (cluster),2000,baseline MAE minus candidate MAE,True
war,C,M1 PCA 5 tools,M0 scalar baseline,358,baseline better,-0.04499629271091998,-0.09837633033914077,0.009395198688326837,False,focal player (cluster),2000,baseline MAE minus candidate MAE,True
war,C,M1 JointVAE 5 tools,M0 scalar baseline,358,baseline better,-0.04037755725343328,-0.09196470589387587,0.011781463854776377,False,focal player (cluster),2000,baseline MAE minus candidate MAE,True
war,C,M1 ZScore 5 tools + age + PA,M0 scalar baseline,358,baseline better,-0.028727165343034544,-0.08558610960624306,0.023741529821556567,False,focal player (cluster),2000,baseline MAE minus candidate MAE,True
war,C,M1 PCA 5 tools + age + PA,M0 scalar baseline,358,baseline better,-0.028994368248152602,-0.08609504962245348,0.02494890057301951,False,focal player (cluster),2000,baseline MAE minus candidate MAE,True
war,C,M1 JointVAE 5 tools + age + PA,M0 scalar baseline,358,baseline better,-0.008258890718967571,-0.05962746327685772,0.04109104375355319,False,focal player (cluster),2000,baseline MAE minus candidate MAE,True
war,C,M1 ZScore 5 tools,M1 PCA 5 tools,358,baseline better,-0.0015220811578067206,-0.005229633645883946,0.0017960044845436638,False,focal player (cluster),2000,baseline MAE minus candidate MAE,True
war,C,M1 ZScore 5 tools,M1 JointVAE 5 tools,358,baseline better,-0.006140816615293421,-0.03748750672315011,0.023687891991088866,False,focal player (cluster),2000,baseline MAE minus candidate MAE,True
war,pooled,M1 ZScore 5 tools,M0 scalar baseline,1063,baseline better,-0.04748987594061038,-0.08035829682990692,-0.015813949685577377,True,focal player (cluster),2000,baseline MAE minus candidate MAE,True
war,pooled,M1 PCA 5 tools,M0 scalar baseline,1063,baseline better,-0.04726231029470207,-0.07998070639303516,-0.015186594592714923,True,focal player (cluster),2000,baseline MAE minus candidate MAE,True
war,pooled,M1 JointVAE 5 tools,M0 scalar baseline,1063,baseline better,-0.03831509334421468,-0.0685217433617351,-0.0073967520470887204,True,focal player (cluster),2000,baseline MAE minus candidate MAE,True
war,pooled,M1 ZScore 5 tools + age + PA,M0 scalar baseline,1063,baseline better,-0.008301438658226301,-0.040901722787148924,0.024055776108601847,False,focal player (cluster),2000,baseline MAE minus candidate MAE,True
war,pooled,M1 PCA 5 tools + age + PA,M0 scalar baseline,1063,baseline better,-0.008074053587411312,-0.041275209195916415,0.02436912023799558,False,focal player (cluster),2000,baseline MAE minus candidate MAE,True
war,pooled,M1 JointVAE 5 tools + age + PA,M0 scalar baseline,1063,candidate better,0.008769519102034273,-0.02178911969535699,0.039759107105073355,False,focal player (cluster),2000,baseline MAE minus candidate MAE,True
war,pooled,M1 ZScore 5 tools,M1 PCA 5 tools,1063,baseline better,-0.00022756564590831196,-0.00231408390073225,0.00184448054729952,False,focal player (cluster),2000,baseline MAE minus candidate MAE,True
war,pooled,M1 ZScore 5 tools,M1 JointVAE 5 tools,1063,baseline better,-0.009174782596395703,-0.029208973678749944,0.01162035605696065,False,focal player (cluster),2000,baseline MAE minus candidate MAE,True
war_rate,A,M1 ZScore 5 tools,M0 scalar baseline,350,candidate better,0.03915740244881705,-0.013068610689854316,0.08963441930991457,False,focal player (cluster),2000,baseline MAE minus candidate MAE,True
war_rate,A,M1 PCA 5 tools,M0 scalar baseline,350,candidate better,0.038340340328804734,-0.014411933915100006,0.08954174123282725,False,focal player (cluster),2000,baseline MAE minus candidate MAE,True
war_rate,A,M1 JointVAE 5 tools,M0 scalar baseline,350,candidate better,0.04558950979529297,-0.0051657307076953315,0.09519976253859783,False,focal player (cluster),2000,baseline MAE minus candidate MAE,True
war_rate,A,M1 ZScore 5 tools + age + PA,M0 scalar baseline,350,candidate better,0.12153594523829536,0.04859135636436841,0.19332483474161122,True,focal player (cluster),2000,baseline MAE minus candidate MAE,True
war_rate,A,M1 PCA 5 tools + age + PA,M0 scalar baseline,350,candidate better,0.12238273077920381,0.04909970027997306,0.19405190357838306,True,focal player (cluster),2000,baseline MAE minus candidate MAE,True
war_rate,A,M1 JointVAE 5 tools + age + PA,M0 scalar baseline,350,candidate better,0.1359728658520527,0.0645816037483081,0.20609150907493928,True,focal player (cluster),2000,baseline MAE minus candidate MAE,True
war_rate,A,M1 ZScore 5 tools,M1 PCA 5 tools,350,candidate better,0.0008170621200123129,-0.0021991400315320986,0.003828592252099155,False,focal player (cluster),2000,baseline MAE minus candidate MAE,True
war_rate,A,M1 ZScore 5 tools,M1 JointVAE 5 tools,350,baseline better,-0.006432107346475924,-0.041338949869403084,0.026407602665834393,False,focal player (cluster),2000,baseline MAE minus candidate MAE,True
war_rate,B,M1 ZScore 5 tools,M0 scalar baseline,355,candidate better,0.06349802960091955,0.008962402574587369,0.12011969260424196,True,focal player (cluster),2000,baseline MAE minus candidate MAE,True
war_rate,B,M1 PCA 5 tools,M0 scalar baseline,355,candidate better,0.06736365055276106,0.014340636892440318,0.12354883273511937,True,focal player (cluster),2000,baseline MAE minus candidate MAE,True
war_rate,B,M1 JointVAE 5 tools,M0 scalar baseline,355,candidate better,0.06031543530287875,-0.001970476893741058,0.12145219624517023,False,focal player (cluster),2000,baseline MAE minus candidate MAE,True
war_rate,B,M1 ZScore 5 tools + age + PA,M0 scalar baseline,355,candidate better,0.039827763206782496,-0.03846793125807864,0.11833623715119339,False,focal player (cluster),2000,baseline MAE minus candidate MAE,True
war_rate,B,M1 PCA 5 tools + age + PA,M0 scalar baseline,355,candidate better,0.04266197727980514,-0.03595625569167749,0.12188981523741285,False,focal player (cluster),2000,baseline MAE minus candidate MAE,True
war_rate,B,M1 JointVAE 5 tools + age + PA,M0 scalar baseline,355,candidate better,0.052803604114234126,-0.028501102521776178,0.13332580877406922,False,focal player (cluster),2000,baseline MAE minus candidate MAE,True
war_rate,B,M1 ZScore 5 tools,M1 PCA 5 tools,355,baseline better,-0.0038656209518415086,-0.0084355689740306,0.0005210834333053459,False,focal player (cluster),2000,baseline MAE minus candidate MAE,True
war_rate,B,M1 ZScore 5 tools,M1 JointVAE 5 tools,355,candidate better,0.0031825942980407973,-0.0316412371176837,0.038189625724848394,False,focal player (cluster),2000,baseline MAE minus candidate MAE,True
war_rate,C,M1 ZScore 5 tools,M0 scalar baseline,358,candidate better,0.03453705528545448,-0.02405857026694409,0.09146744397540053,False,focal player (cluster),2000,baseline MAE minus candidate MAE,True
war_rate,C,M1 PCA 5 tools,M0 scalar baseline,358,candidate better,0.0360847302214764,-0.02523336207603586,0.093884532186296,False,focal player (cluster),2000,baseline MAE minus candidate MAE,True
war_rate,C,M1 JointVAE 5 tools,M0 scalar baseline,358,candidate better,0.02563650444652832,-0.03163548214971347,0.08388937335359449,False,focal player (cluster),2000,baseline MAE minus candidate MAE,True
war_rate,C,M1 ZScore 5 tools + age + PA,M0 scalar baseline,358,candidate better,0.039781299825798255,-0.033084551655894315,0.10650656956403452,False,focal player (cluster),2000,baseline MAE minus candidate MAE,True
war_rate,C,M1 PCA 5 tools + age + PA,M0 scalar baseline,358,candidate better,0.04212413640020407,-0.031206645952014427,0.10902540031306655,False,focal player (cluster),2000,baseline MAE minus candidate MAE,True
war_rate,C,M1 JointVAE 5 tools + age + PA,M0 scalar baseline,358,candidate better,0.046886826513042434,-0.02544458306890703,0.11471247806896193,False,focal player (cluster),2000,baseline MAE minus candidate MAE,True
war_rate,C,M1 ZScore 5 tools,M1 PCA 5 tools,358,baseline better,-0.0015476749360219255,-0.00535042120586231,0.002246124761084039,False,focal player (cluster),2000,baseline MAE minus candidate MAE,True
war_rate,C,M1 ZScore 5 tools,M1 JointVAE 5 tools,358,candidate better,0.008900550838926158,-0.0216314303174193,0.03934661457777255,False,focal player (cluster),2000,baseline MAE minus candidate MAE,True
war_rate,pooled,M1 ZScore 5 tools,M0 scalar baseline,1063,candidate better,0.045730157250804426,0.013183064151162448,0.07681452599240954,True,focal player (cluster),2000,baseline MAE minus candidate MAE,True
war_rate,pooled,M1 PCA 5 tools,M0 scalar baseline,1063,candidate better,0.04727332876820367,0.014451436222729885,0.0783844434524205,True,focal player (cluster),2000,baseline MAE minus candidate MAE,True
war_rate,pooled,M1 JointVAE 5 tools,M0 scalar baseline,1063,candidate better,0.043787560256567826,0.010424076133126603,0.07682373563512018,True,focal player (cluster),2000,baseline MAE minus candidate MAE,True
war_rate,pooled,M1 ZScore 5 tools + age + PA,M0 scalar baseline,1063,candidate better,0.06671509135413656,0.021747549239779666,0.10982277713026961,True,focal player (cluster),2000,baseline MAE minus candidate MAE,True
war_rate,pooled,M1 PCA 5 tools + age + PA,M0 scalar baseline,1063,candidate better,0.0687294435920276,0.0238011758685368,0.1118337125796081,True,focal player (cluster),2000,baseline MAE minus candidate MAE,True
war_rate,pooled,M1 JointVAE 5 tools + age + PA,M0 scalar baseline,1063,candidate better,0.07819498250276635,0.03218580603362337,0.12222132709241416,True,focal player (cluster),2000,baseline MAE minus candidate MAE,True
war_rate,pooled,M1 ZScore 5 tools,M1 PCA 5 tools,1063,baseline better,-0.0015431715173992444,-0.003779413120817909,0.0007404846880650549,False,focal player (cluster),2000,baseline MAE minus candidate MAE,True
war_rate,pooled,M1 ZScore 5 tools,M1 JointVAE 5 tools,1063,candidate better,0.0019425969942366006,-0.017209081463119613,0.023192747127460132,False,focal player (cluster),2000,baseline MAE minus candidate MAE,True
