key_person,key_mlbam,key_fangraphs,key_bbref,key_retro,name_first,name_last,birth_year,birth_month,birth_day,mlb_played_first,mlb_played_last
0036f772,680911.0,24655.0,milleow01,millo002,Owen,Miller,1996.0,11.0,15.0,2021.0,2025.0
003ca28d,669242.0,19470.0,edmanto01,edmat001,Tommy,Edman,1995.0,5.0,9.0,2019.0,2026.0
00c76880,676914.0,23565.0,schneda03,schnd001,Davis,Schneider,1999.0,1.0,26.0,2023.0,2026.0
013b6998,702332.0,29646.0,durbica01,durbc002,Caleb,Durbin,2000.0,2.0,22.0,2025.0,2026.0
01805aff,670032.0,19339.0,lopezni01,lopen001,Nicky,Lopez,1995.0,3.0,13.0,2019.0,2026.0
01b371eb,664040.0,18882.0,lowebr01,loweb001,Brandon,Lowe,1994.0,7.0,6.0,2018.0,2026.0
01d1c959,467092.0,1433.0,ramoswi01,ramow001,Wilson,Ramos,1987.0,8.0,10.0,2010.0,2021.0
02001c3c,696100.0,29715.0,goodmhu01,goodh001,Hunter,Goodman,1999.0,10.0,8.0,2023.0,2026.0
02307131,658668.0,19698.0,olivaed02,olive001,Edward,Olivares,1996.0,3.0,6.0,2020.0,2024.0
024f87c3,683227.0,25629.0,freemco01,freec003,Cody,Freeman,2001.0,1.0,5.0,2025.0,2026.0
02550be7,641796.0,15124.0,locasti01,locat001,Tim,Locastro,1992.0,7.0,14.0,2017.0,2023.0
02ce09d4,608700.0,13807.0,plaweke01,plawk001,Kevin,Plawecki,1991.0,2.0,26.0,2015.0,2022.0
02eaeca3,694192.0,28806.0,chourja01,chouj001,Jackson,Chourio,2004.0,3.0,11.0,2024.0,2026.0
038fc554,665828.0,21707.0,cabreos01,cabro002,Oswaldo,Cabrera,1999.0,3.0,1.0,2022.0,2026.0
03cb8546,660294.0,27459.0,tsutsyo01,tsuty001,Yoshi,Tsutsugo,1991.0,11.0,26.0,2020.0,2022.0
042fbc15,677951.0,25764.0,wittbo02,wittb002,Bobby,Witt,2000.0,6.0,14.0,2022.0,2026.0
0433afd8,476704.0,4418.0,lowrije01,lowrj001,Jed,Lowrie,1984.0,4.0,17.0,2008.0,2022.0
0438e173,623520.0,14593.0,boteda01,boted002,David,Bote,1993.0,4.0,7.0,2018.0,2024.0
048070cd,608385.0,13590.0,winkeje01,winkj002,Jesse,Winker,1993.0,8.0,17.0,2017.0,2025.0
04a4f5bc,621550.0,13602.0,wisdopa01,wisdp001,Patrick,Wisdom,1991.0,8.0,27.0,2018.0,2026.0
055630a0,501981.0,9112.0,daviskh01,davik003,Khris,Davis,1987.0,12.0,21.0,2013.0,2021.0
05c8cfae,692225.0,33644.0,campbkr01,campk002,Kristian,Campbell,2002.0,6.0,28.0,2025.0,2025.0
064c7618,668939.0,26288.0,rutscad01,rutsa001,Adley,Rutschman,1998.0,2.0,6.0,2022.0,2026.0
065129ac,572204.0,9952.0,thomptr01,thomt002,Trayce,Thompson,1991.0,3.0,15.0,2015.0,2023.0
06aa2f19,700932.0,29794.0,manzaky01,manzk001,Kyle,Manzardo,2000.0,7.0,18.0,2024.0,2026.0
06c9f502,592450.0,15640.0,judgeaa01,judga001,Aaron,Judge,1992.0,4.0,26.0,2016.0,2026.0
0765dc90,607732.0,13723.0,stallja01,stalj001,Jacob,Stallings,1989.0,12.0,22.0,2016.0,2025.0
0765f4e7,680814.0,25459.0,burdipe01,burdp001,Peyton,Burdick,1997.0,2.0,26.0,2022.0,2023.0
077f74b1,663457.0,21454.0,nootbla01,nootl001,Lars,Nootbaar,1997.0,9.0,8.0,2021.0,2026.0
07868aab,518934.0,9874.0,lemahdj01,lemad001,DJ,LeMahieu,1988.0,7.0,13.0,2011.0,2025.0
078fd3ec,622682.0,15487.0,reyesvi01,reyev001,Víctor,Reyes,1994.0,10.0,5.0,2018.0,2022.0
0827baf2,656577.0,17276.0,jacksal02,jacka002,Alex,Jackson,1995.0,12.0,25.0,2019.0,2026.0
08448e20,446334.0,9368.0,longoev01,longe001,Evan,Longoria,1985.0,10.0,7.0,2008.0,2023.0
0874b6b3,694671.0,33333.0,langfwy01,langw001,Wyatt,Langford,2001.0,11.0,15.0,2024.0,2026.0
088d3244,593871.0,13152.0,polanjo01,polaj001,Jorge,Polanco,1993.0,7.0,5.0,2014.0,2026.0
08b75617,672386.0,22581.0,kirkal01,kirka001,Alejandro,Kirk,1998.0,11.0,6.0,2020.0,2026.0
08c68ab4,608701.0,13770.0,refsnro01,refsr001,Rob,Refsnyder,1991.0,3.0,26.0,2015.0,2026.0
08d4ea7d,701305.0,31562.0,dezenza01,dezez001,Zach,Dezenzo,2000.0,5.0,11.0,2024.0,2026.0
093c719f,670224.0,26374.0,misneka01,misnk001,Kameron,Misner,1998.0,1.0,9.0,2024.0,2026.0
093c85ce,656413.0,20321.0,faircst01,fairs001,Stuart,Fairchild,1996.0,3.0,17.0,2021.0,2026.0
094fd471,543228.0,9627.0,gomesya01,gomey001,Yan,Gomes,1987.0,7.0,19.0,2012.0,2024.0
097569c2,676059.0,27815.0,westbjo01,westj002,Jordan,Westburg,1999.0,2.0,18.0,2023.0,2025.0
0a41ff7d,642136.0,19318.0,thaisma01,thaim001,Matt,Thaiss,1995.0,5.0,6.0,2019.0,2025.0
0ab0ce2b,657656.0,17128.0,laurera01,laurr001,Ramón,Laureano,1994.0,7.0,15.0,2018.0,2026.0
0b38c62d,607054.0,12325.0,peterja01,petej002,Jace,Peterson,1990.0,5.0,9.0,2014.0,2024.0
0b68e7df,542583.0,11342.0,aguilje01,aguij001,Jesús,Aguilar,1990.0,6.0,30.0,2014.0,2023.0
0b838dab,641432.0,17838.0,calhowi01,calhw001,Willie,Calhoun,1994.0,11.0,4.0,2017.0,2024.0
0bdd1332,805249.0,31792.0,kempot01,kempo001,Otto,Kemp,1999.0,9.0,9.0,2025.0,2026.0
0cc83788,668715.0,26323.0,steersp01,stees001,Spencer,Steer,1997.0,12.0,7.0,2022.0,2026.0
0dc3acd9,621035.0,13757.0,tayloch03,taylc001,Chris,Taylor,1990.0,8.0,29.0,2014.0,2025.0
0e50a2ad,695734.0,29995.0,lileda01,liled001,Daylen,Lile,2002.0,11.0,30.0,2025.0,2026.0
0f06cd2a,457708.0,5222.0,uptonju01,uptoj001,Justin,Upton,1987.0,8.0,25.0,2007.0,2022.0
0f4c9edf,686676.0,25543.0,leeko01,lee-k002,Korey,Lee,1998.0,7.0,25.0,2022.0,2025.0
0f60bf27,681715.0,24878.0,hernahe01,hernh001,Heriberto,Hernandez,1999.0,12.0,16.0,2025.0,2026.0
0f76be24,666198.0,19958.0,kieboca01,kiebc001,Carter,Kieboom,1997.0,9.0,3.0,2019.0,2025.0
0fa3d8c7,702284.0,31680.0,youngco01,younc005,Cole,Young,2003.0,7.0,29.0,2025.0,2026.0
1028ff5b,671056.0,20599.0,herreiv01,herri001,Iván,Herrera,2000.0,6.0,1.0,2022.0,2026.0
108e3c50,605353.0,17684.0,machivi01,machv001,Vimael,Machín,1993.0,9.0,25.0,2020.0,2025.0
1162de81,519203.0,3473.0,rizzoan01,rizza001,Anthony,Rizzo,1989.0,8.0,8.0,2011.0,2024.0
11b9597b,624414.0,16434.0,arroych01,arroc001,Christian,Arroyo,1995.0,5.0,30.0,2017.0,2023.0
11ccb8cd,665120.0,18607.0,walshja01,walsj001,Jared,Walsh,1993.0,7.0,30.0,2019.0,2024.0
11ffa8a9,666310.0,21865.0,naylobo01,naylb001,Bo,Naylor,2000.0,2.0,21.0,2022.0,2026.0
12154e57,453568.0,7859.0,blackch02,blacc001,Charlie,Blackmon,1986.0,7.0,1.0,2011.0,2024.0
121b985e,686681.0,27684.0,massemi02,massm001,Michael,Massey,1998.0,3.0,22.0,2022.0,2026.0
122e8586,649557.0,15937.0,diazal02,diaza003,Aledmys,Díaz,1990.0,8.0,1.0,2016.0,2024.0
1264fd99,676572.0,23395.0,wagamer01,wagae001,Eric,Wagaman,1997.0,8.0,14.0,2024.0,2026.0
1282a3b6,658069.0,16885.0,fuentjo01,fuenj001,Joshua,Fuentes,1993.0,2.0,19.0,2019.0,2021.0
1286e4d2,571745.0,14274.0,hanigmi01,hanim001,Mitch,Haniger,1990.0,12.0,23.0,2016.0,2024.0
12bb2b45,666185.0,20126.0,carlsdy01,carld002,Dylan,Carlson,1998.0,10.0,23.0,2020.0,2026.0
12bcaeab,702616.0,31781.0,hollija01,hollj003,Jackson,Holliday,2003.0,12.0,4.0,2024.0,2026.0
1306eb2a,666969.0,19287.0,garciad02,garca005,Adolis,García,1993.0,3.0,2.0,2018.0,2026.0
13170be8,665833.0,21711.0,cruzon01,cruzo001,Oneil,Cruz,1998.0,10.0,4.0,2021.0,2026.0
13179904,679631.0,24400.0,vavrate01,vavrt001,Terrin,Vavra,1997.0,5.0,12.0,2022.0,2025.0
136fd76e,650333.0,18568.0,arraelu01,arral001,Luis,Arráez,1997.0,4.0,9.0,2019.0,2026.0
13ab5ed2,516782.0,9241.0,martest01,marts002,Starling,Marte,1988.0,10.0,9.0,2012.0,2026.0
14b34ae6,663538.0,21479.0,hoernni01,hoern001,Nico,Hoerner,1997.0,5.0,13.0,2019.0,2026.0
155c4b51,808982.0,33824.0,leeju01,lee-j001,Jung Hoo,Lee,1998.0,8.0,20.0,2024.0,2026.0
159e57b6,663993.0,19566.0,lowena01,lowen001,Nathaniel,Lowe,1995.0,7.0,7.0,2019.0,2026.0
15fd9d1c,620443.0,15905.0,torrelu01,torrl001,Luis,Torrens,1996.0,5.0,2.0,2017.0,2026.0
166068e5,694388.0,29630.0,loperjo01,lopej008,Joey,Loperfido,1999.0,5.0,11.0,2024.0,2026.0
16ed1b92,624585.0,14221.0,solerjo01,solej001,Jorge,Soler,1992.0,2.0,25.0,2014.0,2026.0
17e7e436,687401.0,25493.0,ortizjo06,ortij005,Joey,Ortiz,1998.0,7.0,14.0,2023.0,2026.0
1810ccd4,680737.0,24605.0,helmami01,helmm001,Michael,Helman,1996.0,5.0,23.0,2024.0,2026.0
184190ef,542303.0,10324.0,ozunama01,ozunm001,Marcell,Ozuna,1990.0,11.0,12.0,2013.0,2026.0
1884994e,668901.0,22184.0,vientma01,vienm001,Mark,Vientos,1999.0,12.0,11.0,2022.0,2026.0
188dc647,643376.0,16535.0,janseda01,jansd001,Danny,Jansen,1995.0,4.0,15.0,2018.0,2026.0
199bb60b,609280.0,15878.0,andujmi01,andum001,Miguel,Andújar,1995.0,3.0,2.0,2017.0,2026.0
19ca305a,701350.0,31812.0,anthoro01,anthr001,Roman,Anthony,2004.0,5.0,13.0,2025.0,2026.0
1afce307,608841.0,14366.0,menesjo01,menej001,Joey,Meneses,1992.0,5.0,6.0,2022.0,2026.0
1b443135,605170.0,14968.0,caratvi01,carav001,Víctor,Caratini,1993.0,8.0,17.0,2017.0,2026.0
1b9052f7,686527.0,26438.0,canzodo01,canzd001,Dominic,Canzone,1997.0,8.0,16.0,2023.0,2026.0
1bd00e2e,664770.0,18123.0,lukesna01,luken001,Nathan,Lukes,1994.0,7.0,12.0,2023.0,2026.0
1c0afc90,575929.0,11609.0,contrwi01,contw001,Willson,Contreras,1992.0,5.0,13.0,2016.0,2026.0
1ca6b104,676632.0,20054.0,madribl01,madrb002,Bligh,Madris,1996.0,2.0,29.0,2022.0,2024.0
1cb9035e,677942.0,23789.0,alexabl01,alexb001,Blaze,Alexander,1999.0,6.0,11.0,2024.0,2026.0
1cc4b360,543543.0,12775.0,millebr02,millb002,Brad,Miller,1989.0,10.0,18.0,2013.0,2023.0
1d358f93,592178.0,15429.0,bryankr01,bryak001,Kris,Bryant,1992.0,1.0,4.0,2015.0,2025.0
1d5de84e,666801.0,21987.0,castrro01,castr006,Rodolfo,Castro,1999.0,5.0,21.0,2021.0,2023.0
1d670239,672016.0,29858.0,clarkde02,clard004,Denzel,Clarke,2000.0,5.0,1.0,2025.0,2026.0
1d72366a,543309.0,5517.0,higasky01,higak001,Kyle,Higashioka,1990.0,4.0,20.0,2017.0,2026.0
1d7c9716,666135.0,20325.0,kirilal01,kiria001,Alex,Kirilloff,1997.0,11.0,9.0,2021.0,2024.0
1e019ece,605119.0,18289.0,anderbr06,andeb006,Brian,Anderson,1993.0,5.0,19.0,2017.0,2024.0
1e4dd87a,686217.0,29622.0,frelisa01,frels001,Sal,Frelick,2000.0,4.0,19.0,2023.0,2026.0
1e5969a9,680718.0,24598.0,bargead01,barga001,Addison,Barger,1999.0,11.0,12.0,2024.0,2026.0
1ea1b6e0,641511.0,19806.0,delayja01,delaj004,Jason,Delay,1995.0,3.0,7.0,2022.0,2024.0
1ec26401,680700.0,24589.0,palacri01,palar002,Richie,Palacios,1997.0,5.0,16.0,2022.0,2026.0
1f506229,666160.0,19956.0,moniami01,monim001,Mickey,Moniak,1998.0,5.0,13.0,2020.0,2026.0
1f8df31a,645277.0,16556.0,albieoz01,albio001,Ozzie,Albies,1997.0,1.0,7.0,2017.0,2026.0
1fedb67a,666152.0,27531.0,hamilda03,hamid002,David,Hamilton,1997.0,9.0,29.0,2023.0,2026.0
2005572c,623205.0,14196.0,velazan01,velaa001,Andrew,Velazquez,1994.0,7.0,14.0,2018.0,2026.0
204bb1da,691016.0,27467.0,soderty01,sodet001,Tyler,Soderstrom,2001.0,11.0,24.0,2023.0,2026.0
2065b967,630105.0,18036.0,croneja01,cronj001,Jake,Cronenworth,1994.0,1.0,21.0,2020.0,2026.0
216e75db,592743.0,10847.0,simmoan01,simma001,Andrelton,Simmons,1989.0,9.0,4.0,2012.0,2022.0
2206880e,571718.0,12858.0,goodwbr01,goodb001,Brian,Goodwin,1990.0,11.0,2.0,2016.0,2021.0
222a5e04,693304.0,27490.0,gonzani01,gonzn001,Nick,Gonzales,1999.0,5.0,27.0,2023.0,2026.0
22599c54,623993.0,14551.0,santaan02,santa003,Anthony,Santander,1994.0,10.0,19.0,2017.0,2025.0
2284d386,642211.0,15490.0,williju02,willj006,Justin,Williams,1995.0,8.0,20.0,2018.0,2021.0
233b23a2,677595.0,23698.0,mauriro01,maurr002,Ronny,Mauricio,2001.0,4.0,4.0,2023.0,2026.0
23707edc,642350.0,17452.0,sirijo01,sirij001,José,Siri,1995.0,7.0,22.0,2021.0,2026.0
23c6f1dc,670764.0,22458.0,wallsta01,wallt003,Taylor,Walls,1996.0,7.0,10.0,2021.0,2026.0
24bf4355,656775.0,17929.0,mullice01,mullc002,Cedric,Mullins,1994.0,10.0,1.0,2018.0,2026.0
24d0505e,690993.0,27899.0,keithco01,keitc001,Colt,Keith,2001.0,8.0,14.0,2024.0,2026.0
25a0949a,687221.0,31382.0,rushida01,rushd001,Dalton,Rushing,2001.0,2.0,21.0,2025.0,2026.0
26a79c89,608577.0,14553.0,mazarno01,mazan001,Nomar,Mazara,1995.0,4.0,26.0,2016.0,2022.0
27077dd2,607680.0,12434.0,pillake01,pillk001,Kevin,Pillar,1989.0,1.0,4.0,2013.0,2025.0
270bfa31,660271.0,19755.0,ohtansh01,ohtas001,Shohei,Ohtani,1994.0,7.0,5.0,2018.0,2026.0
27314b6c,669127.0,25816.0,langesh01,langs001,Shea,Langeliers,1997.0,11.0,18.0,2022.0,2026.0
28afea79,672279.0,22557.0,sianimi01,sianm001,Michael,Siani,1999.0,7.0,16.0,2022.0,2026.0
28d7dd04,808975.0,35322.0,kimhy02,kim-h003,Hyeseong,Kim,1999.0,1.0,27.0,2025.0,2026.0
2928af2b,606115.0,13185.0,arciaor01,arcio002,Orlando,Arcia,1994.0,8.0,4.0,2016.0,2026.0
295c29d9,606213.0,17423.0,merceye01,mercy001,Yermín,Mercedes,1993.0,2.0,14.0,2020.0,2022.0
298c5bf9,683002.0,26289.0,hendegu01,hendg002,Gunnar,Henderson,2001.0,6.0,29.0,2022.0,2026.0
29a03f08,657757.0,19901.0,sheetga01,sheeg001,Gavin,Sheets,1996.0,4.0,23.0,2021.0,2026.0
29f8b660,571875.0,13329.0,lambja01,lambj001,Jake,Lamb,1990.0,10.0,9.0,2014.0,2023.0
2a658101,518595.0,7739.0,darnatr01,darnt001,Travis,d'Arnaud,1989.0,2.0,10.0,2013.0,2026.0
2a82d8dc,656941.0,16478.0,schwaky01,schwk001,Kyle,Schwarber,1993.0,3.0,5.0,2015.0,2026.0
2ad89df7,596056.0,16852.0,nogowjo01,nogoj001,John,Nogowski,1993.0,1.0,5.0,2020.0,2021.0
2ae6ef98,519222.0,5491.0,rominau01,romia002,Austin,Romine,1988.0,11.0,22.0,2011.0,2022.0
2affeb81,664057.0,17932.0,stevean01,steva001,Andrew,Stevenson,1994.0,6.0,1.0,2017.0,2023.0
2be387da,702176.0,31564.0,rodenal01,rodea001,Alan,Roden,1999.0,12.0,22.0,2025.0,2026.0
2c28236a,650331.0,18365.0,diazle01,diazl001,Lewin,Díaz,1996.0,11.0,19.0,2020.0,2022.0
2c66b3f7,518692.0,5361.0,freemfr01,freef001,Freddie,Freeman,1989.0,9.0,12.0,2010.0,2026.0
2cea04fb,691026.0,27479.0,winnma01,winnm001,Masyn,Winn,2002.0,3.0,21.0,2023.0,2026.0
2d08d287,650907.0,19859.0,pintore02,pintr003,René,Pinto,1996.0,11.0,2.0,2022.0,2024.0
2d8a123e,624513.0,15055.0,nunezdo01,nuned001,Dom,Nuñez,1995.0,1.0,17.0,2019.0,2025.0
2dd2ecf2,665804.0,21693.0,amayami01,amaym001,Miguel,Amaya,1999.0,3.0,9.0,2023.0,2026.0
2dd3fe14,687859.0,26143.0,johnstr02,johnt003,Troy,Johnston,1997.0,6.0,22.0,2025.0,2026.0
2dda886c,643217.0,17901.0,beninan01,benia002,Andrew,Benintendi,1994.0,7.0,6.0,2016.0,2026.0
2e0147e0,669234.0,29606.0,malloju02,mallj001,Justyn-Henry,Malloy,2000.0,2.0,19.0,2024.0,2025.0
2e4c164f,683011.0,27647.0,volpean01,volpa001,Anthony,Volpe,2001.0,4.0,28.0,2023.0,2026.0
2f2ce03b,520471.0,6609.0,galvifr01,galvf001,Freddy,Galvis,1989.0,11.0,14.0,2012.0,2021.0
2ff552c3,669256.0,19294.0,solakni01,solan001,Nick,Solak,1995.0,1.0,11.0,2019.0,2026.0
305127cd,700337.0,28022.0,queroed01,quere001,Edgar,Quero,2003.0,4.0,6.0,2025.0,2026.0
310a1f36,592325.0,12160.0,gamelbe01,gameb001,Ben,Gamel,1992.0,5.0,17.0,2016.0,2024.0
31fd95b4,672779.0,22871.0,marcatu01,marct001,Tucupita,Marcano,1999.0,9.0,16.0,2021.0,2023.0
320dbdb9,642165.0,15170.0,vanmejo01,vanmj001,Josh,VanMeter,1995.0,3.0,10.0,2019.0,2022.0
323c9b37,686765.0,25483.0,sogarni01,sogan001,Nick,Sogard,1997.0,9.0,9.0,2024.0,2026.0
32451568,500743.0,7802.0,rojasmi02,rojam002,Miguel,Rojas,1989.0,2.0,24.0,2014.0,2026.0
32775691,641355.0,15998.0,bellico01,bellc002,Cody,Bellinger,1995.0,7.0,13.0,2017.0,2026.0
333a87aa,672515.0,22664.0,morenga01,moreg001,Gabriel,Moreno,2000.0,2.0,14.0,2022.0,2026.0
33687c9b,621043.0,14162.0,correca01,corrc001,Carlos,Correa,1994.0,9.0,22.0,2015.0,2026.0
339548a6,613564.0,16686.0,vosleja01,voslj001,Jason,Vosler,1993.0,9.0,6.0,2021.0,2024.0
33fdfb35,642708.0,15518.0,rosaram01,rosaa003,Amed,Rosario,1995.0,11.0,20.0,2017.0,2026.0
340ee4ba,701538.0,29490.0,merrija01,merrj002,Jackson,Merrill,2003.0,4.0,19.0,2024.0,2026.0
371f78b7,664247.0,18063.0,garliky01,garlk001,Kyle,Garlick,1992.0,1.0,26.0,2019.0,2023.0
3721d9f7,665966.0,19722.0,narvaca01,narvc002,Carlos,Narváez,1998.0,11.0,26.0,2024.0,2026.0
372566fd,668800.0,19514.0,kniznan01,kniza001,Andrew,Knizner,1995.0,2.0,3.0,2019.0,2025.0
37b9034d,572041.0,9256.0,polloaj01,polla001,AJ,Pollock,1987.0,12.0,5.0,2012.0,2023.0
38160f0a,681584.0,24782.0,villada01,villd001,David,Villar,1997.0,1.0,27.0,2022.0,2025.0
3847ab75,650391.0,17484.0,jimenel02,jimee001,Eloy,Jiménez,1996.0,11.0,27.0,2019.0,2026.0
38aff0a8,669004.0,22197.0,melenmj01,melem001,MJ,Melendez,1998.0,11.0,29.0,2022.0,2026.0
38faa7ea,665487.0,19709.0,tatisfe02,tatif002,Fernando,Tatís,1999.0,1.0,2.0,2019.0,2026.0
39ab47fe,668670.0,19452.0,rogerja03,rogej004,Jake,Rogers,1995.0,4.0,18.0,2019.0,2026.0
3a14b2dd,687551.0,31545.0,gilbedr01,gilbd001,Drew,Gilbert,2000.0,9.0,27.0,2025.0,2026.0
3a165059,608348.0,13620.0,kellyca02,kellc002,Carson,Kelly,1994.0,7.0,14.0,2016.0,2026.0
3a2bfaab,663647.0,18577.0,hayeske01,hayek001,Ke'Bryan,Hayes,1997.0,1.0,28.0,2020.0,2026.0
3af4cc98,518626.0,5038.0,donaljo02,donaj001,Josh,Donaldson,1985.0,12.0,8.0,2010.0,2023.0
3b1732ee,622110.0,13836.0,duffyma01,duffm002,Matt,Duffy,1991.0,1.0,15.0,2014.0,2024.0
3b71ead5,669742.0,19717.0,hallda02,halld003,Darick,Hall,1995.0,7.0,25.0,2022.0,2023.0
3b8220e7,663624.0,18373.0,mountry01,mounr001,Ryan,Mountcastle,1997.0,2.0,18.0,2020.0,2026.0
3bc98f5f,682868.0,25621.0,ramosbr01,ramob001,Bryan,Ramos,2002.0,3.0,12.0,2024.0,2025.0
3c07bbc0,661388.0,20503.0,contrwi02,contw002,William,Contreras,1997.0,12.0,24.0,2020.0,2026.0
3c149f22,595453.0,17161.0,wallach01,wallc001,Chad,Wallach,1991.0,11.0,4.0,2017.0,2025.0
3c306280,663527.0,17893.0,nevinty01,nevit001,Tyler,Nevin,1997.0,5.0,29.0,2021.0,2024.0
3d5a66d4,642201.0,19346.0,whiteel04,white006,Eli,White,1994.0,6.0,26.0,2020.0,2026.0
3dcec8df,669222.0,19293.0,senzeni01,senzn001,Nick,Senzel,1995.0,6.0,29.0,2019.0,2024.0
3dd2c8cb,642721.0,17468.0,gutieke01,gutik001,Kelvin,Gutiérrez,1994.0,8.0,28.0,2019.0,2022.0
3e8525b0,663743.0,21538.0,forteni01,fortn001,Nick,Fortes,1996.0,11.0,11.0,2021.0,2026.0
3ef8c560,518735.0,11368.0,grandya01,grany001,Yasmani,Grandal,1988.0,11.0,8.0,2012.0,2024.0
3f5f7011,543063.0,5343.0,crawfbr01,crawb001,Brandon,Crawford,1987.0,1.0,21.0,2011.0,2024.0
3f75e7b2,641531.0,15117.0,doziehu01,dozih001,Hunter,Dozier,1991.0,8.0,22.0,2016.0,2023.0
3f8d7ae6,621446.0,14352.0,brinsle01,brinl001,Lewis,Brinson,1994.0,5.0,8.0,2017.0,2022.0
3f9bc524,663368.0,19921.0,perkibl01,perkb002,Blake,Perkins,1996.0,9.0,10.0,2023.0,2026.0
3f9f1577,592669.0,15464.0,renfrhu01,renfh001,Hunter,Renfroe,1992.0,1.0,28.0,2016.0,2025.0
3fcfedcf,681546.0,24770.0,outmaja01,outmj002,James,Outman,1997.0,5.0,14.0,2022.0,2026.0
4009314f,571448.0,9777.0,arenano01,arenn001,Nolan,Arenado,1991.0,4.0,16.0,2013.0,2026.0
40caed38,435559.0,8259.0,suzukku01,suzuk001,Kurt,Suzuki,1983.0,10.0,4.0,2007.0,2022.0
412b2dc2,664058.0,17992.0,fletcda02,fletd002,David,Fletcher,1994.0,5.0,31.0,2018.0,2024.0
4147996f,675961.0,27604.0,willial04,willa005,Alika,Williams,1999.0,3.0,12.0,2023.0,2026.0
41844a3f,545121.0,13324.0,vargail01,vargi001,Ildemaro,Vargas,1991.0,7.0,16.0,2017.0,2026.0
4203e9ec,643418.0,16542.0,longsh01,longs001,Shed,Long,1995.0,8.0,22.0,2019.0,2021.0
424b365a,608596.0,13499.0,murphto04,murpt002,Tom,Murphy,1991.0,4.0,3.0,2015.0,2024.0
425cf43d,663611.0,20521.0,madrini01,madrn001,Nick,Madrigal,1997.0,3.0,5.0,2020.0,2026.0
4271f421,668663.0,19977.0,barretr01,barrt004,Tres,Barrera,1994.0,9.0,15.0,2019.0,2023.0
4277e62e,656669.0,16424.0,luplojo01,luplj001,Jordan,Luplow,1993.0,9.0,26.0,2017.0,2023.0
428a0884,614173.0,14567.0,cordefr02,cordf003,Franchy,Cordero,1994.0,9.0,2.0,2017.0,2023.0
42abe3dc,663898.0,17907.0,rodgebr02,rodgb002,Brendan,Rodgers,1996.0,8.0,9.0,2019.0,2025.0
42de9b3f,669016.0,20202.0,marshbr02,marsb002,Brandon,Marsh,1997.0,12.0,18.0,2021.0,2026.0
43222d46,681297.0,29591.0,cowseco01,cowsc001,Colton,Cowser,2000.0,3.0,20.0,2023.0,2026.0
435d106c,609275.0,13769.0,mondera02,mondr003,Adalberto,Mondesí,1995.0,7.0,27.0,2016.0,2022.0
435dcf4d,680869.0,29766.0,gelofza01,geloz001,Zack,Gelof,1999.0,10.0,19.0,2023.0,2026.0
43d88135,681393.0,29592.0,norbyco01,norbc001,Connor,Norby,2000.0,6.0,8.0,2024.0,2026.0
45d62ce6,592518.0,11493.0,machama01,machm001,Manny,Machado,1992.0,7.0,6.0,2012.0,2026.0
46240207,573262.0,14854.0,yastrmi01,yastm001,Mike,Yastrzemski,1990.0,8.0,23.0,2019.0,2026.0
46939669,691781.0,29993.0,housebr01,housb001,Brady,House,2003.0,6.0,4.0,2025.0,2026.0
46acde22,660634.0,19432.0,hernayo02,herny003,Yonny,Hernández,1998.0,5.0,4.0,2021.0,2023.0
46e27a6f,650402.0,16997.0,torregl01,torrg001,Gleyber,Torres,1996.0,12.0,13.0,2018.0,2026.0
470ef909,543939.0,12532.0,wongko01,wongk001,Kolten,Wong,1990.0,10.0,10.0,2013.0,2023.0
4719594e,695681.0,34979.0,moorech03,moorc002,Christian,Moore,2002.0,10.0,21.0,2025.0,2026.0
47a4088e,678894.0,24273.0,pegueli01,pegul001,Liover,Peguero,2000.0,12.0,31.0,2022.0,2025.0
48149e83,676609.0,23401.0,cabaljo01,cabaj001,José,Caballero,1996.0,8.0,30.0,2023.0,2026.0
482239f5,676439.0,23372.0,feduchu01,feduh001,Hunter,Feduccia,1997.0,6.0,5.0,2024.0,2026.0
4828b852,678554.0,23986.0,meadcu01,meadc001,Curtis,Mead,2000.0,10.0,26.0,2023.0,2026.0
4835e745,670242.0,26466.0,wallnma01,wallm001,Matt,Wallner,1997.0,12.0,12.0,2022.0,2026.0
48ae5e9c,640457.0,15672.0,meadoau01,meada001,Austin,Meadows,1995.0,5.0,3.0,2018.0,2023.0
48c88445,622666.0,14950.0,camarjo01,camaj001,Johan,Camargo,1993.0,12.0,13.0,2017.0,2023.0
48dde7c6,683766.0,27653.0,kossch01,kossc001,Christian,Koss,1998.0,1.0,27.0,2025.0,2026.0
49c34556,592200.0,12510.0,casalcu01,casac001,Curt,Casali,1988.0,11.0,9.0,2014.0,2024.0
49e0a124,680574.0,29695.0,mclaima01,mclam001,Matt,McLain,1999.0,8.0,6.0,2023.0,2026.0
4ae4ef0f,541645.0,5760.0,garciav01,garca003,Avisaíl,García,1991.0,6.0,12.0,2012.0,2024.0
4b5fa8a7,802415.0,31912.0,simpsch01,simpc001,Chandler,Simpson,2000.0,11.0,18.0,2025.0,2026.0
4b6d5f1d,621439.0,14161.0,buxtoby01,buxtb001,Byron,Buxton,1993.0,12.0,18.0,2015.0,2026.0
4b81dfc2,669364.0,22266.0,edwarxa01,edwax001,Xavier,Edwards,1999.0,8.0,9.0,2023.0,2026.0
4baf096b,668751.0,22169.0,mitchca01,mitcc002,Cal,Mitchell,1999.0,3.0,8.0,2022.0,2023.0
4c61ea0d,678662.0,24064.0,tovarez01,tovae001,Ezequiel,Tovar,2001.0,8.0,1.0,2022.0,2026.0
4d662d6e,805367.0,31580.0,meidrch01,meidc001,Chase,Meidroth,2001.0,7.0,23.0,2025.0,2026.0
4d9ac392,701762.0,35110.0,kurtzni01,kurtn001,Nick,Kurtz,2003.0,3.0,12.0,2025.0,2026.0
4e36c31c,519058.0,4892.0,moustmi01,mousm001,Mike,Moustakas,1988.0,9.0,11.0,2011.0,2023.0
4efd1ad8,680779.0,29617.0,davishe01,davih001,Henry,Davis,1999.0,9.0,21.0,2023.0,2026.0
4fd70135,671289.0,22532.0,freemty01,freet001,Tyler,Freeman,1999.0,5.0,21.0,2022.0,2026.0
514c9fe3,592273.0,11615.0,drurybr01,drurb001,Brandon,Drury,1992.0,8.0,21.0,2015.0,2024.0
517a439c,676480.0,23378.0,garcijo02,garcj007,José,Barrero,1998.0,4.0,5.0,2020.0,2025.0
51b99378,663897.0,19931.0,willilu01,willl001,Luke,Williams,1996.0,8.0,9.0,2021.0,2026.0
51cc2a77,666134.0,20529.0,jonesno01,jonen002,Nolan,Jones,1998.0,5.0,7.0,2022.0,2025.0
5236c650,621545.0,19788.0,remilza01,remiz001,Zach,Remillard,1994.0,2.0,21.0,2023.0,2024.0
52671fd1,681807.0,24934.0,fryda01,fry-d001,David,Fry,1995.0,11.0,20.0,2023.0,2026.0
52db678d,681962.0,25040.0,capravi01,caprv001,Vinny,Capra,1996.0,7.0,7.0,2022.0,2025.0
530f3125,474568.0,6547.0,mercejo03,mercj002,Jordy,Mercer,1986.0,8.0,27.0,2012.0,2021.0
53331867,672275.0,27478.0,bailepa01,bailp001,Patrick,Bailey,1999.0,5.0,29.0,2023.0,2026.0
534f406c,677587.0,23690.0,rocchbr01,roccb001,Brayan,Rocchio,2001.0,1.0,13.0,2023.0,2026.0
53544a62,669304.0,20538.0,miranjo01,miraj002,José,Miranda,1998.0,6.0,29.0,2022.0,2025.0
5359c0df,592206.0,11737.0,casteni01,castn001,Nick,Castellanos,1992.0,3.0,4.0,2013.0,2026.0
5398c546,650859.0,19858.0,rengilu01,rengl001,Luis,Rengifo,1997.0,2.0,26.0,2019.0,2026.0
53c21320,669701.0,26396.0,smithjo11,smitj007,Josh,Smith,1997.0,8.0,7.0,2022.0,2026.0
53c2e856,666150.0,26149.0,fletcdo01,fletd003,Dominic,Fletcher,1997.0,9.0,2.0,2023.0,2025.0
54f917ef,622569.0,16357.0,reyespa01,reyep001,Pablo,Reyes,1993.0,9.0,5.0,2018.0,2025.0
551645c0,592567.0,16909.0,moranco01,morac001,Colin,Moran,1992.0,10.0,1.0,2016.0,2022.0
554b8710,676356.0,26365.0,delucjo01,deluj001,Jonny,DeLuca,1998.0,7.0,10.0,2023.0,2026.0
557e2162,514917.0,10556.0,hernace02,hernc005,César,Hernández,1990.0,5.0,23.0,2013.0,2022.0
55aba64e,664901.0,18889.0,mendida01,mendd002,Danny,Mendick,1993.0,9.0,28.0,2019.0,2024.0
55dca75f,664034.0,17982.0,francty01,frant002,Ty,France,1994.0,7.0,13.0,2019.0,2026.0
560dbcd9,642086.0,15653.0,smithdo02,smitd008,Dominic,Smith,1995.0,6.0,15.0,2017.0,2026.0
57763c63,641553.0,15082.0,engelad01,engea001,Adam,Engel,1991.0,12.0,9.0,2017.0,2023.0
57b837b2,607461.0,17710.0,beatyma01,beatm001,Matt,Beaty,1993.0,4.0,28.0,2019.0,2023.0
57e32373,501571.0,5384.0,lagarju01,lagaj001,Juan,Lagares,1989.0,3.0,17.0,2013.0,2022.0
58117e59,670042.0,19354.0,raleylu01,ralel001,Luke,Raley,1994.0,9.0,19.0,2021.0,2026.0
58b158bc,686948.0,31539.0,baldwdr01,baldd001,Drake,Baldwin,2001.0,3.0,28.0,2025.0,2026.0
58cc7e8c,669236.0,22239.0,jacksje02,jackj002,Jeremiah,Jackson,2000.0,3.0,26.0,2025.0,2026.0
58d99fad,545341.0,10243.0,grichra01,gricr001,Randal,Grichuk,1991.0,8.0,13.0,2014.0,2026.0
59255f80,669911.0,25845.0,toglimi01,toglm001,Michael,Toglia,1998.0,8.0,16.0,2022.0,2025.0
592ea21e,572761.0,8090.0,carpema01,carpm002,Matt,Carpenter,1985.0,11.0,26.0,2011.0,2024.0
597fbaad,546991.0,14109.0,almoral01,almoa002,Albert,Almora,1994.0,4.0,16.0,2016.0,2022.0
5a0d3e4c,666023.0,21840.0,fermifr01,fermf002,Freddy,Fermin,1995.0,5.0,16.0,2022.0,2026.0
5a55ac62,655316.0,19455.0,monasan01,monaa001,Andruw,Monasterio,1997.0,5.0,30.0,2023.0,2026.0
5a6e870b,681508.0,24759.0,gaspemi01,gaspm001,Mickey,Gasper,1995.0,10.0,11.0,2024.0,2026.0
5ae83298,608703.0,13788.0,reynoma03,reynm003,Matt,Reynolds,1990.0,12.0,3.0,2016.0,2023.0
5b539e20,641645.0,16451.0,guilllu01,guill001,Luis,Guillorme,1994.0,9.0,27.0,2018.0,2025.0
5b59d4fe,676391.0,20352.0,clemeer01,cleme002,Ernie,Clement,1996.0,3.0,22.0,2021.0,2026.0
5c1c52b0,656180.0,19864.0,adamsri03,adamr004,Riley,Adams,1996.0,6.0,26.0,2021.0,2025.0
5c63cf74,602074.0,15794.0,dazayo01,dazay001,Yonathan,Daza,1994.0,2.0,28.0,2019.0,2023.0
5c8ffaf7,687093.0,26031.0,grissva01,grisv001,Vaughn,Grissom,2001.0,1.0,5.0,2022.0,2026.0
5cc7dfe3,691019.0,33549.0,teelky01,teelk001,Kyle,Teel,2002.0,2.0,15.0,2025.0,2026.0
5ce841fc,656847.0,19348.0,peterdj01,peted004,DJ,Peters,1995.0,12.0,12.0,2021.0,2021.0
5d335b7c,669357.0,22263.0,gormano01,gormn001,Nolan,Gorman,2000.0,5.0,10.0,2022.0,2026.0
5dbce5bf,807799.0,31837.0,yoshima02,yoshm002,Masataka,Yoshida,1993.0,7.0,15.0,2023.0,2026.0
5de74ef4,571771.0,10472.0,hernaen02,herne001,Enrique,Hernández,1991.0,8.0,24.0,2014.0,2026.0
5e65a6ae,673548.0,30116.0,suzukse01,suzus001,Seiya,Suzuki,1994.0,8.0,18.0,2022.0,2026.0
5e79a71c,805300.0,31370.0,marseja01,marsj002,Jakob,Marsee,2001.0,6.0,28.0,2025.0,2026.0
5eb66cf4,643265.0,15279.0,coopega03,coopg002,Garrett,Cooper,1990.0,12.0,25.0,2017.0,2024.0
5f1309e7,605421.0,12977.0,perezmi03,perem005,Michael,Pérez,1992.0,8.0,7.0,2018.0,2023.0
5f6323d1,571788.0,9345.0,holtbr01,holtb002,Brock,Holt,1988.0,6.0,11.0,2012.0,2021.0
5f9ba76d,660757.0,20970.0,gonzaos01,gonzo001,Oscar,González,1998.0,1.0,10.0,2022.0,2025.0
605248a6,666464.0,21871.0,encarje01,encaj002,Jerar,Encarnacion,1997.0,10.0,22.0,2022.0,2026.0
60e5ec60,686668.0,25479.0,doylebr02,doylb001,Brenton,Doyle,1998.0,5.0,14.0,2023.0,2026.0
613e9d5c,673451.0,27461.0,akiyash01,akiys001,Shogo,Akiyama,1988.0,4.0,16.0,2020.0,2021.0
614e49ad,694359.0,29782.0,kavadni01,kavan001,Niko,Kavadas,1998.0,10.0,27.0,2024.0,2025.0
64445c21,669326.0,29524.0,teodobr01,teodb001,Bryce,Teodosio,1999.0,6.0,18.0,2024.0,2026.0
64dfeef1,650490.0,16578.0,diazya01,diazy001,Yandy,Díaz,1991.0,8.0,8.0,2017.0,2026.0
65146d65,663845.0,21560.0,rivasal01,rivaa001,Alfonso,Rivas,1996.0,9.0,13.0,2021.0,2023.0
6596c8a7,664238.0,18042.0,mooredy01,moord002,Dylan,Moore,1992.0,8.0,2.0,2019.0,2026.0
659f674e,682928.0,25768.0,abramcj01,abrac001,CJ,Abrams,2000.0,10.0,3.0,2022.0,2026.0
65c98c07,690987.0,27482.0,hassero02,hassr002,Robert,Hassell,2001.0,8.0,15.0,2025.0,2025.0
65e6cf19,571970.0,13301.0,muncyma01,muncm001,Max,Muncy,1990.0,8.0,25.0,2015.0,2026.0
665cc19a,667670.0,19627.0,rookebr01,rookb001,Brent,Rooker,1994.0,11.0,1.0,2020.0,2026.0
66b8643d,467793.0,2396.0,santaca01,santc002,Carlos,Santana,1986.0,4.0,8.0,2010.0,2026.0
66ef148b,642851.0,15271.0,wynnsau01,wynna001,Austin,Wynns,1990.0,12.0,10.0,2018.0,2026.0
6731e251,641857.0,15112.0,mcmahry01,mcmar001,Ryan,McMahon,1994.0,12.0,14.0,2017.0,2026.0
68405d9b,677950.0,23792.0,thomaal01,thoma004,Alek,Thomas,2000.0,4.0,28.0,2022.0,2026.0
68466eb4,596847.0,5452.0,choiji01,choij001,Ji Man,Choi,1991.0,5.0,19.0,2016.0,2023.0
68556f19,621563.0,13853.0,wendljo01,wendj002,Joey,Wendle,1990.0,4.0,26.0,2016.0,2024.0
68b2bcf7,621433.0,14735.0,phillbr02,philb002,Brett,Phillips,1994.0,5.0,30.0,2017.0,2023.0
68d9b6e8,642423.0,17023.0,sierrma01,sierm002,Magneuris,Sierra,1996.0,4.0,7.0,2017.0,2022.0
69285de8,643393.0,14894.0,kempto01,kempt001,Tony,Kemp,1991.0,10.0,31.0,2016.0,2024.0
699924e2,519390.0,5000.0,vogtst01,vogts001,Stephen,Vogt,1984.0,11.0,1.0,2012.0,2022.0
69eedffa,640461.0,15191.0,pindech01,pindc001,Chad,Pinder,1992.0,3.0,29.0,2016.0,2022.0
69f1457a,664702.0,17620.0,strawmy01,stram002,Myles,Straw,1994.0,10.0,17.0,2018.0,2026.0
69fcce71,689172.0,27735.0,wiselbr01,wiseb001,Brett,Wisely,1999.0,5.0,8.0,2023.0,2025.0
6a4dff11,572122.0,9785.0,seageky01,seagk001,Kyle,Seager,1987.0,11.0,3.0,2011.0,2021.0
6a5df1e4,592696.0,12155.0,rosared01,rosae001,Eddie,Rosario,1991.0,9.0,28.0,2015.0,2025.0
6a64fbf4,570482.0,10681.0,urshegi01,urshg001,Gio,Urshela,1991.0,10.0,11.0,2015.0,2025.0
6abe077d,670541.0,19556.0,alvaryo01,alvay001,Yordan,Álvarez,1997.0,6.0,27.0,2019.0,2026.0
6b37a7f2,502671.0,9218.0,goldspa01,goldp001,Paul,Goldschmidt,1987.0,9.0,10.0,2011.0,2026.0
6b3d4f0c,668804.0,19326.0,reynobr01,reynb001,Bryan,Reynolds,1995.0,1.0,27.0,2019.0,2026.0
6b5d784d,694384.0,33189.0,schanno01,schan001,Nolan,Schanuel,2002.0,2.0,14.0,2023.0,2026.0
6b72d623,488671.0,7476.0,avilaal01,avila001,Alex,Avila,1987.0,1.0,29.0,2009.0,2021.0
6b93448c,656308.0,17321.0,chavimi01,chavm001,Michael,Chavis,1995.0,8.0,11.0,2019.0,2023.0
6bf7b25c,663886.0,17988.0,stephty01,stept001,Tyler,Stephenson,1996.0,8.0,16.0,2020.0,2026.0
6cb7b855,666158.0,19955.0,luxga01,lux-g001,Gavin,Lux,1997.0,11.0,23.0,2019.0,2025.0
6cdb363e,673237.0,23003.0,diazya02,diazy004,Yainer,Diaz,1998.0,9.0,21.0,2022.0,2026.0
6d0c2e4f,665161.0,21636.0,penaje02,penaj004,Jeremy,Peña,1997.0,9.0,22.0,2022.0,2026.0
6d136ca4,640458.0,16375.0,mercaos01,merco003,Óscar,Mercado,1994.0,12.0,16.0,2019.0,2023.0
6d141f51,694497.0,27790.0,carteev01,carte001,Evan,Carter,2002.0,8.0,29.0,2023.0,2026.0
6d1b2722,670223.0,27845.0,mervima01,mervm001,Matt,Mervis,1998.0,4.0,16.0,2023.0,2025.0
6d4734b4,606157.0,15482.0,aquinar01,aquia001,Aristides,Aquino,1994.0,4.0,22.0,2018.0,2022.0
6d700e8a,642180.0,15730.0,wadety01,wadet002,Tyler,Wade,1994.0,11.0,23.0,2017.0,2025.0
6e20abd5,516770.0,4579.0,castrst01,casts001,Starlin,Castro,1990.0,3.0,24.0,2010.0,2021.0
6e62bd4f,502054.0,2967.0,phamth01,phamt001,Tommy,Pham,1988.0,3.0,8.0,2014.0,2026.0
6e6ea4f3,518792.0,4940.0,heywaja01,heywj001,Jason,Heyward,1989.0,8.0,9.0,2010.0,2025.0
6eab178b,592444.0,14818.0,jonesja07,jonej006,JaCoby,Jones,1992.0,5.0,10.0,2016.0,2021.0
6f24950c,667472.0,22054.0,myersda01,myerd001,Dane,Myers,1996.0,3.0,8.0,2023.0,2026.0
6f6c11d6,656976.0,19892.0,smithpa04,smitp002,Pavin,Smith,1996.0,2.0,6.0,2020.0,2026.0
6f8c5e3c,571740.0,10199.0,hamilbi02,hamib001,Billy,Hamilton,1990.0,9.0,9.0,2013.0,2023.0
6f9ae0cb,621311.0,13744.0,dahlda01,dahld001,David,Dahl,1994.0,4.0,1.0,2016.0,2024.0
7040e198,518586.0,3298.0,culbech01,culbc001,Charlie,Culberson,1989.0,4.0,10.0,2012.0,2023.0
706fb7e4,676694.0,20308.0,meyerja02,meyej002,Jake,Meyers,1996.0,6.0,18.0,2021.0,2026.0
707cdf6c,660829.0,18027.0,parkho01,parkh001,Hoy,Park,1996.0,4.0,7.0,2021.0,2022.0
70a964a2,682988.0,31396.0,locklty01,lockt001,Tyler,Locklear,2000.0,11.0,24.0,2024.0,2026.0
70ca4045,660766.0,18400.0,yepezju01,yepej001,Juan,Yepez,1998.0,2.0,19.0,2022.0,2024.0
70ce5021,805373.0,31765.0,alvarna01,alvan001,Nacho,Alvarez,2003.0,4.0,11.0,2024.0,2025.0
70dd19e5,672761.0,22857.0,perezwe01,perew002,Wenceel,Pérez,1999.0,10.0,30.0,2024.0,2026.0
70f4cf84,670351.0,19331.0,rojasjo02,rojaj002,José,Rojas,1993.0,2.0,24.0,2021.0,2022.0
715221b5,672580.0,22715.0,garcima01,garcm003,Maikel,García,2000.0,3.0,3.0,2022.0,2026.0
7246a254,810938.0,33197.0,willibe03,willb004,Ben,Williamson,2000.0,11.0,5.0,2025.0,2026.0
72a42566,668472.0,22117.0,prattni01,pratn001,Nick,Pratto,1998.0,10.0,6.0,2022.0,2024.0
72f6f665,457763.0,9166.0,poseybu01,poseb001,Buster,Posey,1987.0,3.0,27.0,2009.0,2021.0
730d0a1a,682657.0,26540.0,martian02,marta008,Angel,Martínez,2002.0,1.0,27.0,2024.0,2026.0
7322c14f,682626.0,26121.0,alvarfr01,alvaf001,Francisco,Álvarez,2001.0,11.0,19.0,2022.0,2026.0
73dd747b,608369.0,13624.0,seageco01,seagc001,Corey,Seager,1994.0,4.0,27.0,2015.0,2026.0
74e4a496,624512.0,15674.0,mcguire01,mcgur002,Reese,McGuire,1995.0,3.0,2.0,2018.0,2026.0
74fc43a2,662139.0,19918.0,varshda01,varsd001,Daulton,Varsho,1996.0,7.0,2.0,2020.0,2026.0
7631bdc6,669720.0,19363.0,haysau01,haysa001,Austin,Hays,1995.0,7.0,5.0,2017.0,2026.0
7693e818,644374.0,14773.0,changyu01,chany001,Yu,Chang,1995.0,8.0,18.0,2019.0,2023.0
76d31fbd,641933.0,15711.0,oneilty01,oneit001,Tyler,O'Neill,1995.0,6.0,22.0,2018.0,2026.0
76d9fda9,592885.0,11477.0,yelicch01,yelic001,Christian,Yelich,1991.0,12.0,5.0,2013.0,2026.0
76e29709,542454.0,10322.0,santada01,santd001,Danny,Santana,1990.0,11.0,7.0,2014.0,2021.0
774472f3,687799.0,25505.0,marloca01,marlc001,Cade,Marlowe,1997.0,6.0,24.0,2023.0,2024.0
77b5acc3,645444.0,17040.0,herrejo04,herrj003,José,Herrera,1997.0,2.0,24.0,2022.0,2025.0
787b2ac6,650489.0,17338.0,castrwi01,castw003,Willi,Castro,1997.0,4.0,24.0,2019.0,2026.0
790b568f,666163.0,20287.0,rortvbe01,rortb001,Ben,Rortvedt,1997.0,9.0,25.0,2021.0,2025.0
7a0ac8cc,503556.0,5497.0,gonzama01,gonzm002,Marwin,González,1989.0,3.0,14.0,2012.0,2022.0
7a76b501,543257.0,5254.0,grossro01,grosr001,Robbie,Grossman,1989.0,9.0,16.0,2013.0,2024.0
7b084b1d,656811.0,16442.0,ohearry01,ohear001,Ryan,O'Hearn,1993.0,7.0,26.0,2018.0,2026.0
7b8bd81f,641487.0,15491.0,crawfjp01,crawj002,J. P.,Crawford,1995.0,1.0,11.0,2017.0,2026.0
7ba8f9ac,607208.0,16252.0,turnetr01,turnt001,Trea,Turner,1993.0,6.0,30.0,2015.0,2026.0
7caae4be,680474.0,24488.0,schuema01,schum002,Max,Schuemann,1997.0,6.0,11.0,2024.0,2026.0
7d9cbe12,572233.0,13419.0,walkech02,walkc002,Christian,Walker,1991.0,3.0,28.0,2014.0,2026.0
7de40bd0,657077.0,17027.0,verdual01,verda001,Alex,Verdugo,1996.0,5.0,15.0,2017.0,2025.0
7eaa8a6b,642215.0,19358.0,wilsowe01,wilsw002,Weston,Wilson,1994.0,9.0,11.0,2023.0,2026.0
7f114ac2,677592.0,23695.0,pereiev01,peree005,Everson,Pereira,2001.0,4.0,10.0,2023.0,2026.0
7f596a85,664731.0,18433.0,higgipj01,higgp001,P. J.,Higgins,1993.0,5.0,10.0,2021.0,2026.0
7f641c08,543685.0,12861.0,rendoan01,renda001,Anthony,Rendon,1990.0,6.0,6.0,2013.0,2024.0
7f7dd44c,621006.0,17736.0,martiri01,martr006,Richie,Martin,1994.0,12.0,22.0,2019.0,2022.0
8080aa83,547004.0,14103.0,ruizri01,ruizr002,Rio,Ruiz,1994.0,5.0,22.0,2016.0,2021.0
80aea907,622761.0,17273.0,mateojo01,matej003,Jorge,Mateo,1995.0,6.0,23.0,2020.0,2026.0
80de5342,553902.0,15608.0,astudwi01,astuw001,Willians,Astudillo,1991.0,10.0,14.0,2018.0,2022.0
812c9b21,691176.0,28080.0,dominja01,domij003,Jasson,Domínguez,2003.0,2.0,7.0,2023.0,2026.0
8177caac,545358.0,10059.0,stassma01,stasm001,Max,Stassi,1991.0,3.0,15.0,2013.0,2022.0
818131ee,596117.0,18067.0,stubbga01,stubg001,Garrett,Stubbs,1993.0,5.0,26.0,2019.0,2026.0
8188888f,665926.0,19950.0,gimenan01,gimea001,Andrés,Giménez,1998.0,9.0,4.0,2020.0,2026.0
822e8fd1,668930.0,22186.0,turanbr02,turab002,Brice,Turang,1999.0,11.0,21.0,2023.0,2026.0
828fca73,657136.0,19896.0,wongco01,wongc001,Connor,Wong,1996.0,5.0,19.0,2021.0,2026.0
82eb9d9a,657709.0,21386.0,papiemi01,papim001,Michael,Papierski,1996.0,2.0,26.0,2022.0,2022.0
832a7134,677800.0,23772.0,abreuwi02,abrew002,Wilyer,Abreu,1999.0,6.0,24.0,2023.0,2026.0
83e3e806,543877.0,9774.0,vazquch01,vazqc001,Christian,Vázquez,1990.0,8.0,21.0,2014.0,2026.0
84c91f94,665953.0,21797.0,chapaan01,chapa002,Andrés,Chaparro,1999.0,5.0,4.0,2024.0,2026.0
85034516,669707.0,25807.0,triolja01,trioj001,Jared,Triolo,1998.0,2.0,8.0,2023.0,2026.0
8561fb03,664789.0,18136.0,tomka01,tom-k001,Ka'ai,Tom,1994.0,5.0,29.0,2021.0,2022.0
85f3b9a9,668904.0,20437.0,lewisro02,lewir003,Royce,Lewis,1999.0,6.0,5.0,2022.0,2026.0
8605b494,682985.0,25976.0,greenri03,greer003,Riley,Greene,2000.0,9.0,28.0,2022.0,2026.0
861cbeaa,687231.0,26224.0,hernada04,hernd006,Darell,Hernaiz,2001.0,8.0,3.0,2024.0,2026.0
8645de29,691594.0,28253.0,sanojja01,sanoj001,Javier,Sanoja,2002.0,9.0,3.0,2024.0,2026.0
8651c006,676701.0,20056.0,trejoal01,treja001,Alan,Trejo,1996.0,5.0,30.0,2021.0,2025.0
87574107,593934.0,12164.0,sanomi01,sanom001,Miguel,Sanó,1993.0,5.0,11.0,2015.0,2024.0
878c025c,696285.0,29931.0,youngja03,younj004,Jacob,Young,1999.0,7.0,27.0,2023.0,2026.0
87f6986b,519317.0,4949.0,stantmi03,stanm004,Giancarlo,Stanton,1989.0,11.0,8.0,2010.0,2026.0
88154183,664314.0,19151.0,flories01,flore001,Estevan,Florial,1997.0,11.0,25.0,2020.0,2024.0
88397c2a,656371.0,17922.0,diazis01,diazi001,Isan,Díaz,1996.0,5.0,27.0,2019.0,2023.0
88540d66,663604.0,21496.0,lockrbr01,lockb001,Brandon,Lockridge,1997.0,3.0,14.0,2024.0,2026.0
88d33450,624641.0,17022.0,sosaed01,sosae001,Edmundo,Sosa,1996.0,3.0,6.0,2018.0,2026.0
89048053,578428.0,10231.0,iglesjo01,iglej001,Jose,Iglesias,1990.0,1.0,5.0,2011.0,2025.0
8952b4f5,656252.0,17278.0,bradlbo01,bradb002,Bobby,Bradley,1996.0,5.0,29.0,2019.0,2022.0
89993d7d,666139.0,19953.0,lowejo01,lowej002,Josh,Lowe,1998.0,2.0,2.0,2021.0,2026.0
89cc0c28,547379.0,2900.0,perezro02,perer003,Roberto,Pérez,1988.0,12.0,23.0,2014.0,2023.0
8a617cf2,700250.0,29576.0,ricebe01,riceb001,Ben,Rice,1999.0,2.0,22.0,2024.0,2026.0
8a8f1711,672356.0,22563.0,ariasga01,ariag002,Gabriel,Arias,2000.0,2.0,27.0,2022.0,2026.0
8a997df1,641786.0,19508.0,lewisky01,lewik001,Kyle,Lewis,1995.0,7.0,13.0,2019.0,2023.0
8ab80f5b,681624.0,24816.0,pagesan01,pagea001,Andy,Pages,2000.0,12.0,8.0,2024.0,2026.0
8b0ef2c7,641313.0,15172.0,anderti01,andet001,Tim,Anderson,1993.0,6.0,23.0,2016.0,2025.0
8b19aa20,701358.0,35108.0,smithca07,smitc010,Cam,Smith,2003.0,2.0,22.0,2025.0,2026.0
8b2cf761,624424.0,16376.0,confomi01,confm001,Michael,Conforto,1993.0,3.0,1.0,2015.0,2026.0
8b67bdca,671732.0,22542.0,butlela01,butll001,Lawrence,Butler,2000.0,7.0,10.0,2023.0,2026.0
8b7c404b,425877.0,7007.0,molinya01,moliy001,Yadier,Molina,1982.0,7.0,13.0,2004.0,2022.0
8bdd1450,650559.0,19600.0,delacbr01,delab001,Bryan,De La Cruz,1996.0,12.0,16.0,2021.0,2026.0
8be947cf,624415.0,19252.0,biggica01,biggc002,Cavan,Biggio,1995.0,4.0,11.0,2019.0,2025.0
8c04349e,696030.0,27915.0,osunaal02,osuna003,Alejandro,Osuna,2002.0,10.0,10.0,2025.0,2026.0
8c19f251,650968.0,18848.0,pozoyo01,pozoy001,Yohel,Pozo,1997.0,6.0,14.0,2021.0,2026.0
8c1c5a6d,666624.0,21897.0,morelch01,morec001,Christopher,Morel,1999.0,6.0,24.0,2022.0,2026.0
8c9802d5,596748.0,12179.0,francma02,franm004,Maikel,Franco,1992.0,8.0,26.0,2014.0,2022.0
8cfe7aa5,667452.0,20311.0,julksco01,julkc001,Corey,Julks,1996.0,2.0,27.0,2023.0,2025.0
8d356f58,686555.0,25477.0,colliis01,colli001,Isaac,Collins,1997.0,7.0,22.0,2024.0,2026.0
8debd41f,672724.0,22823.0,perazos02,perao002,Oswald,Peraza,2000.0,6.0,15.0,2022.0,2026.0
8df41830,621466.0,17766.0,stewadj01,stewd002,DJ,Stewart,1993.0,11.0,30.0,2018.0,2024.0
8e34e223,660707.0,20543.0,monteel01,monte001,Elehuris,Montero,1998.0,8.0,17.0,2022.0,2024.0
8e550d12,693307.0,27464.0,dingldi01,dingd001,Dillon,Dingler,1998.0,9.0,17.0,2024.0,2026.0
8e78d7ca,668832.0,25575.0,mccanky01,mccak004,Kyle,McCann,1997.0,12.0,2.0,2024.0,2024.0
8eeedad0,543510.0,12859.0,mccanja02,mccaj001,James,McCann,1990.0,6.0,13.0,2014.0,2026.0
90078695,643524.0,15351.0,schwifr01,schwf001,Frank,Schwindel,1992.0,6.0,29.0,2019.0,2022.0
90083a6f,678246.0,20178.0,vargami01,vargm001,Miguel,Vargas,1999.0,11.0,17.0,2022.0,2026.0
9037e817,666397.0,27534.0,julieed01,julie001,Edouard,Julien,1999.0,4.0,30.0,2023.0,2026.0
905f884b,680776.0,24617.0,duranja01,duraj001,Jarren,Duran,1996.0,9.0,5.0,2021.0,2026.0
910d1ca4,646240.0,17350.0,deverra01,dever001,Rafael,Devers,1996.0,10.0,24.0,2017.0,2026.0
9132d6fc,692585.0,28552.0,fernaya01,ferny001,Yanquiel,Fernández,2003.0,1.0,1.0,2025.0,2025.0
917b2744,670231.0,26284.0,ravejo01,ravej001,John,Rave,1997.0,12.0,30.0,2025.0,2026.0
92a05b76,596129.0,14130.0,vogelda01,voged001,Dan,Vogelbach,1992.0,12.0,17.0,2016.0,2024.0
92ecb68a,506702.0,5273.0,leonsa01,leons001,Sandy,León,1989.0,3.0,13.0,2012.0,2026.0
93df872d,547989.0,15676.0,abreujo02,abrej003,José,Abreu,1987.0,1.0,29.0,2014.0,2024.0
94144588,502110.0,6184.0,martijd02,martj006,J. D.,Martinez,1987.0,8.0,21.0,2011.0,2024.0
941d607b,669289.0,19997.0,espinsa01,espis001,Santiago,Espinal,1994.0,11.0,13.0,2020.0,2026.0
942bc316,691785.0,29668.0,mayerma01,mayem002,Marcelo,Mayer,2002.0,12.0,12.0,2025.0,2026.0
9480c376,687529.0,25690.0,mccragr01,mccrg001,Grant,McCray,2000.0,12.0,7.0,2024.0,2026.0
94ed96a5,640492.0,18821.0,azocajo01,azocj001,José,Azócar,1996.0,5.0,11.0,2022.0,2026.0
9520bd9a,687462.0,26477.0,horwisp01,horws001,Spencer,Horwitz,1997.0,11.0,14.0,2023.0,2026.0
956d796e,680777.0,24618.0,jeffery01,jeffr002,Ryan,Jeffers,1997.0,6.0,3.0,2020.0,2026.0
95b86cc1,669261.0,22244.0,suwinja01,suwij001,Jack,Suwinski,1998.0,7.0,29.0,2022.0,2025.0
95c1bfe2,641470.0,19181.0,colliza01,collz001,Zack,Collins,1995.0,2.0,6.0,2019.0,2023.0
961b4f7c,641680.0,16930.0,heimjo01,heimj001,Jonah,Heim,1995.0,6.0,27.0,2020.0,2026.0
969737fb,592663.0,11739.0,realmjt01,realj001,J. T.,Realmuto,1991.0,3.0,18.0,2014.0,2026.0
96b67868,691182.0,27962.0,amadoad01,amada001,Adael,Amador,2003.0,4.0,11.0,2024.0,2025.0
97740c10,628338.0,18721.0,heredgu01,hereg002,Guillermo,Heredia,1991.0,1.0,31.0,2016.0,2022.0
97a7462f,694374.0,29571.0,tawati01,tawat001,Tim,Tawa,1999.0,4.0,7.0,2025.0,2026.0
98252b93,666176.0,20220.0,adelljo01,adelj001,Jo,Adell,1999.0,4.0,8.0,2020.0,2026.0
984393c9,677594.0,23697.0,rodriju01,rodrj007,Julio,Rodríguez,2000.0,12.0,29.0,2022.0,2026.0
98527e8c,680757.0,24610.0,kwanst01,kwans001,Steven,Kwan,1997.0,9.0,5.0,2022.0,2026.0
990384cb,545350.0,11339.0,marisja01,marij002,Jake,Marisnick,1991.0,3.0,30.0,2013.0,2023.0
990a80f3,691720.0,33252.0,karroky01,karrk001,Kyle,Karros,2002.0,7.0,26.0,2025.0,2026.0
991e26af,664913.0,18171.0,brownse01,brows003,Seth,Brown,1992.0,7.0,13.0,2019.0,2025.0
99392937,664056.0,18030.0,baderha01,badeh001,Harrison,Bader,1994.0,6.0,3.0,2017.0,2026.0
993b4079,682729.0,26599.0,clasejo01,clasj001,Jonatan,Clase,2002.0,5.0,23.0,2024.0,2026.0
996f2f46,452678.0,4962.0,cabreas01,cabra002,Asdrúbal,Cabrera,1985.0,11.0,13.0,2007.0,2021.0
99837e34,664761.0,21618.0,bohmal01,bohma001,Alec,Bohm,1996.0,8.0,3.0,2020.0,2026.0
99a4bac3,691023.0,27475.0,walkejo02,walkj003,Jordan,Walker,2002.0,5.0,22.0,2023.0,2026.0
99c490f1,687263.0,31347.0,netoza01,netoz001,Zach,Neto,2001.0,1.0,31.0,2023.0,2026.0
99d1d2cf,595943.0,12950.0,evansph01,evanp001,Phillip,Evans,1992.0,9.0,10.0,2017.0,2021.0
9ad51ee7,641343.0,15194.0,bauerja01,bauej001,Jake,Bauers,1995.0,10.0,6.0,2018.0,2026.0
9b9869ec,681146.0,24703.0,bridejo01,bridj001,Jonah,Bride,1995.0,12.0,27.0,2022.0,2025.0
9c38fff5,663586.0,18360.0,rileyau01,rilea001,Austin,Riley,1997.0,4.0,2.0,2019.0,2026.0
9c7a27e7,702358.0,31567.0,lipsctr01,lipst001,Trey,Lipscomb,2000.0,6.0,14.0,2024.0,2025.0
9cfad85e,501303.0,8418.0,adriaeh01,adrie001,Ehire,Adrianza,1989.0,8.0,21.0,2013.0,2024.0
9d0be9c2,649966.0,16622.0,uriaslu01,urial001,Luis,Urías,1997.0,6.0,3.0,2018.0,2026.0
9d9912b0,695578.0,29518.0,woodja03,woodj004,James,Wood,2002.0,9.0,17.0,2024.0,2026.0
9dc51e67,664670.0,21127.0,lopezal03,lopea005,Alejo,López,1996.0,5.0,5.0,2021.0,2023.0
9dd8ae07,488771.0,8722.0,castrja01,castj006,Jason,Castro,1987.0,6.0,18.0,2010.0,2022.0
9e2ac12b,657061.0,17326.0,tuckeco01,tuckc001,Cole,Tucker,1996.0,7.0,3.0,2019.0,2024.0
9ed1043f,621438.0,13675.0,tayloty01,taylt002,Tyrone,Taylor,1994.0,1.0,22.0,2019.0,2026.0
9f28b551,664874.0,18887.0,zavalse01,zavas001,Seby,Zavala,1993.0,8.0,28.0,2019.0,2024.0
9f4721ab,458015.0,4314.0,vottojo01,vottj001,Joey,Votto,1983.0,9.0,10.0,2007.0,2023.0
9f6f980c,501659.0,5486.0,almonab01,almoa001,Abraham,Almonte,1989.0,6.0,27.0,2013.0,2023.0
9f811bb1,678882.0,24262.0,rafaece01,rafac001,Ceddanne,Rafaela,2000.0,9.0,18.0,2023.0,2026.0
9f9b5610,643446.0,15362.0,mcneije01,mcnej002,Jeff,McNeil,1992.0,4.0,8.0,2018.0,2026.0
9f9f21fa,691406.0,28163.0,caminju01,camij001,Junior,Caminero,2003.0,7.0,5.0,2023.0,2026.0
9ff584c8,600303.0,12371.0,lasteto01,lastt001,Tommy,La Stella,1989.0,1.0,31.0,2014.0,2023.0
a0160fd2,660844.0,21009.0,rivasle01,rival002,Leo,Rivas,1997.0,10.0,10.0,2024.0,2026.0
a037bacd,657108.0,20078.0,whiteev01,white005,Evan,White,1996.0,4.0,26.0,2020.0,2021.0
a149a141,676369.0,23359.0,velazne01,velan001,Nelson,Velázquez,1998.0,12.0,26.0,2022.0,2026.0
a1b0b3d8,672744.0,22842.0,canaral01,canaa001,Alexander,Canario,2000.0,5.0,7.0,2023.0,2025.0
a1f9b20b,660162.0,17232.0,moncayo01,moncy001,Yoán,Moncada,1995.0,5.0,27.0,2016.0,2026.0
a22ea982,807712.0,33321.0,keasclu01,keasl001,Luke,Keaschall,2002.0,8.0,15.0,2025.0,2026.0
a260dfaa,691718.0,27769.0,crowape01,crowp001,Pete,Crow-Armstrong,2002.0,3.0,25.0,2023.0,2026.0
a35a0f32,488726.0,4106.0,brantmi02,branm003,Michael,Brantley,1987.0,5.0,15.0,2009.0,2023.0
a36b116c,682668.0,26548.0,acunajo01,acunl001,Luisangel,Acuña,2002.0,3.0,12.0,2024.0,2026.0
a3a58791,596142.0,11442.0,sanchga02,sancg002,Gary,Sánchez,1992.0,12.0,2.0,2015.0,2026.0
a3dbb4f4,688363.0,31363.0,paulegr01,paulg001,Graham,Pauley,2000.0,9.0,24.0,2024.0,2026.0
a4467e48,500871.0,6153.0,escobed01,escoe001,Eduardo,Escobar,1989.0,1.0,5.0,2011.0,2023.0
a4a40acd,670770.0,19522.0,friedtj01,friet001,TJ,Friedl,1995.0,8.0,14.0,2021.0,2026.0
a4e8f44e,663728.0,21534.0,raleica01,ralec001,Cal,Raleigh,1996.0,11.0,26.0,2021.0,2026.0
a5037e60,641598.0,15161.0,garvemi01,garvm001,Mitch,Garver,1991.0,1.0,15.0,2017.0,2026.0
a51cdc78,621512.0,13755.0,nidoto01,nidot001,Tomás,Nido,1994.0,4.0,12.0,2017.0,2025.0
a53ae65a,675656.0,20242.0,smithke05,smitk003,Kevin,Smith,1996.0,7.0,4.0,2021.0,2024.0
a557a5ef,665489.0,19611.0,guerrvl02,guerv002,Vladimir,Guerrero,1999.0,3.0,16.0,2019.0,2026.0
a631bf89,695336.0,27883.0,saggeth01,saggt001,Thomas,Saggese,2002.0,4.0,10.0,2024.0,2026.0
a74a7805,643565.0,15274.0,tauchmi01,taucm001,Mike,Tauchman,1990.0,12.0,3.0,2017.0,2025.0
a761c954,676475.0,27615.0,burleal01,burla001,Alec,Burleson,1998.0,11.0,25.0,2022.0,2026.0
a7a08579,641820.0,15149.0,mancitr01,manct001,Trey,Mancini,1992.0,3.0,18.0,2016.0,2026.0
a7f1d46c,592530.0,15767.0,marmojo01,marmj001,José,Marmolejos,1993.0,1.0,2.0,2020.0,2021.0
a7ffba2f,669374.0,20003.0,hiurake01,hiurk001,Keston,Hiura,1996.0,8.0,2.0,2019.0,2025.0
a8298e85,596019.0,12916.0,lindofr01,lindf001,Francisco,Lindor,1993.0,11.0,14.0,2015.0,2026.0
a83f4eb2,665839.0,21716.0,valdeen01,valde002,Enmanuel,Valdez,1998.0,12.0,28.0,2023.0,2025.0
a875e87a,605612.0,14691.0,castrha01,casth001,Harold,Castro,1993.0,11.0,30.0,2018.0,2023.0
a8ab3a05,679845.0,27630.0,loftini01,loftn001,Nick,Loftin,1998.0,9.0,25.0,2023.0,2026.0
a94de2c8,608686.0,15402.0,mayfija01,mayfj001,Jack,Mayfield,1990.0,9.0,30.0,2019.0,2022.0
aa8de147,502481.0,4866.0,dysonja01,dysoj001,Jarrod,Dyson,1984.0,8.0,15.0,2010.0,2021.0
aad23cca,665506.0,19948.0,pachecr01,pachc001,Cristian,Pache,1998.0,11.0,19.0,2020.0,2024.0
ab5ec321,677870.0,23782.0,jimenle01,jimel003,Leo,Jimenez,2001.0,5.0,17.0,2024.0,2026.0
ab704172,493329.0,19198.0,gourryu01,gurry001,Yuli,Gurriel,1984.0,6.0,9.0,2016.0,2025.0
ab88c8ed,700246.0,30038.0,willica02,willc002,Carson,Williams,2003.0,6.0,25.0,2025.0,2026.0
aba03617,596059.0,12282.0,odorro01,odorr001,Rougned,Odor,1994.0,2.0,3.0,2014.0,2023.0
abb0c6ba,695391.0,29788.0,harribr02,harrb002,Brett,Harris,1998.0,6.0,24.0,2024.0,2026.0
acfad036,641914.0,19635.0,neusesh01,neuss001,Sheldon,Neuse,1994.0,12.0,10.0,2019.0,2022.0
ad202a34,642727.0,16417.0,alcanse01,alcas002,Sergio,Alcántara,1996.0,7.0,10.0,2020.0,2025.0
ad2575b6,622534.0,14712.0,margoma01,margm001,Manuel,Margot,1994.0,9.0,28.0,2016.0,2025.0
adab95ff,572228.0,14811.0,voitlu01,voitl001,Luke,Voit,1991.0,2.0,13.0,2017.0,2023.0
adf63d0f,474832.0,10264.0,beltbr01,beltb001,Brandon,Belt,1988.0,4.0,20.0,2011.0,2023.0
ae57de14,429664.0,3269.0,canoro01,canor001,Robinson,Canó,1982.0,10.0,22.0,2005.0,2022.0
af1cf8e8,614177.0,14566.0,reyesfr01,reyef001,Franmil,Reyes,1995.0,7.0,7.0,2018.0,2023.0
af6c285c,595909.0,14477.0,caveja01,cavej001,Jake,Cave,1992.0,12.0,4.0,2018.0,2024.0
af73fe80,668731.0,22168.0,baddoak01,badda001,Akil,Baddoo,1998.0,8.0,16.0,2021.0,2025.0
af9b4c1b,686823.0,25660.0,brennwi02,brenw002,Will,Brennan,1998.0,2.0,2.0,2022.0,2026.0
b205efa3,663630.0,19928.0,mckenry01,mcker001,Ryan,McKenna,1997.0,2.0,14.0,2021.0,2024.0
b20d8e37,623912.0,14387.0,ramirha02,ramih004,Harold,Ramírez,1994.0,9.0,6.0,2019.0,2024.0
b253355c,663616.0,21501.0,larnatr01,larnt001,Trevor,Larnach,1997.0,2.0,26.0,2021.0,2026.0
b25bce57,668942.0,19734.0,rojasjo01,rojaj001,Josh,Rojas,1994.0,6.0,30.0,2019.0,2026.0
b26acf0e,624428.0,15223.0,fraziad01,fraza001,Adam,Frazier,1991.0,12.0,14.0,2016.0,2026.0
b2e7dd48,621453.0,17719.0,duggast01,duggs001,Steven,Duggar,1993.0,11.0,4.0,2018.0,2022.0
b2fe1256,663757.0,18564.0,grishtr01,grist001,Trent,Grisham,1996.0,11.0,1.0,2019.0,2026.0
b303bcd1,695657.0,29712.0,montgco01,montc004,Colson,Montgomery,2002.0,2.0,27.0,2025.0,2026.0
b33cc1ab,669477.0,27577.0,schmica01,schmc003,Casey,Schmitt,1999.0,3.0,1.0,2023.0,2026.0
b469610e,669221.0,19352.0,murphse01,murps001,Sean,Murphy,1994.0,10.0,4.0,2019.0,2026.0
b4fe5909,543760.0,12533.0,semiema01,semim001,Marcus,Semien,1990.0,9.0,17.0,2013.0,2026.0
b58ee416,686797.0,31595.0,leebr02,lee-b002,Brooks,Lee,2001.0,2.0,14.0,2024.0,2026.0
b5cb7a54,543305.0,5297.0,hicksaa01,hicka001,Aaron,Hicks,1989.0,10.0,2.0,2013.0,2024.0
b65585ec,543592.0,15941.0,nolaau01,nolaa002,Austin,Nola,1989.0,12.0,28.0,2019.0,2025.0
b6654965,521692.0,7304.0,perezsa02,peres002,Salvador,Pérez,1990.0,5.0,10.0,2011.0,2026.0
b717fd8b,676801.0,19599.0,mccorch01,mccoc001,Chas,McCormick,1995.0,4.0,19.0,2021.0,2025.0
b7525ec0,622100.0,19533.0,jonesta01,jonet005,Taylor,Jones,1993.0,12.0,6.0,2020.0,2022.0
b7551d80,543807.0,12856.0,springe01,sprig001,George,Springer,1989.0,9.0,19.0,2014.0,2026.0
b7635929,607345.0,12284.0,smithke04,smitk002,Kevan,Smith,1988.0,6.0,28.0,2016.0,2021.0
b7811846,641829.0,16429.0,martija03,martj009,Jason,Martin,1995.0,9.0,5.0,2019.0,2021.0
b79fc174,571912.0,13355.0,mailelu01,maill001,Luke,Maile,1991.0,2.0,6.0,2015.0,2026.0
b7cafdff,553869.0,11680.0,diazel01,diaze005,Elías,Díaz,1990.0,11.0,17.0,2015.0,2026.0
b82efd1d,543068.0,12546.0,croncj01,cronc002,C. J.,Cron,1990.0,1.0,5.0,2014.0,2023.0
b87820ad,571976.0,10047.0,myerswi01,myerw001,Wil,Myers,1990.0,12.0,10.0,2013.0,2023.0
b8999127,666181.0,21853.0,bensowi01,bensw001,Will,Benson,1998.0,6.0,16.0,2022.0,2026.0
b8f99220,670097.0,19562.0,shortza01,shorz001,Zack,Short,1995.0,5.0,29.0,2021.0,2026.0
b9818f39,606132.0,14350.0,tapiara01,tapir001,Raimel,Tapia,1994.0,2.0,4.0,2016.0,2023.0
b9c8df4b,455117.0,6887.0,maldoma01,maldm001,Martín,Maldonado,1986.0,8.0,16.0,2011.0,2025.0
b9f840a3,672695.0,22799.0,perdoge01,perdg001,Geraldo,Perdomo,1999.0,10.0,22.0,2021.0,2026.0
ba50f158,669003.0,27555.0,mitchga01,mitcg001,Garrett,Mitchell,1998.0,9.0,4.0,2022.0,2026.0
baa0b47a,657041.0,16939.0,thomala02,thoml002,Lane,Thomas,1995.0,8.0,23.0,2019.0,2026.0
bab8e489,645302.0,18363.0,roblevi01,roblv001,Víctor,Robles,1997.0,5.0,19.0,2017.0,2026.0
bac9465f,600869.0,13621.0,candeje01,candj002,Jeimer,Candelario,1993.0,11.0,24.0,2016.0,2026.0
bacbf7fa,682663.0,26546.0,ramirag01,ramia004,Agustín,Ramírez,2001.0,9.0,10.0,2025.0,2026.0
bb593c8b,805779.0,33266.0,wilsoja05,wilsj006,Jacob,Wilson,2002.0,3.0,30.0,2024.0,2026.0
bbacdbb5,475582.0,4220.0,zimmery01,zimmr001,Ryan,Zimmerman,1984.0,9.0,28.0,2005.0,2021.0
bbe99c3e,683734.0,26197.0,vaughan01,vauga001,Andrew,Vaughn,1998.0,4.0,3.0,2021.0,2026.0
bbfd792a,664728.0,21614.0,isbelky01,isbek001,Kyle,Isbel,1997.0,3.0,3.0,2021.0,2026.0
bc0fc0a1,665155.0,21635.0,matonni01,maton001,Nick,Maton,1997.0,2.0,18.0,2021.0,2025.0
bc765323,681351.0,24729.0,ohopplo01,ohopl001,Logan,O'Hoppe,2000.0,2.0,9.0,2022.0,2026.0
bca6e25a,546990.0,14329.0,alforan01,alfoa002,Anthony,Alford,1994.0,7.0,20.0,2017.0,2022.0
bceca907,408234.0,1744.0,cabremi01,cabrm001,Miguel,Cabrera,1983.0,4.0,18.0,2003.0,2023.0
bd1260ee,669450.0,19458.0,hummeco01,hummc001,Cooper,Hummel,1994.0,11.0,28.0,2022.0,2025.0
bd8e6213,571657.0,14813.0,farmeky01,farmk001,Kyle,Farmer,1990.0,8.0,17.0,2017.0,2026.0
bde39199,665482.0,20233.0,celesgi01,celeg001,Gilberto,Celestino,1999.0,2.0,13.0,2021.0,2022.0
bdea0115,666971.0,19238.0,gurrilo01,gurrl001,Lourdes,Gurriel,1993.0,10.0,10.0,2018.0,2026.0
bdf8299d,571980.0,13359.0,naquity01,naqut001,Tyler,Naquin,1991.0,4.0,24.0,2016.0,2023.0
be1194c3,672640.0,19608.0,lopezot01,lopeo001,Otto,Lopez,1998.0,10.0,1.0,2021.0,2026.0
be40fa49,669394.0,22275.0,burgeja01,burgj001,Jake,Burger,1996.0,4.0,10.0,2021.0,2026.0
bf0c6dd7,671221.0,20505.0,waterdr01,wated001,Drew,Waters,1998.0,12.0,30.0,2022.0,2025.0
bf833b74,594807.0,10950.0,duvalad01,duvaa001,Adam,Duvall,1988.0,9.0,4.0,2014.0,2024.0
bfb49cfd,678225.0,23818.0,baeji01,bae-j001,Ji Hwan,Bae,1999.0,7.0,26.0,2022.0,2025.0
bfb9007d,663853.0,21562.0,gonzaro01,gonzr003,Romy,Gonzalez,1996.0,9.0,6.0,2021.0,2026.0
c06ec0de,670623.0,20036.0,paredis01,parei001,Isaac,Paredes,1999.0,2.0,18.0,2020.0,2026.0
c0a1a243,553993.0,12552.0,suareeu01,suare001,Eugenio,Suárez,1991.0,7.0,18.0,2014.0,2026.0
c115568b,673357.0,20043.0,roberlu01,robel002,Luis,Robert,1997.0,8.0,3.0,2020.0,2026.0
c11c31ab,605131.0,12158.0,barneau01,barna001,Austin,Barnes,1989.0,12.0,28.0,2015.0,2025.0
c12b8b7a,553882.0,13338.0,narvaom01,narvo001,Omar,Narváez,1992.0,2.0,10.0,2016.0,2025.0
c1f2c38e,621011.0,17750.0,schroma01,schrm001,Max,Schrock,1994.0,10.0,12.0,2020.0,2022.0
c218f6ec,660644.0,20536.0,brujavi01,brujv001,Vidal,Bruján,1998.0,2.0,9.0,2021.0,2026.0
c2244153,663330.0,18872.0,jonesja08,jonej007,Jahmai,Jones,1997.0,8.0,4.0,2020.0,2026.0
c24d328e,666018.0,21837.0,arandjo01,aranj001,Jonathan,Aranda,1998.0,5.0,23.0,2022.0,2026.0
c2beb9d0,693049.0,30162.0,colasos01,colao001,Oscar,Colás,1998.0,9.0,17.0,2023.0,2024.0
c2f7e2c5,668709.0,26368.0,bledajj01,bledj001,JJ,Bleday,1997.0,11.0,10.0,2022.0,2026.0
c3fbd283,621020.0,18314.0,swansda01,swand001,Dansby,Swanson,1994.0,2.0,11.0,2016.0,2026.0
c40a6e81,681082.0,26294.0,stottbr01,stotb001,Bryson,Stott,1997.0,10.0,6.0,2022.0,2026.0
c42ccda8,593160.0,11281.0,merriwh01,merrw001,Whit,Merrifield,1989.0,1.0,24.0,2016.0,2024.0
c4a87aea,680728.0,29554.0,delcaad01,delca001,Adrian,Del Castillo,1999.0,9.0,27.0,2024.0,2026.0
c5578b37,671218.0,22515.0,ramoshe02,ramoh002,Heliot,Ramos,1999.0,9.0,7.0,2022.0,2026.0
c61e922e,547180.0,11579.0,harpebr03,harpb003,Bryce,Harper,1992.0,10.0,16.0,2012.0,2026.0
c64e2b9d,594694.0,14320.0,difowi01,difow001,Wilmer,Difo,1992.0,4.0,2.0,2015.0,2022.0
c774cc57,642715.0,15986.0,adamewi01,adamw002,Willy,Adames,1995.0,9.0,2.0,2018.0,2026.0
c7983610,605113.0,12147.0,ahmedni01,ahmen001,Nick,Ahmed,1990.0,3.0,15.0,2014.0,2025.0
c7aab9b4,516416.0,5933.0,segurje01,seguj002,Jean,Segura,1990.0,3.0,17.0,2012.0,2023.0
c80ba0d3,462101.0,8709.0,andruel01,andre001,Elvis,Andrus,1988.0,8.0,26.0,2009.0,2023.0
c84315a1,546318.0,11476.0,herreod01,herro001,Odúbel,Herrera,1991.0,12.0,29.0,2015.0,2022.0
c8553f96,596115.0,12564.0,storytr01,stort001,Trevor,Story,1992.0,11.0,15.0,2016.0,2026.0
c863fb37,647304.0,18839.0,naylojo01,naylj001,Josh,Naylor,1997.0,6.0,22.0,2019.0,2026.0
c8fba9da,595879.0,12979.0,baezja01,baezj001,Javier,Báez,1992.0,12.0,1.0,2014.0,2026.0
c9413e23,596146.0,12144.0,keplema01,keplm001,Max,Kepler,1993.0,2.0,10.0,2015.0,2026.0
c947bc68,519299.0,7927.0,sogarer01,sogae001,Eric,Sogard,1986.0,5.0,22.0,2010.0,2021.0
c9586e9c,572138.0,10441.0,singljo02,singj001,Jon,Singleton,1991.0,9.0,18.0,2014.0,2025.0
c9853ab0,678877.0,24257.0,noeljh01,noelj001,Jhonkensy,Noel,2001.0,7.0,15.0,2024.0,2025.0
c993299b,683021.0,25353.0,stefami01,stefm001,Michael,Stefanic,1996.0,2.0,24.0,2022.0,2026.0
c9bc854d,606299.0,13593.0,perazjo01,peraj003,José,Peraza,1994.0,4.0,30.0,2015.0,2021.0
c9caf73a,671739.0,25931.0,harrimi04,harrm004,Michael,Harris,2001.0,3.0,7.0,2022.0,2026.0
c9f82b44,663698.0,21524.0,bartjo01,bartj003,Joey,Bart,1996.0,12.0,15.0,2020.0,2026.0
ca05f29f,691723.0,28312.0,mayoco01,mayoc001,Coby,Mayo,2001.0,12.0,10.0,2024.0,2026.0
ca283903,592192.0,11445.0,canhama01,canhm001,Mark,Canha,1989.0,2.0,15.0,2015.0,2025.0
ca888b43,544369.0,6012.0,gregodi01,gregd001,Didi,Gregorius,1990.0,2.0,18.0,2012.0,2022.0
cb50fef1,683737.0,26319.0,buschmi02,buscm003,Michael,Busch,1997.0,11.0,9.0,2023.0,2026.0
cbdb6e9b,594777.0,11200.0,calhoko01,calhk001,Kole,Calhoun,1987.0,10.0,14.0,2012.0,2023.0
cbe72712,664023.0,17919.0,happia01,happi001,Ian,Happ,1994.0,8.0,12.0,2017.0,2026.0
cbfe7ac9,592626.0,11899.0,pederjo01,pedej001,Joc,Pederson,1992.0,4.0,21.0,2014.0,2026.0
cc15ccfa,660670.0,18401.0,acunaro01,acunr001,Ronald,Acuña,1997.0,12.0,18.0,2018.0,2026.0
cc538e0d,665750.0,18900.0,taverle01,tavel001,Leody,Taveras,1998.0,9.0,8.0,2020.0,2026.0
ccc6f44e,608671.0,13768.0,jankotr01,jankt001,Travis,Jankowski,1991.0,6.0,15.0,2015.0,2025.0
cd291071,680862.0,24641.0,macivwi01,maciw001,Willie,MacIver,1996.0,10.0,28.0,2025.0,2025.0
cd298525,608336.0,14128.0,gallojo01,gallj002,Joey,Gallo,1993.0,11.0,19.0,2015.0,2024.0
cd38b7aa,700242.0,29575.0,sweentr01,sweet001,Trey,Sweeney,2000.0,4.0,24.0,2024.0,2025.0
cd88077f,676946.0,20157.0,battema01,battm001,Matthew,Batten,1995.0,6.0,22.0,2022.0,2024.0
cdc66823,681987.0,25055.0,eatonna01,eaton001,Nate,Eaton,1996.0,12.0,22.0,2022.0,2026.0
cdd6b57a,677347.0,26420.0,parisky01,parik002,Kyren,Paris,2001.0,11.0,11.0,2023.0,2025.0
ce1ba399,596103.0,16153.0,slateau01,slata001,Austin,Slater,1992.0,12.0,13.0,2017.0,2026.0
ce273625,444482.0,2136.0,peralda01,perad001,David,Peralta,1987.0,8.0,14.0,2014.0,2024.0
ce801896,572287.0,13265.0,zuninmi01,zunim001,Mike,Zunino,1991.0,3.0,25.0,2013.0,2023.0
ce8ff2cd,605244.0,16925.0,garciar01,garca006,Aramis,Garcia,1993.0,1.0,12.0,2018.0,2026.0
ce970af6,623168.0,13897.0,heinety01,heint001,Tyler,Heineman,1991.0,6.0,19.0,2019.0,2026.0
ce9c0afa,666165.0,25805.0,sabolbl01,sabob001,Blake,Sabol,1998.0,1.0,7.0,2023.0,2025.0
cee8d5c1,643396.0,16512.0,kineris01,kinei001,Isiah,Kiner-Falefa,1995.0,3.0,23.0,2018.0,2026.0
cf05afc8,669087.0,22209.0,huffsa01,huffs001,Sam,Huff,1998.0,1.0,14.0,2020.0,2026.0
cf0a24a5,456781.0,8623.0,solando01,solad001,Donovan,Solano,1987.0,12.0,17.0,2012.0,2025.0
cf107e03,641856.0,15654.0,mckinbi01,mckib001,Billy,McKinney,1994.0,8.0,23.0,2018.0,2025.0
cfdf60d0,595978.0,12976.0,hedgeau01,hedga001,Austin,Hedges,1992.0,8.0,18.0,2015.0,2026.0
d0dbce3f,519048.0,3086.0,morelmi01,morem001,Mitch,Moreland,1985.0,9.0,6.0,2010.0,2021.0
d0dc6fae,656896.0,19890.0,riverem01,rivee001,Emmanuel,Rivera,1996.0,6.0,29.0,2021.0,2025.0
d109a961,669352.0,22261.0,thompbu01,thomb003,Bubba,Thompson,1998.0,6.0,9.0,2022.0,2024.0
d1953010,444876.0,6310.0,escobal02,escoa003,Alcides,Escobar,1986.0,12.0,16.0,2008.0,2022.0
d19b960b,663697.0,21523.0,indiajo01,indij001,Jonathan,India,1996.0,12.0,15.0,2021.0,2026.0
d1cc5a02,656537.0,16947.0,hillde01,hilld002,Derek,Hill,1995.0,12.0,30.0,2020.0,2026.0
d1f7ed58,682641.0,26467.0,matoslu02,matol002,Luis,Matos,2002.0,1.0,28.0,2023.0,2026.0
d2303ae3,593643.0,11902.0,alberha01,albeh001,Hanser,Alberto,1992.0,10.0,17.0,2015.0,2023.0
d29d93e7,595284.0,14942.0,knappan01,knapa001,Andrew,Knapp,1991.0,11.0,9.0,2017.0,2024.0
d2ed8482,570481.0,13369.0,gonzaer01,gonze004,Erik,González,1991.0,8.0,31.0,2016.0,2022.0
d2f1be6f,687952.0,30011.0,encarch01,encac001,Christian,Encarnacion-Strand,1999.0,12.0,1.0,2023.0,2026.0
d31643e4,672820.0,22896.0,sosale01,sosal001,Lenyn,Sosa,2000.0,1.0,25.0,2022.0,2026.0
d358c925,656716.0,19392.0,mckinza01,mckiz001,Zach,McKinstry,1995.0,4.0,29.0,2020.0,2026.0
d3687635,605204.0,16219.0,davisjd01,davij006,J. D.,Davis,1993.0,4.0,27.0,2017.0,2025.0
d3eebd0c,668227.0,19290.0,arozara01,arozr001,Randy,Arozarena,1995.0,2.0,28.0,2019.0,2026.0
d3f2c533,666915.0,19966.0,dalbebo01,dalbb001,Bobby,Dalbec,1995.0,6.0,29.0,2020.0,2025.0
d43b423b,672478.0,22650.0,diazjo03,diazj008,Jordan,Diaz,2000.0,8.0,13.0,2022.0,2023.0
d46bbc83,669224.0,27562.0,wellsau01,wella002,Austin,Wells,1999.0,7.0,12.0,2023.0,2026.0
d4ac8874,647351.0,19844.0,toroab01,toroa001,Abraham,Toro,1996.0,12.0,20.0,2019.0,2025.0
d4bacc1d,605361.0,12005.0,martini02,martn003,Nick,Martini,1990.0,6.0,27.0,2018.0,2025.0
d4c8c0ac,591720.0,11400.0,torrero01,torrr001,Ronald,Torreyes,1992.0,9.0,2.0,2015.0,2021.0
d52520f7,543768.0,11982.0,shawtr01,shawt001,Travis,Shaw,1990.0,4.0,16.0,2015.0,2022.0
d5341def,456715.0,9077.0,cainlo01,cainl001,Lorenzo,Cain,1986.0,4.0,13.0,2010.0,2022.0
d56aad2b,621566.0,14344.0,olsonma02,olsom001,Matt,Olson,1994.0,3.0,29.0,2016.0,2026.0
d58a050c,543333.0,3516.0,hosmeer01,hosme001,Eric,Hosmer,1989.0,10.0,24.0,2011.0,2023.0
d69acf22,695506.0,35041.0,caglija01,caglj001,Jac,Caglianone,2003.0,2.0,9.0,2025.0,2026.0
d6adef8e,606192.0,13066.0,hernate01,hernt002,Teoscar,Hernández,1992.0,10.0,15.0,2016.0,2026.0
d6f86fa1,673962.0,26299.0,jungjo01,jungj001,Josh,Jung,1998.0,2.0,12.0,2022.0,2026.0
d70194f9,570731.0,11265.0,schoojo01,schoj001,Jonathan,Schoop,1991.0,10.0,16.0,2013.0,2023.0
d70d4384,606466.0,13613.0,marteke01,martk001,Ketel,Marte,1993.0,10.0,12.0,2015.0,2026.0
d79d4782,598265.0,12984.0,bradlja02,bradj001,Jackie,Bradley,1990.0,4.0,19.0,2013.0,2023.0
d80d2c11,660688.0,19610.0,ruizke01,ruizk001,Keibert,Ruiz,1998.0,7.0,20.0,2020.0,2026.0
d86f5cd5,467827.0,8553.0,parrage01,parrg001,Gerardo,Parra,1987.0,5.0,6.0,2009.0,2021.0
d874b115,678009.0,23800.0,meadopa01,meadp001,Parker,Meadows,1999.0,11.0,2.0,2023.0,2026.0
d87d9daf,694212.0,28824.0,basalsa01,basas001,Samuel,Basallo,2004.0,8.0,13.0,2025.0,2026.0
d8fe3e94,666211.0,19960.0,trammta01,tramt001,Taylor,Trammell,1997.0,9.0,13.0,2021.0,2026.0
d990ad65,687515.0,31855.0,thomaco03,thomc005,Colby,Thomas,2001.0,1.0,26.0,2025.0,2026.0
da954646,679032.0,24336.0,rojasjo03,rojaj003,Johan,Rojas,2000.0,8.0,14.0,2023.0,2025.0
dac90005,664983.0,21622.0,mccarja02,mccaj003,Jake,McCarthy,1997.0,7.0,30.0,2021.0,2026.0
dacadcf7,664059.0,18054.0,haggesa01,haggs001,Sam,Haggerty,1994.0,5.0,26.0,2019.0,2026.0
dace462a,670156.0,20017.0,mastrmi01,mastm001,Miles,Mastrobuoni,1995.0,10.0,31.0,2022.0,2026.0
dae6256a,665561.0,21646.0,marchra01,marcr001,Rafael,Marchán,1999.0,2.0,25.0,2020.0,2026.0
daeb0856,663656.0,18345.0,tuckeky01,tuckk001,Kyle,Tucker,1997.0,1.0,17.0,2018.0,2026.0
db8c395e,643289.0,16530.0,dubonma01,dubom001,Mauricio,Dubón,1994.0,7.0,19.0,2019.0,2026.0
dbc523a0,502210.0,3892.0,reddijo01,reddj001,Josh,Reddick,1987.0,2.0,19.0,2009.0,2021.0
dc06acdb,593428.0,12161.0,bogaexa01,bogax001,Xander,Bogaerts,1992.0,10.0,1.0,2013.0,2026.0
dc82715a,592348.0,12092.0,goodrni01,goodn002,Niko,Goodrum,1992.0,2.0,28.0,2017.0,2024.0
dcfb7ca5,681481.0,25961.0,carpeke01,carpk001,Kerry,Carpenter,1997.0,9.0,2.0,2022.0,2026.0
dd669bc2,641943.0,19818.0,palacjo01,palaj001,Joshua,Palacios,1995.0,7.0,30.0,2021.0,2025.0
dd9cb674,641658.0,19262.0,hampsga01,hampg001,Garrett,Hampson,1994.0,10.0,10.0,2018.0,2025.0
de1f2870,677008.0,31166.0,kjershe01,kjerh001,Heston,Kjerstad,1999.0,2.0,12.0,2023.0,2025.0
de4d33e2,663662.0,18353.0,camerda01,camed001,Daz,Cameron,1997.0,1.0,15.0,2020.0,2025.0
de5e1284,683146.0,26123.0,batybr01,batyb001,Brett,Baty,1999.0,11.0,13.0,2022.0,2026.0
de7e3f37,660650.0,20926.0,garcide02,garcd004,Dérmis,García,1998.0,1.0,7.0,2022.0,2022.0
dee44558,681460.0,31394.0,baldwbr01,baldb001,Brooks,Baldwin,2000.0,8.0,15.0,2024.0,2025.0
df27ecca,807713.0,33322.0,shawma01,shawm002,Matt,Shaw,2001.0,11.0,6.0,2025.0,2026.0
df984f09,682653.0,26536.0,bernawa01,bernw002,Warming,Bernabel,2002.0,6.0,6.0,2025.0,2025.0
dfae304e,686894.0,27690.0,wiemejo01,wiemj001,Joey,Wiemer,1999.0,2.0,11.0,2023.0,2026.0
dfee09e7,692216.0,33704.0,kayfucj01,kayfc001,CJ,Kayfus,2001.0,10.0,28.0,2025.0,2026.0
e0644735,642162.0,14885.0,valaipa01,valap001,Pat,Valaika,1992.0,9.0,9.0,2016.0,2021.0
e1075892,669257.0,19197.0,smithwi05,smitw003,Will,Smith,1995.0,3.0,28.0,2019.0,2026.0
e14d6fb7,672284.0,22558.0,kelenja01,kelej001,Jarred,Kelenic,1999.0,7.0,16.0,2021.0,2026.0
e14fcab4,405395.0,1177.0,pujolal01,pujoa001,Albert,Pujols,1980.0,1.0,16.0,2001.0,2022.0
e174160f,628451.0,18819.0,ibanean01,ibana001,Andy,Ibáñez,1993.0,4.0,3.0,2021.0,2026.0
e1a6db65,570256.0,12907.0,polangr01,polag001,Gregory,Polanco,1991.0,9.0,14.0,2014.0,2021.0
e1a70543,661531.0,19422.0,servebr01,servb001,Brian,Serven,1995.0,5.0,5.0,2022.0,2026.0
e1ebbf03,682848.0,25332.0,rodrien01,rodre006,Endy,Rodríguez,2000.0,5.0,26.0,2023.0,2026.0
e20b9e21,686780.0,25782.0,pagespe02,pagep001,Pedro,Pagés,1998.0,9.0,17.0,2024.0,2026.0
e20baefe,624503.0,16337.0,gordoni01,gordn001,Nick,Gordon,1995.0,10.0,24.0,2021.0,2024.0
e240f102,664774.0,18126.0,wadela01,wadel001,LaMonte,Wade,1994.0,1.0,1.0,2019.0,2026.0
e26a8efa,542364.0,10323.0,ortegra01,orter001,Rafael,Ortega,1991.0,5.0,15.0,2012.0,2024.0
e2cc25bd,657557.0,18015.0,dejonpa01,dejop001,Paul,DeJong,1993.0,8.0,2.0,2017.0,2025.0
e36a85e0,665742.0,20123.0,sotoju01,sotoj001,Juan,Soto,1998.0,10.0,25.0,2018.0,2026.0
e36fd0ee,605137.0,13145.0,belljo02,bellj005,Josh,Bell,1992.0,8.0,14.0,2016.0,2026.0
e3e66986,608070.0,13510.0,ramirjo01,ramij003,José,Ramírez,1992.0,9.0,17.0,2013.0,2026.0
e4404d0f,666906.0,25569.0,aluja01,alu-j001,Jake,Alu,1997.0,4.0,6.0,2023.0,2023.0
e49e5637,670768.0,20332.0,gonzalu03,gonzl005,Luis,González,1995.0,9.0,10.0,2020.0,2022.0
e4bd060e,624413.0,19251.0,alonspe01,alonp001,Pete,Alonso,1994.0,12.0,7.0,2019.0,2026.0
e4f2f0fa,656582.0,16572.0,joeco01,joe-c001,Connor,Joe,1992.0,8.0,16.0,2019.0,2026.0
e57782ec,656248.0,21270.0,bouchse01,boucs001,Sean,Bouchard,1996.0,5.0,16.0,2022.0,2025.0
e57a4c36,642133.0,15679.0,tellero01,tellr001,Rowdy,Tellez,1995.0,3.0,16.0,2018.0,2026.0
e5c89504,621493.0,17548.0,wardta01,wardt002,Taylor,Ward,1993.0,12.0,14.0,2018.0,2026.0
e61c39e8,600474.0,14523.0,severpe01,sevep001,Pedro,Severino,1993.0,7.0,20.0,2015.0,2022.0
e6d1d015,669134.0,22217.0,campulu01,campl002,Luis,Campusano,1998.0,9.0,29.0,2020.0,2026.0
e72a69ef,542194.0,10028.0,bethach01,bethc001,Christian,Bethancourt,1991.0,9.0,2.0,2013.0,2024.0
e80a5db8,544725.0,5913.0,garcile02,garcl004,Leury,García,1991.0,3.0,18.0,2013.0,2022.0
e8399c58,686611.0,33541.0,crewsdy01,crewd001,Dylan,Crews,2002.0,2.0,26.0,2024.0,2026.0
e8b202f2,679529.0,27465.0,torkesp01,torks001,Spencer,Torkelson,1999.0,8.0,26.0,2022.0,2026.0
e8c871b0,608324.0,17678.0,bregmal01,brega001,Alex,Bregman,1994.0,3.0,30.0,2016.0,2026.0
e9043c92,602104.0,18795.0,uriasra01,uriar001,Ramón,Urías,1994.0,6.0,3.0,2020.0,2026.0
e946ab98,596825.0,13167.0,garciro02,garcr005,Robel,García,1993.0,3.0,28.0,2019.0,2021.0
e9559db3,668885.0,27462.0,martiau01,marta007,Austin,Martin,1999.0,3.0,23.0,2024.0,2026.0
e9e70aad,666182.0,19612.0,bichebo01,bichb001,Bo,Bichette,1998.0,3.0,5.0,2019.0,2026.0
ea750743,595751.0,12180.0,alfarjo01,alfaj002,Jorge,Alfaro,1993.0,6.0,11.0,2016.0,2025.0
ea8147e5,673490.0,27506.0,kimha01,kim-h002,Ha-Seong,Kim,1995.0,10.0,17.0,2021.0,2026.0
eae86728,573131.0,9929.0,rufda01,ruf-d001,Darin,Ruf,1986.0,7.0,28.0,2012.0,2023.0
ebc3099d,665923.0,21780.0,ruizes01,ruize001,Esteury,Ruiz,1999.0,2.0,15.0,2022.0,2026.0
ebf947e8,677588.0,23691.0,tenajo01,tenaj001,José,Tena,2001.0,3.0,20.0,2023.0,2026.0
ebfce0cf,543105.0,12649.0,dickeal01,dicka001,Alex,Dickerson,1990.0,5.0,26.0,2015.0,2022.0
ec0fcbe7,660821.0,19913.0,sanchje02,sancj003,Jesús,Sánchez,1997.0,10.0,7.0,2020.0,2026.0
ec15bf70,666179.0,20493.0,beerse01,beers001,Seth,Beer,1996.0,9.0,18.0,2021.0,2022.0
eddce7a8,669743.0,19296.0,callal02,calla002,Alex,Call,1994.0,9.0,27.0,2022.0,2026.0
ee1209bb,665019.0,20572.0,clemeko01,clemk001,Kody,Clemens,1996.0,5.0,15.0,2022.0,2026.0
ee192a64,645801.0,15585.0,fordmi01,fordm002,Mike,Ford,1992.0,7.0,4.0,2019.0,2024.0
ee2752c6,642336.0,16403.0,mejiafr01,mejif001,Francisco,Mejía,1995.0,10.0,27.0,2017.0,2023.0
ee5a5c74,689414.0,29844.0,hicksli01,hickl001,Liam,Hicks,1999.0,6.0,2.0,2025.0,2026.0
eecfcda6,641779.0,19813.0,leblach01,leblc001,Charles,Leblanc,1996.0,6.0,3.0,2022.0,2024.0
eed44d66,605412.0,11936.0,panikjo01,panij002,Joe,Panik,1990.0,10.0,30.0,2014.0,2021.0
eee41fef,455139.0,3142.0,chiriro01,chirr001,Robinson,Chirinos,1984.0,6.0,5.0,2011.0,2022.0
ef024252,572039.0,13367.0,piscost01,piscs001,Stephen,Piscotty,1991.0,1.0,14.0,2015.0,2022.0
ef03d04c,687363.0,31349.0,scottvi01,scotv001,Victor,Scott,2001.0,2.0,12.0,2024.0,2026.0
effa9435,527038.0,5827.0,florewi01,florw001,Wilmer,Flores,1991.0,8.0,6.0,2013.0,2025.0
f0192a4b,687637.0,31695.0,beavedy01,beavd001,Dylan,Beavers,2001.0,8.0,11.0,2025.0,2026.0
f04737d6,542340.0,10071.0,villajo01,villj001,Jonathan,Villar,1991.0,5.0,2.0,2013.0,2022.0
f0540df0,682829.0,26668.0,delacel01,delae003,Elly,De La Cruz,2002.0,1.0,11.0,2023.0,2026.0
f07e8d63,656185.0,16623.0,allengr01,alleg002,Greg,Allen,1993.0,3.0,15.0,2017.0,2025.0
f095dba3,670712.0,19683.0,brossmi01,brosm001,Mike,Brosseau,1994.0,3.0,15.0,2019.0,2023.0
f0e8fd62,514888.0,5417.0,altuvjo01,altuj001,José,Altuve,1990.0,5.0,6.0,2011.0,2026.0
f1435daa,680118.0,19779.0,blancda02,bland001,Dairon,Blanco,1993.0,4.0,26.0,2022.0,2025.0
f143c214,595956.0,12981.0,gallaca01,gallc001,Cam,Gallagher,1992.0,12.0,6.0,2017.0,2023.0
f1a7f234,542932.0,12037.0,bertijo01,bertj001,Jon,Berti,1990.0,1.0,22.0,2018.0,2025.0
f265b378,665862.0,20454.0,chishja01,chisj001,Jazz,Chisholm,1998.0,2.0,1.0,2020.0,2026.0
f2fb7bb4,605548.0,16221.0,zimmebr01,zimmb001,Bradley,Zimmer,1992.0,11.0,27.0,2017.0,2022.0
f322d40f,545361.0,10155.0,troutmi01,troum001,Mike,Trout,1991.0,8.0,7.0,2011.0,2026.0
f3549851,444489.0,2829.0,pinama01,pinam001,Manny,Piña,1987.0,6.0,5.0,2011.0,2023.0
f36ed00e,663968.0,26202.0,manguja01,mangj001,Jake,Mangum,1996.0,3.0,8.0,2025.0,2026.0
f3702b98,458731.0,9927.0,gardnbr01,gardb001,Brett,Gardner,1983.0,8.0,24.0,2008.0,2021.0
f3998f8d,457705.0,9847.0,mccutan01,mccua001,Andrew,McCutchen,1986.0,10.0,10.0,2009.0,2026.0
f3a0cc68,605141.0,13611.0,bettsmo01,bettm001,Mookie,Betts,1992.0,10.0,7.0,2014.0,2026.0
f3cebb9b,686554.0,26295.0,dunnol01,dunno001,Oliver,Dunn,1997.0,9.0,2.0,2024.0,2026.0
f42b32b0,628450.0,19334.0,hernaya01,herny002,Yadiel,Hernández,1987.0,10.0,9.0,2020.0,2022.0
f4e771ca,656305.0,16505.0,chapmma01,chapm001,Matt,Chapman,1993.0,4.0,28.0,2017.0,2026.0
f530d51c,669397.0,22277.0,allenni02,allen002,Nick,Allen,1998.0,10.0,8.0,2022.0,2026.0
f5ba879e,695238.0,29634.0,wagnewi01,wagnw001,Will,Wagner,1998.0,7.0,29.0,2024.0,2026.0
f5cbb98c,677649.0,23733.0,duranez01,durae002,Ezequiel,Duran,1999.0,5.0,22.0,2022.0,2026.0
f5e29f53,543281.0,8202.0,harrijo05,harrj002,Josh,Harrison,1987.0,7.0,8.0,2011.0,2023.0
f6927b25,666149.0,26208.0,fitzgty01,fitzt001,Tyler,Fitzgerald,1997.0,9.0,15.0,2023.0,2025.0
f6b8919a,641584.0,19260.0,fraleja01,fralj001,Jake,Fraley,1995.0,5.0,25.0,2019.0,2026.0
f6d9bced,621450.0,17723.0,boltsk01,bolts001,Skye,Bolt,1994.0,1.0,15.0,2019.0,2022.0
f6e0a3dd,607043.0,12927.0,nimmobr01,nimmb001,Brandon,Nimmo,1993.0,3.0,27.0,2016.0,2026.0
f7055dea,686469.0,27676.0,pasquvi01,pasqv001,Vinnie,Pasquantino,1997.0,10.0,10.0,2022.0,2026.0
f76957f5,687597.0,31431.0,beckjo01,beckj003,Jordan,Beck,2001.0,4.0,19.0,2024.0,2026.0
f83bf978,606992.0,14111.0,haaseer01,haase001,Eric,Haase,1992.0,12.0,18.0,2018.0,2026.0
f8b9feb3,595777.0,10815.0,profaju01,profj001,Jurickson,Profar,1993.0,2.0,20.0,2012.0,2025.0
f8d474ae,676116.0,23312.0,nodary01,nodar001,Ryan,Noda,1996.0,3.0,30.0,2023.0,2025.0
f972015e,572816.0,10762.0,dickeco01,dickc002,Corey,Dickerson,1989.0,5.0,22.0,2013.0,2023.0
f9854f9e,642731.0,16426.0,estrath01,estrt001,Thairo,Estrada,1996.0,2.0,22.0,2019.0,2025.0
fa203bae,663837.0,21558.0,vierlma01,vierm001,Matt,Vierling,1996.0,9.0,16.0,2021.0,2026.0
fa71fa98,682622.0,26517.0,marteno01,martn004,Noelvi,Marte,2001.0,10.0,16.0,2023.0,2026.0
fb47711b,682177.0,25180.0,schneda04,schnd002,Daniel,Schneemann,1997.0,1.0,23.0,2024.0,2026.0
fb729e33,656555.0,16472.0,hoskirh01,hoskr001,Rhys,Hoskins,1993.0,3.0,17.0,2017.0,2026.0
fb781ccd,671213.0,22514.0,casastr01,casat001,Triston,Casas,2000.0,1.0,15.0,2022.0,2025.0
fb919e94,656541.0,17954.0,hillisa01,hills005,Sam,Hilliard,1994.0,2.0,21.0,2019.0,2025.0
fbab510b,624431.0,16725.0,trevijo01,trevj001,Jose,Trevino,1992.0,11.0,28.0,2018.0,2026.0
fbbbe030,669065.0,26151.0,stoweky01,stowk001,Kyle,Stowers,1998.0,1.0,2.0,2022.0,2026.0
fbc00dba,457759.0,5235.0,turneju01,turnj001,Justin,Turner,1984.0,11.0,23.0,2009.0,2025.0
fc11b0b5,621028.0,17696.0,newmake01,newmk001,Kevin,Newman,1993.0,8.0,4.0,2018.0,2025.0
fc423911,690924.0,29704.0,fulfobr01,fulfb001,Braxton,Fulford,1998.0,12.0,9.0,2025.0,2026.0
fcad53a8,682998.0,25878.0,carroco02,carrc005,Corbin,Carroll,2000.0,8.0,21.0,2022.0,2026.0
fd4a3ce6,656448.0,19273.0,garrest01,garrs003,Stone,Garrett,1995.0,11.0,22.0,2022.0,2024.0
fdb19ad6,595281.0,11038.0,kiermke01,kierk001,Kevin,Kiermaier,1990.0,4.0,22.0,2013.0,2024.0
fdc7ab96,571466.0,10200.0,barnhtu01,barnt001,Tucker,Barnhart,1991.0,1.0,7.0,2014.0,2025.0
fdd8af79,677551.0,23667.0,francwa01,franw002,Wander,Franco,2001.0,3.0,1.0,2021.0,2023.0
fe5b3f72,680977.0,24679.0,donovbr01,donob001,Brendan,Donovan,1997.0,1.0,16.0,2022.0,2026.0
fe9fc3b2,690022.0,31500.0,rittery01,rittr002,Ryan,Ritter,2000.0,11.0,10.0,2025.0,2026.0
fea2f131,443558.0,2434.0,cruzne02,cruzn002,Nelson,Cruz,1980.0,7.0,1.0,2005.0,2023.0
ff3ec4a7,594809.0,11205.0,eatonad02,eatoa002,Adam,Eaton,1988.0,12.0,6.0,2012.0,2021.0
