Name,UniqueName,WAR,wRC+,ROI_Contact,ROI_Power,ROI_Speed,ROI_Defense,ROI_Discipline,Best_Tool,Best_ROI,Contact,Power,Speed,Defense,Discipline
Aaron Judge,Aaron Judge (2025),10.123553063479156,204.45786957330023,9.380439716345347,10.361826532606496,-1.117638951230888,-0.7266429146575456,-0.7896656034519813,Power,10.361826532606496,58.12773704676631,80.0,42.87642086433032,54.7325989106232,72.889571000025
Cal Raleigh,Cal Raleigh (2025),9.065312477852814,161.1147743082231,9.014445810948557,10.351494581468403,-2.3452090581941705,-1.7643373658221795,-1.9880719553276442,Power,10.351494581468403,42.98203330171883,77.05072992248961,45.94862697378069,74.12831727985653,53.17225765896432
Bobby Witt Jr.,Bobby Witt Jr. (2025),8.004788844585176,129.71644196602443,9.55808186425565,13.114915594125835,-2.4731911032926743,-1.7963632384171353,-2.232012330780465,Power,13.114915594125835,62.46563426614826,65.17765957198428,73.07113012547809,80.0,45.11730944282793
Shohei Ohtani,Shohei Ohtani (2025),7.474722977328911,172.3156045629402,9.425182241799357,9.67917956354136,-2.21749389188037,-1.56405321264848,-1.9579149337952761,Power,9.67917956354136,50.02425307554227,80.0,61.61787446115412,38.73777752403901,63.57921525817114
Geraldo Perdomo,Geraldo Perdomo (2025),7.079152752480812,137.98755046348717,9.346760153413449,9.390433191896113,-2.080333828439073,-1.25328049478301,-2.0187478678102466,Power,9.390433191896113,74.5577007568764,47.02259641255197,62.27735008269175,59.01807755832581,77.86457527561183
Trea Turner,Trea Turner (2025),6.666986850123993,124.8082278067238,9.562850736403075,13.160733071166774,-2.092760541365443,-1.390100420651653,-2.0163665011284544,Power,13.160733071166774,61.41429834709867,51.3110079730054,75.30722175151837,74.46887423320811,44.55726205432825
Corbin Carroll,Corbin Carroll (2025),6.5267846211336105,139.08839604480144,10.08310201558486,11.448521538290205,-2.49032310197246,-1.7908913203579186,-2.2085360737543906,Power,11.448521538290205,53.60426936196229,69.8565353713293,79.96696502401976,61.76008901300669,50.695888286407374
José Ramírez,José Ramírez (2025),6.3007981342824335,133.4721923751499,9.933480817674642,10.757452745154762,-2.364471694445662,-1.6446771184765325,-2.1182531201603427,Power,10.757452745154762,70.97550519375585,54.90156808894525,78.08681499209005,59.687141476896,59.68804093478487
Francisco Lindor,Francisco Lindor (2025),6.262467207130101,128.77125428201668,10.237295902715287,10.862724444092178,-2.562536234058773,-1.8857083691832341,-2.2807492058407046,Power,10.862724444092178,60.14226617355223,58.19843839642977,63.19459688584076,59.67295847486284,53.242698792298505
Fernando Tatis Jr.,Fernando Tatis Jr. (2025),6.081623189208179,131.28272564346076,9.344119035767008,10.194058536531244,-2.566249927191983,-1.8464553512228543,-2.284462898973914,Power,10.194058536531244,56.32359920186218,61.81837580968167,67.52498710210827,66.86786997796312,63.39585384010012
Juan Soto,Juan Soto (2025),5.790238430984748,155.93110814120718,9.304449126920893,9.79746974852952,-1.7988207586818032,-1.2521797853863363,-1.5827299187094221,Power,9.79746974852952,62.55524280161647,74.86316672892052,69.12671306156746,28.134942515306847,80.0
Julio Rodríguez,Julio Rodríguez (2025),5.72945034937004,125.96944026266532,9.88469304300006,12.587699349747039,-2.5356721222520577,-1.8362403406375172,-2.351568702518849,Power,12.587699349747039,52.06879658014061,63.41291569379656,66.75787505535695,58.89283929338478,36.744764481918864
Jeremy Peña,Jeremy Peña (2025),5.713527144535203,135.11462301057807,9.333909805256807,12.864497701438372,-1.8700056169802064,-1.1952482279201295,-1.7214706511797484,Power,12.864497701438372,58.3933712077372,53.16443646758912,64.50575841097074,63.5705280313132,41.98078987479475
Maikel Garcia,Maikel Garcia (2025),5.624936537258751,120.50392963812814,9.256215066802673,9.245278601238931,-2.1191550224337097,-1.309389717002864,-1.8797561798212357,Contact,9.256215066802673,70.71234951088394,52.39230440136268,53.2728068489286,74.94741179089715,66.01904722887303
Pete Crow-Armstrong,Pete Crow-Armstrong (2025),5.371055371309299,108.9191437637993,9.545203324401482,12.659432705591552,-3.048120581078123,-2.2966338368187267,-2.8545547278271384,Power,12.659432705591552,45.06570836050059,59.985515623557205,73.2362928275455,79.10390096984989,27.493532766678893
George Springer,George Springer (2025),5.1965761135610204,166.12905855908951,9.14242156818733,10.221133754334177,-1.7342800455327896,-1.1876390722373227,-1.475642178665676,Power,10.221133754334177,63.069469629529,67.35719408208635,62.24938409371637,30.607646842400666,62.343535201120304
Byron Buxton,Byron Buxton (2025),5.012449588240003,136.3415758121969,10.86818759240579,11.880007118039638,-2.8832424216162735,-2.3412722675968585,-2.697704782400097,Power,11.880007118039638,45.05803867520451,72.58391306222796,80.0,47.43883126459457,43.77449534321941
Kyle Schwarber,Kyle Schwarber (2025),4.9229221902164575,152.08051640783808,9.227154283629964,8.831090021577243,-1.8449748869015237,-1.0799244600800648,-1.5053751470110304,Contact,9.227154283629964,44.141903717725086,80.0,48.79359276696602,34.199247612592266,67.58947439399913
Cody Bellinger,Cody Bellinger (2025),4.895194035688189,125.03422753309192,9.692767991825308,10.263114335427042,-2.072467673371985,-1.3977102843119062,-1.7905218038647785,Power,10.263114335427042,64.31600968252803,52.778936758498645,55.96499429952567,64.66513094008695,53.04591613050746
Nico Hoerner,Nico Hoerner (2025),4.80335254933368,109.3889383665007,10.983155853551088,10.62986687369413,-6.784524047182904,-6.728108319060011,-7.251405456201949,Contact,10.983155853551088,77.33327321690928,37.92425934227144,65.94962210073402,72.07645316650742,51.11856360658901
Gunnar Henderson,Gunnar Henderson (2025),4.778555438463746,119.78289181549304,10.67642221325652,11.087399103362184,-2.2595159962005664,-1.7467333425069205,-2.0582356893896465,Power,11.087399103362184,57.42510358249942,57.8702132501212,72.36938744323689,48.02849594933843,52.8318514164196
Matt Olson,Matt Olson (2025),4.700861501685093,136.0615266903134,9.690360941156335,10.310461665352316,0.5487502219883719,0.6599381251033458,1.0111406331795634,Power,10.310461665352316,53.42464168607609,66.36644480936666,38.18773432673672,56.131372793911744,60.3301990656161
Alejandro Kirk,Alejandro Kirk (2025),4.677982758635817,115.55087581177855,9.235352299064118,9.148175180246229,0.9603616724923512,0.9972330477726956,1.356326694468191,Contact,9.235352299064118,67.05868145740827,54.989220915475,35.36850556075507,80.0,57.64979149485834
Ketel Marte,Ketel Marte (2025),4.59261322705358,145.2872078795435,9.537721347369482,10.764165755928522,0.324454170812565,0.4298621689958868,0.7150786150642472,Power,10.764165755928522,64.34986930002317,67.30528816800424,40.80075999456791,51.45963423517552,62.7211826252272
Nick Kurtz,Nick Kurtz (2025),4.590344540693458,170.30615312604996,9.037908863485118,9.708649710913294,-1.6025774823101173,-1.1226357213132117,-1.2889149285484973,Power,9.708649710913294,45.0729409753543,78.1344143171237,47.34036123552333,38.74470339690647,61.191860715702326
Junior Caminero,Junior Caminero (2025),4.564728244802292,129.25356454772745,10.302374908595464,12.312417493046215,-1.9605487192177278,-1.3374711572345848,-1.6660767282363442,Power,12.312417493046215,54.915722600635576,72.49676150594266,49.54551801700196,48.4624544110682,43.38288005694788
Kyle Tucker,Kyle Tucker (2025),4.498510782091407,135.97800271715482,10.385142562313847,8.42244481695579,-2.074689185769309,-1.422025761848212,-1.9315883047798377,Contact,10.385142562313847,63.06582665562137,54.18202204992991,66.5416341643766,49.24686231333092,73.3279472544342
Brice Turang,Brice Turang (2025),4.41621399531057,123.56972992154684,10.81384810106647,9.41324851880329,-2.0655183739228002,-1.4128549500017034,-1.8441431708167086,Contact,10.81384810106647,60.53585292714472,54.61219970583737,56.75597355634921,48.688570617152735,57.30821607874539
Jazz Chisholm Jr.,Jazz Chisholm Jr. (2025),4.379344895023726,126.09384578932725,11.009186849955329,10.526854586064307,-3.6560678960471673,-2.884522087582012,-3.36985820793523,Contact,11.009186849955329,41.83454652521929,61.83879348395392,62.52152277688715,58.039401557529295,54.81740340266519
Elly De La Cruz,Elly De La Cruz (2025),4.337031449214489,108.50352613594754,11.076558115797361,10.716027412917821,-3.3802717193527885,-2.7580656004126185,-3.097458161539791,Contact,11.076558115797361,47.37041256958313,60.05139481700576,77.14399855457219,48.49958381029974,52.653260838622415
Will Smith,Will Smith (2025),4.15148634639482,152.73726379964666,9.234813784769935,9.398297834456663,0.7160628280525253,0.7344192973619792,0.9981465277563762,Power,9.398297834456663,62.24115369839444,58.82966080271578,39.16850251651447,46.06972593076199,71.86757323329375
Dillon Dingler,Dillon Dingler (2025),4.091094962702927,108.94446170022889,8.33293545025374,13.229171668070984,-0.9727467559400846,-0.6053364240498346,-0.7344651273001741,Power,13.229171668070984,57.39189349842882,52.56080824411866,45.28538056402703,75.17582671112781,42.513671717697854
Wyatt Langford,Wyatt Langford (2025),4.063929688293446,118.20581472623358,9.284655285485291,9.691810657704169,-3.280902930121706,-2.410974298058656,-2.9123256270869784,Power,9.691810657704169,48.40815234517274,60.34022708259843,56.47603449464053,65.49205784731622,62.63644213243476
Andy Pages,Andy Pages (2025),4.060006152931073,113.46694603698576,8.613537483591125,13.202200916866165,-1.3909154905094896,-0.6868186190811483,-1.1274927200620137,Power,13.202200916866165,57.11661835943372,52.81589769662638,48.4263696466106,65.85516227348567,37.75166251039065
Willy Adames,Willy Adames (2025),4.048889924160104,107.7213517013979,10.609016840336624,10.079136720165542,-3.6177427413682985,-2.770268142525669,-3.3536239840884186,Contact,10.609016840336624,42.432720393192966,55.13363420517332,51.52209546476144,60.246877232115,56.116888297078106
Corey Seager,Corey Seager (2025),4.019348894042064,137.68712924586418,8.98880013190429,10.545351996173274,-1.4244678975855465,-0.9865479260881455,-1.0539475229119075,Power,10.545351996173274,55.92016198988669,65.9887601378052,45.68239861854698,56.72839913583029,60.32321431822546
Kyle Stowers,Kyle Stowers (2025),3.9803249401883822,148.79942673479505,11.008369306605568,10.284283715908142,-3.1110102186193673,-2.4529332998674693,-2.819430656355823,Contact,11.008369306605568,47.96286585529594,70.17629198387411,51.783715394916825,49.419065859268,47.91847681243489
Shea Langeliers,Shea Langeliers (2025),3.952855523380542,132.34545220078903,9.165485074640127,12.678344647758415,-1.717430492265238,-1.2190277659225246,-1.4152606811065136,Power,12.678344647758415,55.26503683639621,64.75241551798392,51.09096753924814,44.29608666330272,42.39226054815396
Jarren Duran,Jarren Duran (2025),3.911707641026082,111.15078705378288,10.700414251970178,11.267850443568049,-3.4973130223845237,-2.737121933647218,-3.119565952764256,Power,11.267850443568049,49.36113507671995,59.67599251325582,69.13518167092201,53.132704879585226,48.75770448329074
Freddie Freeman,Freddie Freeman (2025),3.8921122806271593,139.37060177554082,9.220682608814226,11.392018983475548,-0.7412642681637984,-0.6120165849315129,-0.3858071744038657,Power,11.392018983475548,56.1340507780884,61.23010751540021,45.331193211457744,43.663665301493126,49.381966449075385
Vladimir Guerrero Jr.,Vladimir Guerrero Jr. (2025),3.887758510747029,137.02781322530683,8.996908157821649,10.143537396287638,1.0355023931207885,1.004243378763776,1.4470453475096938,Power,10.143537396287638,67.94360922752135,65.06816648277844,40.90854331426243,41.71359556020615,68.35096966779112
Bo Bichette,Bo Bichette (2025),3.8249870635104086,133.74225688817225,9.002384458079495,12.72018994600923,0.9890054294457358,0.9424036858237952,1.3047129817315841,Power,12.72018994600923,70.03432013481768,57.23719204872587,39.2207181527221,34.92114389585171,41.91176279929232
Ceddanne Rafaela,Ceddanne Rafaela (2025),3.805443670615059,91.48703384452844,9.21362509037147,12.345095748971572,-2.4338512362600073,-1.650541129128923,-2.3242243415699027,Power,12.345095748971572,49.22128338407634,50.43941239737749,63.5569965695617,80.0,30.001542644867737
Eugenio Suárez,Eugenio Suárez (2025),3.801178856616932,124.69361712346377,10.429845672327636,12.011161440147019,-1.51100434483671,-1.3625166290014237,-1.4103988206957345,Power,12.011161440147019,36.73884128481253,69.18897533373666,42.539926803427946,47.4915345963772,43.25276351544125
Manny Machado,Manny Machado (2025),3.75674874619958,123.02550141793589,9.721678354817254,11.24193227619915,-1.892283803568837,-1.310894581362431,-1.49011013433317,Power,11.24193227619915,56.53186641801391,62.96098344837547,50.41359429481248,43.754301988361135,48.56820435927279
Matt Chapman,Matt Chapman (2025),3.693378078578872,118.30905700722283,9.54338321573453,9.560852828838325,-3.0286272576401747,-2.0412761529910326,-2.6933632902089557,Power,9.560852828838325,50.1929388249692,59.35353704568786,50.59689434687828,58.92033841842744,65.44931510400117
William Contreras,William Contreras (2025),3.658735130205547,113.47876548840496,9.561868483454768,10.398360735522818,0.7363565801634994,0.8504130192375715,1.1291710182067225,Power,10.398360735522818,56.07368361299076,54.259443683884975,39.02565236273109,54.903886850942094,61.959388459327855
Pete Alonso,Pete Alonso (2025),3.58680970973192,141.20800005483187,9.604356640676736,9.899598321359798,1.020661152720644,0.8889385997524422,1.4228457642260575,Power,9.899598321359798,56.694676149995416,73.27734582540175,34.47040081375657,32.34653164140942,51.8109013247674
Sal Frelick,Sal Frelick (2025),3.569805757457821,113.95027944107808,11.360914269657055,10.021085347161922,-6.488948352351648,-6.451679038190064,-6.974966763134438,Contact,11.360914269657055,70.60803301768615,39.354880358924326,56.49545863499048,61.52456436387925,55.966562241043206
Alex Bregman,Alex Bregman (2025),3.5313061115866127,125.30300647899588,9.283293093529124,9.496771525042961,0.6686561070934819,0.8502053189221462,0.9811650705176802,Power,9.496771525042961,65.90974213102591,53.17740198358111,40.83552704840438,57.34185436153759,66.26017148520627
Ronald Acuña Jr.,Ronald Acuña Jr. (2025),3.499786826182725,161.08104296056186,9.844119274752071,8.79948493457882,-1.5618024256772591,-1.03445706271096,-1.326411364853059,Contact,9.844119274752071,52.52310269411191,69.27063327589723,55.918673654935496,35.63186540777047,67.24737064508491
Michael Busch,Michael Busch (2025),3.4864568298900225,139.87647460022396,9.433283114574904,10.863811862836249,-0.6321741016475103,-0.38912201329766033,-0.24174448715852218,Power,10.863811862836249,53.5230764293162,68.007168148199,46.29133632896854,43.65163757362983,54.65469431714173
Masyn Winn,Masyn Winn (2025),3.4861426281090795,91.42323105092078,9.844410779274513,11.30825737385374,-5.244536389334777,-4.975224819361,-5.518322006561538,Power,11.30825737385374,58.71083287030128,42.3000254854404,49.37214197747024,80.0,50.18937157243143
Bryce Harper,Bryce Harper (2025),3.474154026482733,131.2467242056975,10.89525226632726,10.517336810725265,-2.9699803489828005,-2.299438347673054,-2.665888066935155,Contact,10.89525226632726,49.47184304000054,63.50838027277001,53.10784130890052,46.817276751496735,49.403995390793874
Mookie Betts,Mookie Betts (2025),3.4144496316617,103.82600808653768,9.411089457182952,9.513641089358298,-1.7996024736196015,-0.9206114587493668,-1.6978862040603016,Power,9.513641089358298,67.1435374428105,45.670881984831816,49.74290799127542,59.01458616986923,66.96382093440825
Hunter Goodman,Hunter Goodman (2025),3.408037153538659,117.70424184789086,9.660407697692596,13.069350864081509,-0.024235736195695287,0.20326731094599765,0.2858988886678804,Power,13.069350864081509,45.947946385551866,66.12221545328777,41.80050396880613,55.12559701723752,35.72218503304738
Jacob Wilson,Jacob Wilson (2025),3.3900440156588365,121.36920669600204,11.31098387445856,10.533539115799293,-5.635508701599058,-5.751409325812628,-6.12606231702198,Contact,11.31098387445856,77.83497320993135,39.94225106604292,45.61846818798683,49.12382333617805,47.79410140918833
Tyler Soderstrom,Tyler Soderstrom (2025),3.3816925809481395,125.25810135928567,9.838910396802522,10.9825028092464,-1.3407895400921361,-1.0446181886205304,-1.072597487508066,Power,10.9825028092464,56.24857805798388,62.91079693070225,46.50842035885572,48.075575651176486,49.39936032567754
Dansby Swanson,Dansby Swanson (2025),3.3544562350877607,99.40050492924944,10.842153495570452,10.493481357904326,-3.3061961960495645,-2.5749593979931924,-2.9510964161155315,Contact,10.842153495570452,46.45497025977996,55.67885482637175,64.88953906713083,55.59368549075735,47.26726948873609
Rafael Devers,Rafael Devers (2025),3.331043295533411,135.3366512011145,9.283605486462063,8.410442534742044,0.6662099379212595,0.732616251822089,1.0508956921731043,Contact,9.283605486462063,45.44866266902143,69.92727905536319,33.918407953345195,38.68860968993392,62.54810280815871
James Wood,James Wood (2025),3.2502182285137025,127.29375842430731,8.78914455139509,9.626971801548889,-1.2107790140204011,-0.8157204915246737,-0.9541278537328284,Power,9.626971801548889,44.86008057852928,74.78667093113053,45.26940817431979,38.09015421513737,62.34437620091845
Patrick Bailey,Patrick Bailey (2025),3.227004321993385,69.7839235772586,10.203906123499696,12.35789946879781,-5.714731919586916,-5.741455562124862,-6.330017196359524,Power,12.35789946879781,40.34739308315381,41.55895185182968,45.347487353444926,80.0,44.96717020906621
Xander Bogaerts,Xander Bogaerts (2025),3.224503001938012,103.86734386363368,9.446799532383181,10.445431018964674,-2.1955480870211033,-1.3939672060631407,-2.091415099497545,Power,10.445431018964674,60.32242849576349,47.886964004885904,59.87882137538739,61.64924463921008,58.70261656368696
Ernie Clement,Ernie Clement (2025),3.216264981626082,97.55813512606844,9.509930924259228,12.986302921933326,-6.088438535594898,-6.027796664974754,-6.549262320706031,Power,12.986302921933326,68.11868957848206,38.525289059727655,47.42942872637871,69.42356180351004,38.76323096709228
Harrison Bader,Harrison Bader (2025),3.1864909863068007,121.9372868346894,9.873935075651163,11.835627234395043,-2.071448270610727,-1.6164707524752162,-1.7260416259809275,Power,11.835627234395043,47.27801168587275,53.175787259386055,44.33835990681306,56.44557801416505,45.70493219458342
Zach McKinstry,Zach McKinstry (2025),3.173167710956428,113.6826954217801,11.281214111360217,10.93230986805042,-2.6029650217460447,-2.0143717378475205,-2.627373617904876,Contact,11.281214111360217,54.84133244303119,45.002364430031896,64.67413913347154,51.56485301274279,52.17509443680958
Steven Kwan,Steven Kwan (2025),3.1707728292801924,98.94299726875172,8.178949794408249,8.814923045964813,-6.962838762898094,-6.9127305796258725,-7.534315467470586,Power,8.814923045964813,74.94246559824806,32.71971995628158,54.26534899413947,71.65378157150045,65.26319838255557
CJ Abrams,CJ Abrams (2025),3.15892119332544,107.31756540218946,9.68413448732104,11.885065971324329,-1.4887777216766167,-1.046527536185117,-1.3795516967334949,Power,11.885065971324329,53.5738082815599,51.78304553758989,77.62766821834848,38.56664357912887,41.55634663211882
Trent Grisham,Trent Grisham (2025),3.15870260854247,129.02449082001655,9.2637526810718,9.841754990278059,1.119269876261898,1.0674933267476654,1.4071414939330693,Power,9.841754990278059,53.48309655308707,62.00740546866249,40.752186702024666,38.14770688898452,72.04558809437475
Josh Naylor,Josh Naylor (2025),3.146882505270386,127.55957763351992,10.208526856669682,11.941039341982101,-1.9444389378352287,-1.3795376115747473,-1.7117555229369923,Power,11.941039341982101,63.06293517858939,56.017434685610354,64.71873556994652,45.46826027124715,44.29236689711575
Drake Baldwin,Drake Baldwin (2025),3.143272499019308,125.32199832860624,9.890889036987137,11.617968097570381,-1.4915176033077158,-1.1434882778279638,-1.1209972286340768,Power,11.617968097570381,63.50732173783064,60.94544993582074,42.92871894877595,52.2618137911932,51.953780669494165
Zach Neto,Zach Neto (2025),3.132452820325666,115.58566304980468,10.19362819884891,11.472476570812585,-2.496216597310168,-2.0448061808621967,-2.1198795593407365,Power,11.472476570812585,46.89799093450234,61.52494528673678,59.640690299345664,42.10488590702401,43.731526559448994
Bryson Stott,Bryson Stott (2025),3.0671196147582083,99.90073669076088,9.641774639675909,10.183761769789294,-4.777303427616653,-4.46570815880096,-5.248457970753638,Power,10.183761769789294,62.67991050968588,43.28085971798683,63.260812942994406,61.52429776039661,62.507867273922685
Austin Wells,Austin Wells (2025),3.053728235869969,93.86250687821568,9.841756978526513,11.892888393976918,-3.2252644362012584,-2.3838527136446452,-2.9477985263146254,Power,11.892888393976918,42.34745846903419,57.23989253562365,49.50834384613968,73.90875825929928,44.24411158580942
Ben Rice,Ben Rice (2025),3.0460694295556765,132.60016845324574,8.98007402353553,10.723744790686794,-0.7992443560334641,-0.458665385283471,-0.44791097491698906,Power,10.723744790686794,60.03009786500692,68.25198727032235,44.96660715007035,45.43407932035172,59.70836674966153
Ryan O'Hearn,Ryan O'Hearn (2025),3.026057404858114,127.26868770556392,9.615287669804985,10.650242858196146,-1.2591166675488503,-0.8954273472762586,-0.9884691138081336,Power,10.650242858196146,59.652402185492846,51.42568669492341,45.14641680767307,51.861943547815024,56.44331332529187
Trevor Story,Trevor Story (2025),3.025020917582097,100.99665332453417,9.676304688817194,12.140955236387166,-2.4190091101356153,-2.002588559356607,-2.118517458687652,Power,12.140955236387166,46.87834331426133,57.06730521116917,77.17853378710974,40.647356558351326,35.40697129856851
Jackson Merrill,Jackson Merrill (2025),3.0181509512309512,116.20445616275909,9.671957673864762,12.54175326049812,-2.1745992588547396,-1.4427064541157866,-1.8803195531246608,Power,12.54175326049812,51.48760442137311,56.028380667416336,49.53480347415845,52.87003356584279,35.34869117002536
Brandon Nimmo,Brandon Nimmo (2025),2.995828314399062,114.08380106543058,11.169814603997354,9.692453469276584,-2.5575751179285615,-1.9643054794711232,-2.317058535259787,Contact,11.169814603997354,55.05093662587191,58.226764621478864,55.24760260730374,49.96308995793198,51.371758039430105
Ramón Laureano,Ramón Laureano (2025),2.953151977478118,137.80491716799915,9.636756479035737,11.150052605108257,-1.0508281865418843,-0.7256132262532062,-0.6823348341628915,Power,11.150052605108257,54.07721509951288,63.94496595385405,47.35228850431354,40.87699715328362,48.949595274308365
Max Muncy,Max Muncy (2025),2.9386610001247537,136.88225240877588,9.817848893234165,9.043614221967497,-2.1166233176332554,-1.4588708337610576,-1.8932198778285965,Contact,9.817848893234165,52.10334289989616,61.40969510828898,51.26351532358273,46.51688726638541,71.23304058588401
Jackson Chourio,Jackson Chourio (2025),2.927121640378953,111.35224164419444,10.200824757200847,11.370012113187048,-1.4795356524709475,-1.0096795253021495,-1.3708991523717777,Power,11.370012113187048,53.13904786254454,56.31618200515404,60.04741842101864,48.22334447858912,36.20917190416895
Taylor Ward,Taylor Ward (2025),2.9254475427018853,116.71884497982768,9.209216017330379,9.314960571203478,-1.4796958426375495,-0.9695960592343131,-1.215909001599956,Power,9.314960571203478,48.991003473943984,61.19132542691168,46.171016893228725,47.52829865736573,65.40491854375182
Riley Greene,Riley Greene (2025),2.9226978875282934,120.77683357750392,9.311080647640221,12.167314228408857,-1.0835948708566918,-0.85935756625889,-0.8725214888977537,Power,12.167314228408857,43.84672264534003,66.77584168449839,42.51149170683726,44.688411346385976,41.783470581841904
Jake Cronenworth,Jake Cronenworth (2025),2.918704221606997,117.49854494100153,10.04245932899291,10.342306736436615,-0.815624185541096,-0.4360119426642882,-0.7400623741732417,Power,10.342306736436615,56.031727146402034,45.53278307748607,42.77024404426059,51.8278264410696,66.27633553123599
Randy Arozarena,Randy Arozarena (2025),2.886755645434405,119.9653375656667,10.205249754613467,9.648809677236462,-2.6123075070417032,-2.055814828318378,-2.360634281026883,Contact,10.205249754613467,43.98486978521232,59.35879574580867,58.44627791474058,38.21442582716318,54.49812953717922
TJ Friedl,TJ Friedl (2025),2.879661786518417,108.56034180948116,10.998208975119935,9.100539565322805,-5.851508843317517,-5.821033992634167,-6.350859230793782,Contact,10.998208975119935,60.53420919299908,39.97061186932078,52.70841399582907,42.59163259677225,70.54234858467623
Yandy Díaz,Yandy Díaz (2025),2.878936507010561,134.60814339668812,9.15786303853079,11.104438459230096,-0.6961031577190527,-0.45680924159341335,-0.37958887967896826,Power,11.104438459230096,70.39160616346726,62.61700917276002,43.21725023856924,31.700755862428466,58.48800821584285
Brendan Donovan,Brendan Donovan (2025),2.855031076009722,118.59689135104448,10.295726919571718,10.45624781037901,-0.7014880261997615,-0.4462000101029947,-0.5810988132542253,Power,10.45624781037901,70.80187586432703,48.919207106285,42.53134861163279,49.99445982191398,58.42970431799334
J.P. Crawford,J.P. Crawford (2025),2.8182207544754494,113.19065201889754,9.208654253095652,9.923251880735336,-4.3306560914336005,-4.4366343784229265,-4.737790585185012,Power,9.923251880735336,60.9792639074886,42.24044931318804,45.36430780620116,38.1387787011905,62.26826152932762
Ian Happ,Ian Happ (2025),2.8071781963268023,115.77252036124874,9.90963339281315,9.645881795677886,0.9893942627828519,1.0919337250070755,1.301903226207051,Contact,9.90963339281315,53.39408547579483,55.24464652083449,40.46429070613661,51.61616810141246,65.40488699561065
Willson Contreras,Willson Contreras (2025),2.765444688547608,123.56341575893369,9.704719378537185,11.496794259930999,-2.1846293236239003,-1.731785292056419,-1.8165753893078647,Power,11.496794259930999,49.41199660671718,61.13812113480765,45.47435925979831,52.87358308341082,46.61015879026431
Roman Anthony,Roman Anthony (2025),2.728426000535148,139.6254499087771,10.001528999540694,9.11114308198437,-2.8845973476113436,-2.0136330889833354,-2.5829885558564945,Contact,10.001528999540694,51.28549507491101,65.17860981531535,52.472145424385104,56.72739277140224,66.2971522068464
Gabriel Moreno,Gabriel Moreno (2025),2.6886347765394585,117.29298683781217,8.64008133568062,10.57072190301394,-0.900435504934574,-0.4621557302970199,-0.7003516967062375,Power,10.57072190301394,64.33830283039225,51.13169130832983,45.74843026906221,64.04546110323798,57.17078732022237
Carlos Narváez,Carlos Narváez (2025),2.680277016981404,97.39202848611907,9.633294582954617,10.743456679914038,0.17798258662544722,0.42554469797290156,0.51937543075853,Power,10.743456679914038,45.62193809178685,54.92113493634298,41.4551649979664,67.45153883978378,48.28266020971897
Colson Montgomery,Colson Montgomery (2025),2.680067254011665,128.92953304025298,10.171328644371558,11.460191761112867,-2.2425865620616494,-1.6617148696896575,-1.9926462356229115,Power,11.460191761112867,40.56062025512015,65.80839975473317,46.11316019770861,60.31742779888331,45.85791058361552
Iván Herrera,Iván Herrera (2025),2.666445319812717,137.47258212875454,9.413638642042867,10.80729056582606,-1.6268138418504745,-1.0779889268579619,-1.1719810941175526,Power,10.80729056582606,60.47249461745814,60.168090284953394,49.50421721943671,43.09950666260099,56.57499206531829
Carson Kelly,Carson Kelly (2025),2.662402597242651,114.53788312329624,9.613998922372243,10.985005449167524,-1.2539154040419271,-0.8091826962701476,-0.9189634833010378,Power,10.985005449167524,55.7140240327591,52.07377635641447,42.85843434388123,57.31944978853789,59.83108405175955
Caleb Durbin,Caleb Durbin (2025),2.642851968434109,105.08224794564076,11.828283141224729,9.76051982290048,-7.039194531634624,-6.95354269054398,-7.494356007134811,Contact,11.828283141224729,67.44232442105212,39.21889425217051,55.345692545611946,55.11887339997444,55.81994944426376
Jorge Polanco,Jorge Polanco (2025),2.635008505511774,132.0893588053727,9.043494761855465,11.020813597483757,-1.0990577216903972,-0.7860575755816858,-0.7475709229212573,Power,11.020813597483757,58.96450733263349,60.13009286216726,46.28544132087604,38.52609439998176,53.22191873777521
Carlos Correa,Carlos Correa (2025),2.6059618088843868,106.24118134646454,10.17541829836855,11.06296458116805,0.5579654709280633,0.6699514341866758,0.9444464673443298,Power,11.06296458116805,60.96163842332624,51.69498099074473,38.34159431388863,52.88545824833008,50.71038553781163
Isaac Collins,Isaac Collins (2025),2.597850617960977,122.27689005395746,10.144276188385627,9.224330606826094,-2.473706773024626,-1.6104193811052818,-2.3455365818913094,Contact,10.144276188385627,55.63924032465764,47.99705337382032,53.19846504501589,52.03859261617053,67.1343827307403
Seiya Suzuki,Seiya Suzuki (2025),2.5933303735339583,122.59029453466638,8.795228434980933,10.222018626962777,-0.7051864201130417,-0.4340984221328033,-0.35873194047904006,Power,10.222018626962777,52.20437897132505,66.57974579191048,46.707000812874206,41.29026568561385,62.13237473698565
Gleyber Torres,Gleyber Torres (2025),2.579047053193212,112.76113802846297,9.201951405632409,9.518857571510377,0.9516005242454232,1.0311457932077241,1.1451089166268449,Power,9.518857571510377,62.73108623267864,48.66303977129215,40.94743490426166,45.41696421268613,73.08673463433789
Xavier Edwards,Xavier Edwards (2025),2.5366147161032924,95.48281525010997,9.790484970917177,10.683939361657803,-7.620706367531595,-7.658891914573111,-8.154506405148641,Power,10.683939361657803,69.8522896290648,35.06800959637525,62.609637703668994,54.34802515930826,53.86410288243808
Jonathan Aranda,Jonathan Aranda (2025),2.5363418909283864,146.04677466089927,10.246097705314826,9.566945491397199,0.8786666084679814,0.7852656736977873,1.2461204373394927,Contact,10.246097705314826,59.97589958433636,61.74777274663992,32.61339110863516,47.73365037893814,50.87057045992627
Christian Yelich,Christian Yelich (2025),2.441379435197057,121.41749554522096,10.355473298425329,10.497512987721654,-2.726551798636649,-2.1104881278553234,-2.4104718955694597,Power,10.497512987721654,49.28424938030256,62.38483088617858,52.82110738359879,36.91747993982765,54.6571784293627
Isaac Paredes,Isaac Paredes (2025),2.433822661876367,127.96436495708564,9.294411580795241,9.776118403654243,1.0627791414304566,1.0644157579793854,1.2812467766554545,Power,9.776118403654243,60.37902974184454,48.46800780094438,38.81030266051731,46.10374359387436,64.65497738251838
Brandon Marsh,Brandon Marsh (2025),2.428677818718473,116.34232068203916,11.087121438329058,9.76437083773801,-2.0948678417377065,-1.5015982032802688,-1.8899197130016834,Contact,11.087121438329058,55.36818499530939,54.441298052275,56.494610283167816,49.195977403510994,50.39919800690425
Brent Rooker,Brent Rooker (2025),2.426791018113569,121.97580261381478,9.692477768003416,10.453970565038425,-2.340107841965917,-1.7077581421177002,-1.9448674294735986,Power,10.453970565038425,49.61664675379372,61.67071801907856,49.42766447734349,35.196496324460725,50.80407081230486
Wilyer Abreu,Wilyer Abreu (2025),2.416784101081031,110.09428943253836,8.90356313937629,10.97595623883297,-1.9074040071196483,-1.4849490893224322,-1.5503724021405594,Power,10.97595623883297,50.49211587672878,59.3108495806972,45.4675230394273,65.17569734178669,48.37502904845183
Jung Hoo Lee,Jung Hoo Lee (2025),2.412602136991063,107.17950801800322,10.831232454051134,9.685286623439037,-5.905447077300159,-5.911254954230264,-6.417549957545787,Contact,10.831232454051134,69.64004698016007,40.89000416891008,58.38081204272686,38.606356860561945,58.737252788018175
Mike Yastrzemski,Mike Yastrzemski (2025),2.3481491059559643,105.9273420216054,9.648261712532207,9.623812617109815,-2.3781007553517863,-1.5099571869774975,-2.2118561546866617,Contact,9.648261712532207,55.90463978954016,51.20625470076446,51.41957575642277,54.19914224922306,66.12642275857357
Spencer Torkelson,Spencer Torkelson (2025),2.336883551251953,117.5714949331538,9.269118150707216,10.658556329099893,-1.5153986539397692,-1.2810895260667337,-1.1088785805850672,Power,10.658556329099893,47.440190854938336,58.881873531336936,44.26565969426245,41.46834755928974,59.17584737325809
Otto Lopez,Otto Lopez (2025),2.3004796569607526,86.20880953158606,9.152422504238729,11.350344249309385,-1.9931327742409224,-1.2210422434149912,-1.848869477786888,Power,11.350344249309385,61.83364851631525,46.39216125536386,49.73112876734915,65.86351126490737,52.624383776847694
Brett Baty,Brett Baty (2025),2.298866795133429,110.61089182065844,10.731591121585355,10.41686087550726,-2.90550068352105,-2.2168504957234987,-2.561344864871468,Contact,10.731591121585355,51.08477094650838,61.85475984472564,55.30076025419847,53.19497321688743,51.14509571623986
Jake Meyers,Jake Meyers (2025),2.2665160017786548,107.328099103895,10.800190395773775,10.485658253830545,-5.276120589718821,-5.097681677290317,-5.704079625884618,Contact,10.800190395773775,61.97805759135095,42.56011940949544,54.9185396600674,58.70923958542012,53.89245128186102
Daulton Varsho,Daulton Varsho (2025),2.2085171929477254,122.81931578249532,10.588318808131294,12.038701184259956,-3.294603724226593,-2.4694780307368713,-3.0973116401489675,Power,12.038701184259956,41.3504624420305,65.08457707413186,53.762549779442935,58.15926199940965,40.60310717791239
Mauricio Dubón,Mauricio Dubón (2025),2.208091871363842,79.91339447300903,9.214201628802568,12.92590489368861,-6.689542398938977,-6.514269375140665,-7.193277450945079,Power,12.92590489368861,61.67103272335907,36.91705177178103,49.45219220521871,79.8131114387044,43.31193622256812
Addison Barger,Addison Barger (2025),2.192148390341301,106.7825389781929,10.141827186152794,12.432553584274414,-2.894595878072826,-2.1528002474987997,-2.490304200042949,Power,12.432553584274414,50.40625862632209,63.23076843346219,48.54764020770405,52.56924733506536,45.168507995274005
Jakob Marsee,Jakob Marsee (2025),2.148949409145185,133.1285647262201,10.293999453573592,9.873367335991823,-2.3293679357986523,-1.5650558894555535,-2.0926333870729055,Contact,10.293999453573592,61.7661602486138,51.60485435126814,58.11590746710658,53.62322698199312,58.17653153843463
Jose Altuve,Jose Altuve (2025),2.1328489507842043,113.3783243381754,9.757830622897183,12.591340393015265,-0.7683991388743853,-0.6042964362717582,-0.6296063482092755,Power,12.591340393015265,58.92282548844475,46.856178681251336,42.872362996102666,38.856127414637314,46.481290995314666
Marcus Semien,Marcus Semien (2025),2.12828188931764,89.02824894465994,10.81268572582838,10.438341408401522,-2.3146195662896254,-1.7115489915889162,-2.334157802509169,Contact,10.81268572582838,53.13475059433559,44.81195943662351,57.92030569332345,60.0428993129916,54.780303458582736
Jeff McNeil,Jeff McNeil (2025),2.11142587133073,110.64836906214204,11.208679359248038,9.923639826481807,-4.805435194529782,-4.509872751577718,-5.258504603548049,Contact,11.208679359248038,62.718762522828655,43.67488412703624,50.10885241225889,49.97077888680026,56.62703927728767
José Caballero,José Caballero (2025),2.1067029065881657,97.03140276750112,11.23330228668953,10.250123338537131,-6.600213798678828,-6.328858121798271,-7.086781637052921,Contact,11.23330228668953,46.08695178669434,42.63424831162757,75.86840328712951,56.15530279942994,58.45322786622423
Alec Burleson,Alec Burleson (2025),2.0986745219023017,124.47509791187048,9.088006298059982,10.62260915773515,-0.8708413384267814,-0.5578411923180703,-0.554922993590392,Power,10.62260915773515,66.31152448889395,54.49902449534058,46.63922142663166,37.63851958855906,49.009476615079095
J.T. Realmuto,J.T. Realmuto (2025),2.0890892380122925,93.99800739965843,10.79897209736534,11.706476435702514,-2.2120268998557657,-1.5871515078303637,-2.1320974497178717,Power,11.706476435702514,53.721543855558814,49.96073411198074,50.699279800499305,49.88291028055463,43.84818117470122
Ryan Jeffers,Ryan Jeffers (2025),2.0757142924315564,113.2695360739141,9.531251978303665,10.658280628421899,1.1163003162618799,1.1066746006293042,1.220912741667011,Power,10.658280628421899,58.14161118258038,47.87012705610535,39.87925600217656,46.54436290486485,63.33958637958294
Lawrence Butler,Lawrence Butler (2025),2.034410742823372,95.51550579704784,11.245900308242561,9.523208933707615,-3.331378385843956,-2.6169287733482736,-3.0758605095474403,Contact,11.245900308242561,40.62075523337188,56.05065830102809,58.79693930493377,51.11520068671069,52.00943526523119
Sean Murphy,Sean Murphy (2025),2.022085185644264,96.64253213367084,9.750062235448713,11.037486024071258,-1.8474015587061543,-1.496695351195306,-1.6151470259166387,Power,11.037486024071258,35.58575563453178,59.583147727433605,42.2403178563491,64.72846879064699,52.270657886318695
Ryan McMahon,Ryan McMahon (2025),1.9390159623370065,86.33602902288065,9.364970851110376,10.419944330635309,-2.676105870914505,-1.9551737940468925,-2.363518416024915,Power,10.419944330635309,34.90414452585941,59.80585977002121,46.880207431364525,62.88134379811851,57.5996941449951
Giancarlo Stanton,Giancarlo Stanton (2025),1.9277738790477952,157.68708286023326,10.048963316760885,10.948985075418092,0.0826947895448097,0.11147525864479746,0.4103331323540076,Power,10.948985075418092,40.38992042344141,80.0,41.19104066493997,41.36414100089088,55.98400913936087
Kyle Teel,Kyle Teel (2025),1.8885521690571507,124.89339324704478,9.866597081228184,9.511480183761417,-1.8205226722977754,-1.3911822564074228,-1.6723108113747263,Contact,9.866597081228184,48.47826232093888,50.9742722091739,45.37643115647773,49.31878503806542,59.93128599452879
Jordan Westburg,Jordan Westburg (2025),1.8827169434687487,114.74215389000976,9.26973476579745,12.384627165096846,-2.3115016158112884,-1.8586575842438076,-1.9686527826077693,Power,12.384627165096846,49.84366291823564,56.95052576277713,44.79078778742368,54.10790813526998,42.9336380167363
Jake Mangum,Jake Mangum (2025),1.827597711992082,95.46626208833396,11.068558864866537,12.730334590360641,-6.813885279900575,-6.75205616328534,-7.315723110455397,Power,12.730334590360641,62.00965404387958,38.10386002196649,63.06704534131119,56.907743574072015,28.1032931282386
Francisco Alvarez,Francisco Alvarez (2025),1.8269705910681493,123.80544826258108,10.385873934380745,10.330217747433233,-2.0119733193240332,-1.6495841802093536,-1.7927436640866206,Contact,10.385873934380745,43.26704711781316,63.29622047223809,44.16464852377618,48.68296971473919,52.63802582874847
Nathan Lukes,Nathan Lukes (2025),1.8224679112290407,103.49786298601786,10.044165316636317,11.927887471557819,0.2556643893871319,0.3277032048645901,0.3236004289089563,Power,11.927887471557819,64.8020631304744,45.12017893100508,41.851504052405865,58.21712105473998,51.93292216168842
Mike Trout,Mike Trout (2025),1.7932103882611072,119.75142681338023,8.663851732950626,9.012693302657242,-1.1770711090912513,-0.6984978985832875,-0.8854474280746228,Power,9.012693302657242,43.542337122322856,64.55205491819942,46.12907221676608,39.15221732927858,70.13360524523668
Myles Straw,Myles Straw (2025),1.7903991558160288,91.14647574319402,11.072042680746225,10.939043246981958,-6.67494702589084,-6.618531297767947,-7.14182843490989,Contact,11.072042680746225,61.81808587981912,37.90274141349137,64.2379503595541,62.46356534241584,49.95715785015974
Josh Smith,Josh Smith (2025),1.762347613801165,100.27388372736355,11.90537294867962,10.200369280922418,-6.065691182113263,-6.166033516430074,-6.538921617064866,Contact,11.90537294867962,58.10925040809428,40.40675020750915,54.736324010095615,44.35777608685062,56.852674898102286
Victor Scott II,Victor Scott II (2025),1.7396654031982317,75.5078097293788,9.1175056222749,10.569323582758745,-8.102348926608002,-8.190304333940547,-8.739359744420858,Power,10.569323582758745,45.08795383441074,33.79009971271808,74.78273920936178,65.07893734658582,53.598820011174
Alec Bohm,Alec Bohm (2025),1.734872532941508,104.82533217200428,10.101384577128162,10.904006459936232,-0.9696453537478464,-0.7087501989405802,-0.8259346121762845,Power,10.904006459936232,67.92103142221268,50.00147182056254,44.21445459222012,50.29793033140914,47.999211913498776
Miguel Rojas,Miguel Rojas (2025),1.721501538679048,99.92768179775628,10.657921489949185,10.984116940006722,-5.136253295691726,-4.8046848151466595,-5.54082360832422,Power,10.984116940006722,60.83225560515159,42.928383109909646,52.542611969490174,58.57753885118644,54.79513483434235
Spencer Horwitz,Spencer Horwitz (2025),1.7212282352319377,119.03362238535505,10.235589722464729,11.025914150128063,-0.16941859933509937,-0.012545800879408056,-0.16956787201821774,Power,11.025914150128063,60.911565575106906,46.39650191191775,42.60203253474536,48.19862297033374,58.76245443779916
Wenceel Pérez,Wenceel Pérez (2025),1.7034371593830289,103.41598693082712,10.758073938704522,10.614741538582292,-2.824329535991773,-2.113943863601471,-2.494158565613914,Contact,10.758073938704522,50.16976133495776,52.10651865796834,55.26486809572396,54.46052212922729,46.80507018115155
Brandon Lowe,Brandon Lowe (2025),1.6801465739883783,113.99114429708716,8.95409991426572,12.279602040950476,-1.354627892799078,-1.138319194875778,-1.1188875278437842,Power,12.279602040950476,43.20256500959585,63.20630579959565,42.79280242553954,32.52486658702582,39.18039630360354
Austin Riley,Austin Riley (2025),1.6665352305783354,103.24553709201687,10.294029235024508,12.420861462665332,-2.4273221587446776,-1.9870613503543961,-2.1054213517926605,Power,12.420861462665332,45.805915778686426,60.44045743663237,44.47067564926516,51.2664722689577,43.15665164750985
Josh Jung,Josh Jung (2025),1.663568021057566,91.20131118833264,8.876308136278467,12.59620771533919,-1.6043362313444014,-1.1210765369798772,-1.4495953452838188,Power,12.59620771533919,50.275652737368006,50.89948515061751,45.91311804576128,59.116078905198265,39.71049526496196
Colt Keith,Colt Keith (2025),1.6418478863513437,108.54647239341595,9.776340655025779,10.52674183273203,-1.7018548832356486,-1.1225361368447029,-1.3755906287749053,Power,10.52674183273203,55.619125650223886,51.63928127565341,50.61621108476437,43.06237104804559,56.25145022321826
Edmundo Sosa,Edmundo Sosa (2025),1.62550046271494,111.39915774596037,8.954448731587165,12.66429991978172,-1.4998612346299192,-1.1211194625149525,-1.307149323289039,Power,12.66429991978172,50.81341875636582,51.69726476707634,45.06858382830222,57.6942246295969,30.415561036895166
Yainer Diaz,Yainer Diaz (2025),1.5891757475451076,91.88190392011954,10.242150317390115,12.746476271729609,0.4159691990146598,0.48163638275877074,0.580157974371933,Power,12.746476271729609,55.706841966152986,53.16978962773842,41.95588283634421,50.09208011004311,26.06811967444789
Luis Torrens,Luis Torrens (2025),1.5884624198265986,79.07973369331869,8.842349483776879,11.678321177380827,-1.1198150923358992,-0.6078290877152734,-0.9253670190843678,Power,11.678321177380827,55.63561364928997,50.55024110933773,45.99899009678633,69.67211682946242,46.514060172443095
Pedro Pagés,Pedro Pagés (2025),1.5845144120762678,76.51890535673009,9.34529911383388,13.390454407030417,0.27800774355639246,0.5514021107421,0.30418088724725384,Power,13.390454407030417,42.41802711370702,46.86998927757786,40.27754205745086,70.87804802631013,37.48335516492752
Oneil Cruz,Oneil Cruz (2025),1.5826519517325606,85.63652013289894,11.601155540277562,10.44468929462644,-3.6581382616255307,-2.9007219380362583,-3.4026203853290165,Contact,11.601155540277562,34.55316736432917,71.10200242753041,76.40409573459074,50.67424849270763,58.43899017576095
Luke Keaschall,Luke Keaschall (2025),1.5609405121583375,133.62393029265988,10.725288431107279,9.148343857622974,-4.616304920106508,-4.3091803598997,-5.11230283442272,Contact,10.725288431107279,63.80199053982921,43.5427074953754,56.86675884078001,48.63521140375766,61.96230761411557
Kerry Carpenter,Kerry Carpenter (2025),1.5091360368151667,114.72685213121945,9.065925746365547,12.412038277250089,-1.7881055013616232,-1.309906663778312,-1.4109906208507452,Power,12.412038277250089,50.64387935045442,61.08855207869832,49.43186528417837,42.58173124575863,35.723696243855855
Jared Triolo,Jared Triolo (2025),1.503858053333905,86.34214621895569,10.762994945093357,10.162142383300745,-2.895587777846411,-2.1831914420867724,-2.9499697394514537,Contact,10.762994945093357,51.07354139342826,44.5574317475698,59.644377004109046,59.96750744048603,57.28094389020278
Bo Naylor,Bo Naylor (2025),1.4790240627913165,84.52468223941526,9.642844167638344,11.005655728106735,-2.1019664819960564,-1.5787772217980491,-1.8885245957386887,Power,11.005655728106735,44.52588821153168,50.52516896873867,44.0419839985209,56.82615323307739,54.154388071107725
Vinnie Pasquantino,Vinnie Pasquantino (2025),1.4760251314812367,115.60980051703578,9.671309065840145,10.316128261020438,0.5928094019003017,0.5551637205266716,1.0373582739046583,Power,10.316128261020438,62.416612842001285,60.55112164764034,37.5642981300557,34.54932966114778,49.24780007490118
Dominic Canzone,Dominic Canzone (2025),1.4699672390343528,140.86973783480403,8.451576076809152,13.204428887022964,-0.7330327121543276,-0.6438430194877907,-0.4027807195069119,Power,13.204428887022964,56.72529393185157,63.553468220758646,45.213212188746816,43.10527491605728,42.722506943686845
Matt Shaw,Matt Shaw (2025),1.4633771243712563,92.9436743433649,11.313365045548245,10.231365884961674,-5.015834619489172,-4.810148580142132,-5.470879190539372,Contact,11.313365045548245,51.97437035763867,43.34725042178747,58.668575211986415,51.73276025573716,49.88465400500667
Romy Gonzalez,Romy Gonzalez (2025),1.4625310993637737,122.73183436412651,8.959793578924145,12.316739735169934,-0.9296188314970704,-0.7641040829603906,-0.7245317877544702,Power,12.316739735169934,52.74993346597501,62.22889238526598,45.83577222697586,45.94563136010785,37.98773561263728
Evan Carter,Evan Carter (2025),1.4271210707995503,107.27542398827268,11.32453145529645,10.430322076144005,-2.738840836960397,-2.0682383753674847,-2.7213384305593307,Contact,11.32453145529645,52.728958067521546,45.056492433041136,64.80432058779988,53.30648929537157,56.89947743543896
Javier Báez,Javier Báez (2025),1.42648302824193,86.39152316600318,10.562136482308,12.129638212432742,-2.8480260718969213,-2.0033028423673516,-2.7966889193516384,Power,12.129638212432742,44.074403803347046,46.99261868399887,54.111676398940446,55.56713557697548,27.443286525711898
Nolan Schanuel,Nolan Schanuel (2025),1.4171351450767276,108.6323906181347,9.310287191706449,9.9018541718161,-4.216562763077594,-4.2940563390374615,-4.551392794736146,Power,9.9018541718161,66.19220751023548,42.140529694728016,46.29043292649459,43.221473208999896,63.21030480876941
Kody Clemens,Kody Clemens (2025),1.4124094067291182,95.06345515948595,10.691797866289876,10.047683927188602,-3.364482353180228,-2.6332455551238567,-2.965048114862898,Contact,10.691797866289876,48.04199077695,58.45979308545779,55.60865353475783,56.59826184257973,48.01742489168215
Matt McLain,Matt McLain (2025),1.4056873734941302,76.96446873414527,10.933940429169114,10.547163200122666,-3.0339638875904122,-2.1871098267323656,-2.9634198128565323,Contact,10.933940429169114,41.483282122126845,46.137720879862826,61.61704293117747,60.90385748106673,55.03664910334311
Daylen Lile,Daylen Lile (2025),1.3969465452185086,132.49464609512847,10.088104966522138,11.361238120114042,-1.4143441434742274,-0.848966825622369,-1.2595586125479268,Power,11.361238120114042,67.12319396945024,50.727797447701285,52.70801481900328,32.685823780216474,45.88140105419741
Mike Tauchman,Mike Tauchman (2025),1.3804506578270184,115.165963099284,10.26423927904483,10.673072389472257,0.8392962005893675,0.8783460690949035,0.9184747419638813,Power,10.673072389472257,53.14896022589155,48.04700081349044,41.29526510199777,48.49078130363029,58.72594482313824
Ke'Bryan Hayes,Ke'Bryan Hayes (2025),1.3718167980969598,64.87872475695353,10.302941442572552,10.949704873270926,-6.304904745413542,-6.198797770434535,-6.742352169699476,Power,10.949704873270926,55.34838102698024,40.86734782360925,50.8867419873957,80.0,51.03743833443897
Joey Ortiz,Joey Ortiz (2025),1.3616286536253466,66.60611864537773,9.43641984051962,12.282551324231614,-6.719658250103486,-6.663242521980593,-7.234664014075949,Power,12.282551324231614,59.20348611598609,36.40715926377044,58.565094657180495,68.71474030747791,45.43223885983924
Michael Harris II,Michael Harris II (2025),1.3594037210795658,82.851702365906,10.0900937803697,11.90773057102396,-2.0764823823401244,-1.4144554916926284,-1.8613631860351754,Power,11.90773057102396,53.46807508274626,54.57188153833338,57.605711639092654,53.36296945194437,26.090533333632703
Matt Wallner,Matt Wallner (2025),1.354983498737889,114.02534523103958,9.91848787627232,10.108210906665978,-2.33456823001266,-1.8431148495809218,-2.0994818179925105,Power,10.108210906665978,32.761103052353604,63.568298116824174,47.06144318702073,45.70471866632315,52.4562356357245
Chase Meidroth,Chase Meidroth (2025),1.3532577510669788,86.50319468655016,9.255210900091871,9.607778965625746,-7.357234408533888,-7.1274179661890065,-7.854558633072056,Power,9.607778965625746,65.90935441941593,36.90085671241434,49.251136412720776,55.601447425106805,64.03325931332245
Gavin Sheets,Gavin Sheets (2025),1.3466349408104012,110.64586228243093,9.680156318728368,11.40907642651337,-0.4003050887076356,-0.27105740547534946,-0.08041644888045334,Power,11.40907642651337,56.119107415269504,54.85068675079551,43.06730832476084,43.304354957549705,51.04944911604409
Miguel Vargas,Miguel Vargas (2025),1.3430150424946476,100.85992923636093,9.77741818201487,10.43210053223999,-1.7084184570703955,-1.0626974529774749,-1.4573265584281159,Power,10.43210053223999,55.86104029671529,50.41280615713972,52.49939608819541,42.13646693834401,58.90366425675817
Lenyn Sosa,Lenyn Sosa (2025),1.3421614322915458,99.60694748581646,8.832170039608064,12.768560004036612,-0.6916520863235966,-0.49652114193764685,-0.47532677241781374,Power,12.768560004036612,55.669403766733,55.23925948310298,44.76013906189055,44.90150318701525,32.656024567893226
Ozzie Albies,Ozzie Albies (2025),1.3306356540757664,86.88430580194277,12.181882381398122,10.734368423724911,-5.097638997101347,-5.099084294585309,-5.512128048650038,Contact,12.181882381398122,56.299012082680605,41.64080394282966,55.77092727970215,46.452879584264586,46.22791104960814
Joey Bart,Joey Bart (2025),1.3218509390859547,100.60660335849975,9.849923214199102,10.81489004990552,-0.15338079441092384,0.11872452381920776,0.07258579849866144,Power,10.81489004990552,45.803906473178856,47.84862677357681,41.13051697533047,51.81238421174592,61.30462538958309
Daniel Schneemann,Daniel Schneemann (2025),1.321754070804998,78.92617847580267,10.475319808492118,10.483129823039963,-3.1478142081339584,-2.2968562588059838,-3.0183984398994483,Power,10.483129823039963,39.787382076203386,50.55109201209999,53.00906319007697,63.57267869975942,52.856843476239824
Davis Schneider,Davis Schneider (2025),1.3033304965985997,127.05872697840208,10.136311153243314,8.603013628863152,-2.142147839686803,-1.3515619470035045,-1.8793752943889417,Contact,10.136311153243314,41.95354113762187,55.19097057480489,48.65066948377325,47.89557559961072,65.54884492048265
Danny Jansen,Danny Jansen (2025),1.3021022897209091,103.08123936572647,9.653599885063926,10.011222706502938,-0.5987387726454113,-0.3034313336557088,-0.5592484024422558,Power,10.011222706502938,45.126224451789135,48.317883269080944,42.09117297428715,46.1346520008131,62.64287737974361
Cedric Mullins,Cedric Mullins (2025),1.285559192319055,94.13674240960768,10.468605402100732,10.4905636789124,-2.2269718548433675,-1.6019579521506895,-2.0072813562002687,Power,10.4905636789124,46.31115299811321,46.952863921011534,62.47440590831598,42.09560506199172,53.8930457087096
Luis Robert Jr.,Luis Robert Jr. (2025),1.2747873716238205,83.53411999668151,11.132105201843292,11.642781647089926,-3.1910268705120477,-2.4215515378623516,-2.945425438105971,Power,11.642781647089926,41.44849188400941,52.84012001806144,62.5877776789614,57.10543842518175,45.16457077752027
Jurickson Profar,Jurickson Profar (2025),1.2555631133152012,122.22557653155958,9.469743352841629,9.307827255146531,-1.4349591285321508,-0.7704446941212506,-1.3227206245005825,Contact,9.469743352841629,58.76023638938818,50.42876766291479,53.06246869121783,37.30308181989536,65.05999240794685
Heriberto Hernández,Heriberto Hernández (2025),1.251851839365738,117.93053907429874,10.122547152099528,10.481608352066802,-2.384873487986531,-1.90486231038806,-2.0674204244992094,Power,10.481608352066802,44.87860958089392,56.00832444960898,44.38739391127638,52.83702866005706,56.13640823342635
Austin Hays,Austin Hays (2025),1.2405869903411828,104.51996547783054,10.478908830977065,10.602754009736428,-2.3653145784565237,-1.7449279154887787,-2.2437066642036143,Power,10.602754009736428,44.54794112944009,52.627266418720765,59.04209215132069,48.776749996972406,41.61953204430312
Jackson Holliday,Jackson Holliday (2025),1.230759099034192,95.58969877514492,9.836516453351436,11.812939735751705,1.038682611422149,0.923180754448195,1.228779156657348,Power,11.812939735751705,52.3745975824145,47.6170967654381,41.47119174286063,41.11836657372077,54.21735925865378
Jo Adell,Jo Adell (2025),1.224196362781221,112.44059254643317,9.055776761880344,11.83159421701752,-2.040232080188794,-1.4539314779397623,-1.723015046726979,Power,11.83159421701752,46.18477093840491,69.02503232252411,48.8461735400342,23.2083469558344,39.65210817091048
Marcell Ozuna,Marcell Ozuna (2025),1.217890923081362,113.9681445333606,9.24847714631225,8.233625451523464,0.9326063497083631,0.9839120659098068,1.2948172957345483,Contact,9.24847714631225,49.29654631884393,55.10378028576307,37.63885785303833,40.3400350581996,71.7975731394275
Tommy Edman,Tommy Edman (2025),1.19600971354407,80.7094917400987,9.17567774015435,13.676403823746812,-2.265001615884712,-1.4749828521814967,-2.1480261846596984,Power,13.676403823746812,59.56224658797159,46.84619423054656,49.77984712494429,62.9931320432776,45.06701866564112
Kyle Manzardo,Kyle Manzardo (2025),1.1767582578790226,112.65081053203048,9.440516938980432,10.241946802566682,-1.8254434119110277,-1.4855620354097414,-1.499127084544078,Power,10.241946802566682,45.911087449271065,58.55372848794539,45.95448814987844,39.136865411770415,49.59196113645845
Adley Rutschman,Adley Rutschman (2025),1.1638089115843926,91.2201660293606,9.080315903191881,10.335099258909388,-1.1992019790606159,-0.7323330259355587,-1.0488826719762188,Power,10.335099258909388,59.41760306719789,48.042211857498245,43.42606611217216,54.65318084704119,64.91592183608907
Tyler Stephenson,Tyler Stephenson (2025),1.1281607469515589,99.45398981694092,10.827704759374305,10.071546026310338,-0.753085437479784,-0.6231453646161211,-0.5803402333862584,Contact,10.827704759374305,40.61665602920501,57.23230443064767,41.91744792769235,48.92259643918969,55.25023838138672
Kyle Isbel,Kyle Isbel (2025),1.122336172344843,79.20166569806034,9.931482695208963,11.802555343270605,-5.6523917949257765,-5.723763719964715,-6.082374743947584,Power,11.802555343270605,57.24551503353649,39.88564584313994,44.84447029929926,62.32965564862732,49.35403085678151
Christian Walker,Christian Walker (2025),1.1106047412554876,98.91744435595209,9.786991107041805,11.593020442664669,-1.7712893036709132,-1.5590232480485493,-1.6485406907549718,Power,11.593020442664669,41.67292506121106,58.45383301733044,42.713016033478965,47.990006649056646,41.67982992179279
Miguel Andujar,Miguel Andujar (2025),1.1067798385284575,124.62885828351988,8.794946705921715,13.462742017754039,-0.3166552953143672,-0.19219865547576334,-0.15643384402492358,Power,13.462742017754039,65.43622789139236,48.45661942036577,42.65004654375946,40.43993733638938,38.91874078967528
Heliot Ramos,Heliot Ramos (2025),1.0949017223991269,106.41887827038718,9.976487777287222,11.121051236766114,1.1506472474738725,1.0588127073938907,1.4454974381070254,Power,11.121051236766114,52.97080985931504,56.51539289595954,40.6468622563279,31.70607798730301,47.4698636898012
Ramón Urías,Ramón Urías (2025),1.0937731584439947,86.79509479905066,9.499529550788454,11.952160956766406,-2.0795199715557264,-1.5647269889344755,-1.8381245041558794,Power,11.952160956766406,48.357692521925486,48.581246536773016,45.50685873822161,58.354916312569976,45.83846135417835
Gabriel Arias,Gabriel Arias (2025),1.0863526127820544,76.97953615359889,10.35277421738814,12.174724060286989,-2.694796149104418,-1.875513966569026,-2.449035367417087,Power,12.174724060286989,27.308910478005043,52.82963796884584,49.63309157243604,57.8497150582217,32.849730919394155
Bryan Reynolds,Bryan Reynolds (2025),1.0782438394413298,99.2542017197389,9.41317508581802,10.439363496461155,-1.66586819476645,-1.4059418914379707,-1.303919189470429,Power,10.439363496461155,47.594633020029,55.88479597557146,46.138882678442044,40.56370798332102,49.6620054690413
Blaze Alexander,Blaze Alexander (2025),1.0504115878801052,99.29029533222676,10.634997586570389,10.790608315834303,-2.3714907406388375,-1.8935500388558257,-2.0850577439406934,Power,10.790608315834303,39.59938270466239,53.89111941109245,43.13014597872988,54.58319070868195,49.86766346296374
Nick Fortes,Nick Fortes (2025),1.0415364560068512,80.41164724203314,10.395402111754956,12.108060641302028,-3.339138935042775,-3.050244046709088,-3.6839357127522847,Power,12.108060641302028,53.32288230334355,44.26855817370577,48.382833482625486,59.02487791495535,45.66039978053583
Andrés Giménez,Andrés Giménez (2025),1.0353732200587389,70.41048581817422,9.205701371028987,12.111561018528352,-7.0449073515226015,-7.070894134489569,-7.654397349214556,Power,12.111561018528352,52.50497796516086,36.31768695888371,57.5008624760998,64.80142496924937,42.76442632335522
Jesús Sánchez,Jesús Sánchez (2025),1.0334220205263192,93.36182380308922,11.263977049481927,9.843759196243845,-3.127033284876899,-2.452892682789999,-2.7631675004923193,Contact,11.263977049481927,48.58294360891975,55.702878297688926,55.50520293495587,50.85318540310051,48.42798177317241
Cam Smith,Cam Smith (2025),1.0285038202228904,90.27047905751526,11.051924881790221,10.105604419234798,-2.84317586066529,-2.0354897628994313,-2.6941550996351475,Contact,11.051924881790221,44.53484280472596,47.79316883484824,55.69041651113034,51.43372867000447,48.27695921159437
Anthony Volpe,Anthony Volpe (2025),1.023192529674097,82.91537728484958,10.788503809981112,9.840908411546188,-2.3724224031620342,-1.789135576530426,-2.07189286490248,Contact,10.788503809981112,45.650934244129125,51.90825662703047,54.01451325895512,44.25869906437776,50.37802029284894
Jacob Young,Jacob Young (2025),1.0097646649008445,66.46290774755558,8.083287135624932,10.633736923948053,-6.712559666517427,-6.904877819289668,-7.27571334706725,Power,10.633736923948053,59.97038234716646,35.15019798508812,45.26380014978911,70.77980598250629,55.93223563432433
Liam Hicks,Liam Hicks (2025),1.0049943055347237,98.4764012202611,9.102114231333188,8.724176535307159,-6.19073599863276,-6.283074528938852,-6.825543832385343,Contact,9.102114231333188,62.84905425751677,36.53943810093384,46.18919921646566,48.16650653421974,70.71254497398434
Rob Refsnyder,Rob Refsnyder (2025),0.9966293543236804,127.72064448780624,9.80509189840253,9.991109640480323,-1.943152866500097,-1.320406123580504,-1.626984755042161,Power,9.991109640480323,52.32633632938731,61.75603254180638,49.95804481863584,47.6139599127482,60.957610680315085
Kyle Higashioka,Kyle Higashioka (2025),0.9897443094231956,92.96629799439977,9.843202691608,10.757347081502768,-1.6601051262310391,-1.0508795195983802,-1.3721708295746915,Power,10.757347081502768,51.3995270504916,48.78033772697864,46.98268997624325,51.79583313257121,48.39528560382353
Royce Lewis,Royce Lewis (2025),0.9830478409959428,84.61138891739624,10.914513721761955,11.859826761146714,-2.896322333294751,-2.1859366609044497,-2.7232303775067845,Power,11.859826761146714,49.93396542818975,51.49624183384056,54.357217297575815,53.48427902801172,43.47668282207678
Noelvi Marte,Noelvi Marte (2025),0.9742516598936476,100.71532062187596,9.832750914451703,11.332861691184654,-2.2136247403728992,-1.6844555551850153,-2.04991120556855,Power,11.332861691184654,50.01366842534756,55.48432857984154,55.37727793987749,45.77120235463103,38.314917422101104
Freddy Fermin,Freddy Fermin (2025),0.9737257802459932,77.31664205501721,10.542669594666227,13.564393984368172,-4.482122872139153,-4.859002779685831,-5.088487417512632,Power,13.564393984368172,51.796474514226375,40.742536965035455,40.719689717325394,59.4397305363625,41.77378570877161
Spencer Steer,Spencer Steer (2025),0.9500603688744852,97.04870123388793,10.952616316551445,10.243567701699549,-2.853733696934022,-2.019433797048258,-2.701077269811384,Contact,10.952616316551445,47.60275479430255,46.71112849724152,50.14051577460138,49.556986184729766,52.60512162411346
Alex Call,Alex Call (2025),0.9416068874480832,112.82532246310346,9.572050546418119,9.153464294007069,-4.638853848316379,-4.637153832447007,-5.109525604107998,Contact,9.572050546418119,60.40775038438203,42.34088702424921,46.75769335137214,46.14527127423901,68.05922340977793
Nick Gonzales,Nick Gonzales (2025),0.9069455203156516,81.58242837354327,9.619150407179673,13.599930638745827,-4.255748320447675,-4.357938650616841,-4.764793220191959,Power,13.599930638745827,53.46292005955198,43.17580588149416,43.69117833746702,56.97004205854301,37.33525698872006
Ty France,Ty France (2025),0.8866758005476509,92.00466011942656,9.279885336879587,14.363794090452517,0.8861984885217142,1.0072776112175261,0.9343963441842406,Power,14.363794090452517,57.73257050569335,46.6709949639468,41.48821718466008,58.916691852736605,39.64789012039301
Luis Arraez,Luis Arraez (2025),0.8831186375556885,104.0334194757212,8.284874069395967,9.72343399117697,-6.369428848252361,-6.324968591742614,-6.905726899235678,Power,9.72343399117697,80.0,33.89469652365332,48.340963352852135,33.65593599360152,61.16347708801011
Rhys Hoskins,Rhys Hoskins (2025),0.8794877929127051,108.53403618407047,9.679392995697196,8.788753059039845,-1.7873195161547002,-1.2862385430333425,-1.568965668499717,Contact,9.679392995697196,46.1892152699272,54.60545301865805,44.7519982331077,49.00776306576582,61.87118050427552
Jordan Beck,Jordan Beck (2025),0.8716846068414539,90.44762839813002,11.35352466948432,9.90757603808242,-2.791235892629829,-2.0670177076308933,-2.6680909881475467,Contact,11.35352466948432,43.59048774820151,51.4001915002953,51.718846269659984,50.27847946580171,48.01601276595586
Nolan Arenado,Nolan Arenado (2025),0.8522272506039805,84.05238809571821,10.517440099284158,11.446429860200164,-5.590047703681503,-5.409894834187795,-5.832976385625665,Power,11.446429860200164,59.85822798902825,41.49989621093309,47.283572053250985,56.0463337990192,47.23722914795252
Victor Caratini,Victor Caratini (2025),0.8505063899407801,104.37942290403828,9.53456432952258,11.734425358603305,0.48883452322508986,0.49145038909679734,0.7651782125914219,Power,11.734425358603305,58.59894723131062,48.988138714435465,42.03769507988503,42.78873952369454,50.720231668785246
Lars Nootbaar,Lars Nootbaar (2025),0.8303861492028995,96.08971123372274,9.512783301993444,9.853531827474592,1.753968752447262,1.7138677860693625,2.087578992404475,Power,9.853531827474592,53.64348616384839,52.68277035419869,40.04900202958181,44.05988032303043,64.58939093798656
Ezequiel Tovar,Ezequiel Tovar (2025),0.8277689488727018,77.79293465004093,9.661244949865585,12.557067784505024,-2.5782104809072193,-1.7310255667181143,-2.40544080966066,Power,12.557067784505024,44.86609035554908,50.41396234371667,49.9404820838888,56.40961820859551,29.9507855000476
Jake Bauers,Jake Bauers (2025),0.8081119495496547,114.37296019969206,10.346933580228416,8.929818546798028,-2.359528273114955,-1.6038743228230956,-2.1335514718947928,Contact,10.346933580228416,49.05226532168202,56.53143297199081,54.77340209726438,47.118051415124825,64.51638832645396
Tyrone Taylor,Tyrone Taylor (2025),0.7876812877103551,69.98385009970679,11.475534994749884,12.057091859377657,-6.757400542994217,-6.783387325961182,-7.359706569013086,Power,12.057091859377657,51.94887067301779,38.336839096236574,61.51811825632652,59.88907256457246,41.72922521834023
Paul Goldschmidt,Paul Goldschmidt (2025),0.7743569179844445,103.42911759869703,9.001152797723444,11.061969988828976,-0.5234080621472946,-0.2365196876240673,-0.22599621857772542,Power,11.061969988828976,61.0618253609187,49.691985166773165,46.444106471745016,42.066945917484986,48.56073901150308
Eli White,Eli White (2025),0.7600098628774588,83.53405311581214,9.97414244575248,12.197874633823895,-2.8204907585706853,-2.0634217046760575,-2.6670857643514623,Power,12.197874633823895,47.3989926430833,50.60794711161661,62.86046261553781,58.25778843170917,40.02570573695701
Adam Frazier,Adam Frazier (2025),0.7423660421548769,88.5631944045655,10.048039292954948,13.141187163322725,-6.444861141691484,-6.617278022840763,-6.976033307770067,Power,13.141187163322725,59.54589407688621,32.79141801454597,42.17576739626704,50.58187763597089,43.80636295671791
Lourdes Gurriel Jr.,Lourdes Gurriel Jr. (2025),0.7401006271042117,94.63401352769505,8.98017467465783,12.502638650091411,-1.071555947357938,-0.6088286500223353,-0.9143676406109944,Power,12.502638650091411,58.56628273976219,47.98612304928923,48.04815827368553,45.6320615770072,41.681636332453
Adolis García,Adolis García (2025),0.7387872814393904,82.82936211315248,10.57107924605394,11.918780634037256,-3.4107755240906528,-2.6029956573622157,-3.2134834400130274,Power,11.918780634037256,42.40529299721819,56.76055695125,53.1851724126605,53.93540545684442,37.27128455218099
Luis García Jr.,Luis García Jr. (2025),0.7319554727275124,91.09834515432694,8.903715657283044,12.659788610887574,-1.3264721775056119,-0.8137128526082877,-1.0434437459095671,Power,12.659788610887574,59.54605821013927,53.25646133721065,50.7982705947531,42.33913838029198,37.16900052185228
Javier Sanoja,Javier Sanoja (2025),0.7278875338392609,85.92940682522564,10.761245925599688,11.050741746632566,-5.707664150046564,-5.363535611423886,-5.971578280998774,Power,11.050741746632566,64.51454736839969,42.426376210595286,49.00111894078817,53.13594751456849,49.791770680267554
Nick Allen,Nick Allen (2025),0.7275476677350856,53.05633301470826,8.54298605672507,11.461662587455814,-6.62762198706676,-6.840510599084182,-7.194899943834511,Power,11.461662587455814,49.209206969008434,25.291052314106903,42.30877938054925,74.81116788875342,49.33747082670331
Casey Schmitt,Casey Schmitt (2025),0.7194883352491801,98.41955301869665,10.000960555354622,12.080287369973467,0.5340011744918578,0.5431015148461111,0.7936359008944852,Power,12.080287369973467,49.14394367122633,52.31447571161621,41.68584462472434,46.12671937546367,44.59927124482556
Chandler Simpson,Chandler Simpson (2025),0.7189513719379533,87.6851696317996,9.564369444045834,11.34167287803261,-6.500390143467652,-6.643916139047542,-6.982904542896807,Power,11.34167287803261,74.71896441531476,28.599696081311052,72.85669228512776,37.98698976427251,46.886541841352575
Isiah Kiner-Falefa,Isiah Kiner-Falefa (2025),0.703730389349575,74.82591581570927,9.46112867967671,11.925358571796645,-7.205277141798901,-7.153203224207376,-7.678903776379396,Power,11.925358571796645,63.16411529428146,31.98142315396648,56.131921473181706,52.372474117825696,40.10745394319386
Pavin Smith,Pavin Smith (2025),0.6998725618438905,122.86498466700075,9.005240318106795,9.746793284741221,-1.1814326566429412,-0.8110893954480342,-0.879042874069327,Power,9.746793284741221,42.64527777699808,55.849079365173786,43.56238431116263,43.618417591664944,63.35824362502319
Yoán Moncada,Yoán Moncada (2025),0.693764063433656,117.14707793360716,9.218836855078314,9.714258007077582,-2.007047406574422,-1.5271056455775152,-1.6933848528128015,Power,9.714258007077582,42.937643710540925,58.55268743352631,46.967387707690506,34.38861359962304,56.746935322396375
Starling Marte,Starling Marte (2025),0.6793544611708657,112.33931793249997,10.04649386750178,11.00455573814954,-1.1661054951612244,-0.7789906440095261,-0.9823137365839415,Power,11.00455573814954,52.80740283849898,49.07539202169645,47.59118243029717,46.60269022846185,45.69104940719588
Jasson Domínguez,Jasson Domínguez (2025),0.6751629052541493,103.28416604917238,10.426706685909487,10.19215605936906,-2.2906042029519456,-1.8165490010186136,-2.005937594021538,Contact,10.426706685909487,47.630702819074905,51.943372129445166,62.742097817579534,34.14407565632534,47.6685599592775
Colton Cowser,Colton Cowser (2025),0.6610272028169001,82.55284678992138,11.198715604059702,10.203646351348969,-3.510022799295485,-2.7955731867998033,-3.254504922998969,Contact,11.198715604059702,32.32251849896419,59.609982523258566,61.12460930356019,51.21905370215673,52.29115221935557
Teoscar Hernández,Teoscar Hernández (2025),0.6358660331450471,101.8118617921333,8.731165094476042,11.580021487155769,-1.7051705240124586,-1.3082534646748918,-1.4485833230298375,Power,11.580021487155769,44.95263231884803,59.44609699502577,47.0824483905771,35.02831590627778,40.712505101223286
Mickey Moniak,Mickey Moniak (2025),0.6324295313216354,110.10551909965322,9.577209025049976,11.703330449973116,-2.0588050983473614,-1.6041733078936586,-1.8475354885907196,Power,11.703330449973116,50.08520984714225,62.01608083273399,56.050073197076685,27.289242303390434,34.02493550451153
Max Kepler,Max Kepler (2025),0.6056658790413879,89.82443189670877,10.54174393756523,10.043935159540306,-2.288379450490339,-1.6782292253118327,-2.0173729181484448,Contact,10.54174393756523,50.121043870458784,54.79999194480991,49.24080439077353,47.86986311507664,54.91732182006451
Andrew Vaughn,Andrew Vaughn (2025),0.577946130133122,99.10267207349575,10.375595094981435,11.125079024127372,1.1794513703229597,1.0953987861494483,1.4689724847627768,Power,11.125079024127372,58.003136842169006,55.42950384344672,38.938402654443806,47.90312766754676,49.00136444693693
Connor Norby,Connor Norby (2025),0.5507260203251775,89.7731306169225,10.608993989510285,11.683678092357184,-2.4238234347810796,-1.706094045800345,-2.4142988185531054,Power,11.683678092357184,44.08936893893343,47.04945203387931,53.14096408961596,46.83402580163743,38.81760953254447
Max Schuemann,Max Schuemann (2025),0.5489864359159574,62.34014049341528,9.898166336106266,9.692780480051765,-7.834191817013525,-7.777648469187217,-8.434183706916228,Contact,9.898166336106266,49.139977651256736,37.20961618131631,56.157678861786586,62.606361141388206,60.29829897850442
Willi Castro,Willi Castro (2025),0.5488158822401294,92.25830125485469,11.39250869420555,11.132866617455612,-1.822908359768999,-1.2172315969579919,-1.7455143199680372,Contact,11.39250869420555,44.4504260359076,45.88963561589726,53.09547117072443,41.0933456533312,45.59210110096346
Salvador Perez,Salvador Perez (2025),0.5315259384179933,95.44811914512562,9.221085312992097,11.260677101832568,1.088851327886278,0.9245133775399708,1.4513287522007419,Power,11.260677101832568,50.45704234232773,60.94297239874475,35.44895707788213,35.227782426069766,29.50594864523442
Thomas Saggese,Thomas Saggese (2025),0.5192833340126632,81.19309078892995,10.672124407525214,12.278574358347646,-2.738466446183716,-2.0517888362687478,-2.7172365736208763,Power,12.278574358347646,48.881158105620685,44.62411198304332,49.99441299533586,50.97554025039962,40.82488469441549
Alek Thomas,Alek Thomas (2025),0.4427960098354678,81.31357924365041,9.569898993239063,12.412126727851557,-2.2367944234978148,-1.6162187314021934,-2.065413273183168,Power,12.412126727851557,46.6682754919172,47.47687969115993,51.78630808385303,43.78327319058341,36.892507398500925
Brenton Doyle,Brenton Doyle (2025),0.4366144612784974,65.19035574944472,9.542250526352296,11.857125205766419,-2.834350813729003,-2.064875481079306,-2.684824123586461,Power,11.857125205766419,44.142342876740855,51.828440775782745,60.25257411643488,62.03463478888111,42.66062281509053
Mark Vientos,Mark Vientos (2025),0.4104534466783947,96.7823204814547,8.741011636830335,11.404943317947488,-1.7300014496304221,-1.430178063694886,-1.495453121392793,Power,11.404943317947488,42.598102205093,57.192573784193456,46.28288333909947,38.722348560773966,40.614976970540624
Brayan Rocchio,Brayan Rocchio (2025),0.3967039556179627,77.32626630544114,11.968400540073027,11.699314642489718,-6.294251101078847,-6.297686310447458,-6.9143528881027985,Contact,11.968400540073027,50.94468579726358,41.008946006430776,48.67292984407193,49.89059258266461,43.1131055013072
Dominic Smith,Dominic Smith (2025),0.3893359346756634,110.85913297798828,10.354557258429795,12.220913293180962,-1.2264665646248487,-0.8312639839969881,-1.1613454550486826,Power,12.220913293180962,57.01489278586129,44.8323516024311,48.53118962869247,44.09385543089586,45.60671223227937
Ben Williamson,Ben Williamson (2025),0.3783324329847824,76.39023510768256,11.082433744836697,12.423841758922116,-6.8905068222787005,-6.801789915862088,-7.42622861779308,Power,12.423841758922116,53.52682630406774,40.11485540752855,50.90652005885706,52.817514756930905,42.66899187828548
Elias Díaz,Elias Díaz (2025),0.3741822079568798,73.72194355132103,10.894396995594839,13.045931314404458,-0.28875135991447093,-0.015356992728763223,-0.19431083696276347,Power,13.045931314404458,35.04412031981214,47.014175990683576,40.57231323697083,56.352406587242825,43.865442230916216
Kameron Misner,Kameron Misner (2025),0.3329409904418305,70.70623682811436,11.857466230237772,10.43046307819238,-5.400093406584965,-5.166906968820211,-5.955118036582825,Contact,11.857466230237772,34.109565221030664,43.52366504975736,57.59748108000146,56.43985387943744,46.82853225233487
Brooks Lee,Brooks Lee (2025),0.3187687622033011,80.54517307796851,10.62331999206951,12.715180614498465,-0.43055568186356763,-0.3158551504752972,-0.47354689156454116,Power,12.715180614498465,51.25494084675671,46.19075558157751,42.516521429091696,46.66529431568914,43.445125359057904
Jose Trevino,Jose Trevino (2025),0.3087365690690279,66.1954285141201,10.660349061301977,13.197599224686664,-3.6731497869866327,-3.906537172443462,-4.014980773991735,Power,13.197599224686664,58.3962707234197,42.11867602140912,40.577756941988525,58.55988487372871,45.90927034173056
Carlos Santana,Carlos Santana (2025),0.2967989270571408,81.67153940818149,10.273270231493582,10.426115733732336,-5.622348392346155,-5.330534085050261,-6.079217394094152,Power,10.426115733732336,48.37017599339644,43.91750595149129,49.89682924510738,56.7352349274219,58.81848783589624
Jake Fraley,Jake Fraley (2025),0.2923074945678588,97.37764634479268,10.723532979516019,10.053078614739269,-5.252517759771512,-5.336700390626367,-5.835828060160537,Contact,10.723532979516019,50.53840911304998,42.5299616127074,46.95430575489879,47.55645430414391,56.78249308563318
Gavin Lux,Gavin Lux (2025),0.2885990402134334,101.51911393615173,9.759758318876319,10.14738644213118,-5.411229935279594,-5.5854278566778435,-5.946980979866884,Power,10.14738644213118,57.20392817498529,40.45765045493155,45.95162992486628,33.262034673269326,62.039943028280994
Christian Vázquez,Christian Vázquez (2025),0.2670151607568536,54.888324933047926,9.175215138649058,11.319096686895715,-7.133940378317878,-7.438239150342756,-7.802100486696565,Power,11.319096686895715,52.72809969171276,33.954748792481354,42.8424159268073,60.04799092779932,56.12927715965386
Taylor Walls,Taylor Walls (2025),0.2587923695679024,66.15115577384425,10.530251087115827,10.086398410535965,-8.30119390535661,-8.398860279396901,-8.939914881520865,Contact,10.530251087115827,50.64057375358528,34.96144779871819,53.5689314639749,53.32872835815366,55.2232348338742
Coby Mayo,Coby Mayo (2025),0.2389140099569155,94.5110934416462,10.847313279587489,9.944933480978282,-2.7387646147581375,-1.8688931004648657,-2.613449483146466,Contact,10.847313279587489,39.3784415334814,48.32337201636079,50.35800631116429,45.18417407349077,51.07767635265477
Trevor Larnach,Trevor Larnach (2025),0.218033942623498,101.85669871858448,9.859517053664481,10.74161035743515,0.5025950673209526,0.5268531758753094,0.8355870733023605,Power,10.74161035743515,49.556120601011415,53.75884444364743,40.33247826291751,33.15905601486192,54.898965143438765
Parker Meadows,Parker Meadows (2025),0.2156970510029284,74.9143761005999,12.410449238531802,9.651029875327623,-6.707319441771631,-6.6040044691198405,-7.205045137467608,Contact,12.410449238531802,44.4990263931092,41.601785695682494,55.19706718986063,51.249503794501344,54.57304030726306
Tommy Pham,Tommy Pham (2025),0.2097323005582912,94.41714273948875,9.604012686805435,10.301028564487396,1.399496420657023,1.439782205558401,1.5818900658237407,Power,10.301028564487396,54.35019464485062,51.4395747985628,39.92104563628644,46.05020221526558,63.259841864644194
Dylan Crews,Dylan Crews (2025),0.1910478363684773,76.95498603049687,11.09286185035339,9.92690952458568,-2.8922950575895627,-2.1520131892556242,-2.7097682917338193,Contact,11.09286185035339,43.01001958519716,50.022574882525525,60.05355827470541,51.102943213051816,47.54618802503271
Nacho Alvarez Jr.,Nacho Alvarez Jr. (2025),0.1815445744528657,76.2556695225663,10.023203911739905,11.470843705379107,-6.8420848103237875,-7.032885537512654,-7.4166654874858295,Power,11.470843705379107,51.32044464951926,35.48063419889978,42.27450881345235,53.970559395862445,49.89848280257987
Andrew Benintendi,Andrew Benintendi (2025),0.1811376105627312,102.57290661205502,9.504756527990633,10.248589752375743,-1.0155579655049791,-0.47600757542575195,-0.7980389995236188,Power,10.248589752375743,51.61903701238318,50.45537094150888,48.27298573032812,29.72519432201241,49.56623362325461
Luke Raley,Luke Raley (2025),0.1724007266689791,91.20633485347012,10.406463621127626,11.25367361545964,-2.0786651986227844,-1.481523306396853,-1.9505956423702961,Power,11.25367361545964,30.60724283703871,50.3510181198861,48.16144563505334,47.46040660782081,45.0917782274134
Paul DeJong,Paul DeJong (2025),0.1640441249886579,75.89780701292511,11.444367261446441,11.605253010766795,-2.962840754353669,-2.1712183399228113,-2.967498079669342,Power,11.605253010766795,33.77616472432632,48.57250247331962,52.17707018401853,50.265387462540815,36.261618875824446
Luis Urías,Luis Urías (2025),0.1227424650437264,83.61237523163348,10.28640999921358,10.266195381815328,-5.543330631622738,-5.78299352755155,-6.034357995076337,Contact,10.28640999921358,60.93008576653706,38.47074394814205,44.044823055116126,43.90127633676085,62.30843706296551
Ryan Ritter,Ryan Ritter (2025),0.1126544208264474,63.678236713336304,11.292992235517147,11.462936692051352,-7.712140981487795,-7.668894166018482,-8.36200750248946,Power,11.462936692051352,36.21968040475722,36.68894000130424,54.76385235763247,53.62057962423696,39.23271140752977
Tyler Fitzgerald,Tyler Fitzgerald (2025),0.1097580988194048,72.0704018792264,11.699379895638561,11.3311522154914,-7.896945787224476,-7.77777018137769,-8.546812308226146,Contact,11.699379895638561,36.580835305179605,36.75803322194108,52.19726660599246,50.50785927890184,42.77618898357783
Curtis Mead,Curtis Mead (2025),0.0783873796824977,75.57056765806338,12.886454333173631,11.379166462937915,-6.400814332509717,-6.426438805158494,-6.960817730337908,Contact,12.886454333173631,51.78728219498591,41.01052348492063,53.005732011897024,49.89524601874326,45.222234074516095
Josh Bell,Josh Bell (2025),0.0638407118576147,107.47600471492412,9.622948477473756,9.158957004299468,0.9372974778801393,0.8055749249119384,1.3394820893855528,Contact,9.622948477473756,55.115817239131545,58.19510059290239,32.028202715968604,36.42405934000466,57.93172675420061
Rowdy Tellez,Rowdy Tellez (2025),0.0626927669189142,100.63824575784206,9.816040208978794,11.31974918793036,-1.3583647034272632,-1.1667712668047836,-0.9857138205705784,Power,11.31974918793036,45.984401863482816,61.23985932643343,44.05525249231915,42.25331231727132,46.09462343407733
Luis Rengifo,Luis Rengifo (2025),0.0259965176271676,72.68248280800341,10.772257280750209,12.403755032364213,-5.431727883755651,-5.775486181060819,-6.098366269254861,Power,12.403755032364213,54.83715828168295,40.34519123953527,45.4175375513167,48.09638748951311,42.8949339496813
Tim Tawa,Tim Tawa (2025),0.0178325590615182,71.64661615523484,12.122479171429438,9.454379065649043,-2.8323800480936634,-2.144032662906453,-2.779962020630338,Contact,12.122479171429438,37.71831023401567,50.31306980022976,54.88557223875402,50.36330979894586,49.11652676435179
Will Benson,Will Benson (2025),0.0100379241809336,85.1268776547246,10.292162914290829,11.409186703613964,-2.36560846104211,-1.8478787096789953,-2.128041016856766,Power,11.409186703613964,42.43892422072912,61.5749889780588,48.1411584351523,47.87137096036409,43.23772552335083
Ezequiel Duran,Ezequiel Duran (2025),-0.0132929944769725,57.16889658528279,9.854333647889582,11.625638882856105,-7.908042749198751,-7.900174444428579,-8.446291873113477,Power,11.625638882856105,45.66715383272075,35.17742094987617,57.10705309607072,54.828855985358224,36.90866012862428
Agustín Ramírez,Agustín Ramírez (2025),-0.0189113316046216,90.8792966755662,10.241040400200415,11.461100556780446,-1.838807084753749,-1.3944864234467889,-1.5860740981473342,Power,11.461100556780446,51.5359182844602,59.38495371843771,54.52917619166532,30.57702880096046,43.15784906877021
Mitch Garver,Mitch Garver (2025),-0.0287771503457942,86.36956945097877,10.098491733995722,9.675720724657992,-2.2317937381049586,-1.4933120112437663,-1.981486619947555,Contact,10.098491733995722,39.88535994429285,49.88510654038328,48.88085675775052,44.51117297911007,59.78373533094711
Dane Myers,Dane Myers (2025),-0.0414095005430846,72.48842300646942,11.673809490835332,9.881712884369787,-1.6745609014066518,-1.0494860378212787,-1.64277969440758,Contact,11.673809490835332,51.66949028149562,45.32705744541036,55.13002194843381,48.388442643765295,51.25656838379927
Jake Burger,Jake Burger (2025),-0.0597695894684419,88.86301295847078,8.845552725628734,11.790812399778554,-1.633990632188367,-1.3364559438464747,-1.399595721603403,Power,11.790812399778554,43.9013340430721,59.00203083862522,45.69261669754731,44.82093787727106,31.08654444321491
Michael A. Taylor,Michael A. Taylor (2025),-0.0716090517112336,70.4606348641015,11.244959391244842,11.639478334487002,-3.71971086136274,-2.891652565096854,-3.5212403374340564,Power,11.639478334487002,27.7982843458515,53.986126167718105,51.50313794225286,52.557915541564846,44.643630441786485
Masataka Yoshida,Masataka Yoshida (2025),-0.0842312687645303,88.3055666894198,9.869856092382433,10.444077745406446,-1.5555432470841402,-0.9016924844241332,-1.3335848277522537,Power,10.444077745406446,64.13826378913265,50.54047465228761,49.920675447910085,46.7548693119573,51.02882704561309
Henry Davis,Henry Davis (2025),-0.0933516348991245,40.89153224383042,9.601699418545975,12.839492706841503,-1.8609677725471885,-1.2402793243822017,-1.889143481110092,Power,12.839492706841503,37.581433717585895,45.80278009981316,46.668269363665445,62.38099686430807,39.248653017184346
Dylan Moore,Dylan Moore (2025),-0.1072673140139658,83.01343037223549,11.809476840899178,9.90571525950737,-1.9251875268486593,-1.3181018570332645,-1.834838418981888,Contact,11.809476840899178,34.03552161278772,45.90648587803453,55.26285236709586,43.05779401597979,49.27440887888453
Christopher Morel,Christopher Morel (2025),-0.1109941063009885,89.58779217046265,10.40775123766354,11.732342112585979,-2.82784172148428,-2.2751243057132484,-2.65919611285336,Power,11.732342112585979,30.005597545819725,60.32320701130301,52.36504697903451,39.94969603560652,43.21587600598341
Josh Lowe,Josh Lowe (2025),-0.1237891878359911,79.23583920647684,9.750825292533499,11.780717276820809,-1.8109233207819044,-1.2408982101181778,-1.76084514662113,Power,11.780717276820809,44.86595985770456,46.98936973855496,62.02186515273483,41.15096918674669,39.655138825991806
Andrew McCutchen,Andrew McCutchen (2025),-0.1239873187129683,95.3256071412318,9.228988031397671,9.276327540158222,1.4965064835819148,1.4278256025374327,1.7981286905386324,Power,9.276327540158222,51.403951535098535,48.18135375245362,36.5032164946403,43.18106776522882,62.47150632047472
Jake McCarthy,Jake McCarthy (2025),-0.1368195171808227,60.19848696698043,11.781970822169109,11.734157555966958,-6.751218784704099,-6.7384306686649635,-7.30490815851877,Contact,11.781970822169109,52.08468923978245,40.84783358997797,60.757386934227256,52.97944969389754,43.50663016768613
JJ Bleday,JJ Bleday (2025),-0.1393253039445292,89.83064103249279,10.000746749286694,10.523543502497274,-1.3954256144621728,-1.1132266701348694,-1.3093741521264801,Power,10.523543502497274,38.7503765330121,50.63664727506678,43.28130820898596,37.061504681463255,55.68975245712467
Angel Martínez,Angel Martínez (2025),-0.1459768610946841,74.24697290687043,11.497701286400876,11.509283224640996,-6.137948105010672,-6.364490405240181,-6.678683312218999,Power,11.509283224640996,47.97597535418513,39.568416395145775,55.99178759065818,39.11602657585571,34.645725161717195
Enrique Hernández,Enrique Hernández (2025),-0.1534283121124617,69.91373762624615,10.50946375825046,12.790999271121503,-2.301907410486746,-1.7960639770500215,-2.1546071360215096,Power,12.790999271121503,42.0359724304317,50.95833801579575,43.35472064694264,53.1909515866062,43.84602459888127
Edgar Quero,Edgar Quero (2025),-0.1577260033701485,95.47390469019878,10.431054398935796,10.334217414479014,1.1215709614747664,0.9807243582460039,1.2414562518194896,Contact,10.431054398935796,58.08517603262973,45.23455085453632,36.59428406983252,31.8998632236934,55.505234971379856
Brooks Baldwin,Brooks Baldwin (2025),-0.1679727527180026,92.06455234934523,9.844406831666223,11.140504084027242,-2.051324853700946,-1.5772696517676144,-1.8149675930989915,Power,11.140504084027242,47.68788481565791,52.64502285218728,54.49446303540241,31.88004662108609,41.0746166138731
Nolan Gorman,Nolan Gorman (2025),-0.1816158406890565,87.58354727871811,9.988223828614405,10.974425271945725,-1.3740185590598326,-1.1314656774965515,-1.2879670967241397,Power,10.974425271945725,33.11219400469182,51.36172415716522,43.09591133922906,39.90985855361977,53.66258232652276
Kristian Campbell,Kristian Campbell (2025),-0.1887646993436927,86.1426737385324,9.297294871464027,9.71229785259562,-1.350390229979025,-0.8713358334612559,-1.1983461801250987,Power,9.71229785259562,44.786712938060816,48.39528274715351,46.04158716403736,38.217521860944856,58.5768052072246
Otto Kemp,Otto Kemp (2025),-0.1973558406734523,95.29474705011386,9.196132756381617,11.771653966111531,-1.2396488888166393,-1.0629862536573618,-1.1066616020299942,Power,11.771653966111531,38.53070401859309,55.10259993997474,44.70246192641732,40.19283949484649,41.6789184207971
Jose Iglesias,Jose Iglesias (2025),-0.2307821172929026,73.11010681379402,9.83616643160718,10.57413817373863,-6.481567688739566,-6.5025061384409275,-7.059444300392226,Power,10.57413817373863,56.53523420145933,33.859767784553746,48.19302871804148,46.600247521944354,49.020197524503146
Wilmer Flores,Wilmer Flores (2025),-0.2322889228333357,94.91553184268042,11.247886953980077,11.604937846611028,-3.7639140949632677,-4.325858065984847,-4.281449936369333,Power,11.604937846611028,53.8646922208846,40.96797366749258,39.7182635311032,42.03278507645695,49.524736381083855
Jonathan India,Jonathan India (2025),-0.2526971855896608,88.67280581244086,10.03202021945688,9.407438163452227,-2.0190609282784644,-2.5032237898575294,-2.442909677917164,Contact,10.03202021945688,56.190192391288505,42.79836446838901,35.98407560155376,32.49668457779279,62.96656168284322
Brady House,Brady House (2025),-0.2627601478758236,55.72122148966096,10.01381691183013,12.707390555930301,-2.1586050567884802,-1.4608819994272237,-2.10286489053461,Power,12.707390555930301,42.688296125581545,45.98283993833291,47.470334984437066,54.92610887818648,31.948406930238228
Cole Young,Cole Young (2025),-0.2723826946107294,79.5539790843098,10.186649940160924,10.097691390216161,-4.589872025839719,-4.53085404039587,-5.09169810413818,Contact,10.186649940160924,50.69425519129796,42.6604008703057,48.5736258887077,40.05969496352223,59.80894372011764
Jose Herrera,Jose Herrera (2025),-0.2734904561537671,56.7756944710274,9.506052239481905,9.075181860282346,-7.221616069345214,-7.29466339672292,-7.987019812479646,Contact,9.506052239481905,44.56596107582867,30.997406915879328,43.52094289608756,50.34582259061967,64.56007175425115
Travis d'Arnaud,Travis d'Arnaud (2025),-0.3083244706427296,64.29827203827708,10.794275983648008,12.340171201537123,0.6797056000459153,0.6970047205410077,0.5708257885018367,Power,12.340171201537123,33.43626792024756,45.8479996832875,41.40550962317006,47.45585533578546,39.76011600709596
Santiago Espinal,Santiago Espinal (2025),-0.3249177901054667,57.9563003876187,8.743589272611887,10.812052382749728,-7.223548595602755,-7.3166992744137405,-7.720872820140924,Power,10.812052382749728,61.453497579876085,31.18229967005777,46.63116969619968,53.127059169869526,54.72312939724656
Jorge Soler,Jorge Soler (2025),-0.3348874994069768,88.46527191800769,10.157098696428712,10.556949272634386,-1.39662781100617,-1.1799071852811425,-1.170400613993806,Power,10.556949272634386,39.07569795540582,54.8673233169671,42.82916891206898,40.39991983224228,52.9794127087424
Nathaniel Lowe,Nathaniel Lowe (2025),-0.3404609954372168,91.28891612582942,9.662333916061533,10.984894708969385,0.21883613822404935,0.25785511405432754,0.46073813122202134,Power,10.984894708969385,48.00496795437519,50.07701847458779,40.73172172054362,39.18443862767751,56.6412304980219
Tyler O'Neill,Tyler O'Neill (2025),-0.3442279911193917,90.55675741847487,10.271336122010696,9.859712726244927,-2.427270164635796,-1.8344947582990168,-2.1650674467393762,Contact,10.271336122010696,43.371479507607454,55.293092154468624,52.38895455673886,41.1412025652949,52.54558712257392
Dylan Carlson,Dylan Carlson (2025),-0.3602690272298453,73.92294328804984,10.657145026968594,10.294186227938482,-4.6601928814277445,-4.912677930454752,-5.260392382056839,Contact,10.657145026968594,48.23712322123452,42.89029150136648,45.00017455952688,46.578707551339306,55.70602018013014
Ryan Mountcastle,Ryan Mountcastle (2025),-0.3707098575138651,81.33424534261013,9.129938765707328,11.432787180334898,-1.6701286256400136,-1.2387922999797885,-1.4610974996096857,Power,11.432787180334898,43.450432938497855,54.6538301341042,47.61609449752635,46.089257031262,31.743264554753846
Max Muncy (ATH),Max Muncy (ATH) (2025),-0.3746132303885179,72.37992964195858,9.452534324863677,12.093484012017754,-1.0218373194335062,-0.8044116269727727,-0.9115541336580215,Power,12.093484012017754,37.18722237757899,50.64880306784768,44.17884998999598,42.86884838720806,41.4395794280094
Eric Wagaman,Eric Wagaman (2025),-0.3845145428134809,85.09391400354646,9.554452689726654,10.935352531517479,-0.7676656658161932,-0.4267218439206752,-0.45506999951513677,Power,10.935352531517479,55.12693849237773,51.514170073010845,47.59194136016357,42.43964731036643,49.77992529390784
Randal Grichuk,Randal Grichuk (2025),-0.4257769966033276,81.52831587934055,9.094942514487908,12.239785377951431,-1.102733534942126,-0.8968709011989268,-0.7375090215656548,Power,12.239785377951431,55.42950064314968,58.25470125482238,46.6741620514429,43.4812070962444,44.52364603061124
Michael Massey,Michael Massey (2025),-0.4266434824855098,56.76327441638973,10.524035354103503,13.401125920921478,-6.5164411146171135,-6.589986991024703,-7.016775652822113,Power,13.401125920921478,57.18363496986041,37.9606460443074,44.80909129516107,53.0751240006767,36.01727184703945
Nolan Jones,Nolan Jones (2025),-0.4397688356507307,71.98035354106455,10.803750840957216,9.758586915199148,-2.5804473553544787,-1.8353168114076839,-2.4636297415889588,Contact,10.803750840957216,43.18114464516478,48.00754742856591,48.951271126367686,47.746212803779535,53.02390600300965
Robert Hassell III,Robert Hassell III (2025),-0.4572019843468727,58.09566127476531,11.687505828735812,11.104371370341171,-2.223862166847934,-1.777552231497387,-2.485998019607753,Contact,11.687505828735812,41.59063686665847,44.75183404050317,54.17399037842187,47.332340562266346,42.012384006433145
Alexander Canario,Alexander Canario (2025),-0.458345358256732,68.36028923912913,10.401409152677383,11.328711972611629,-1.9941428197575812,-1.4653710539561304,-1.9455768217770006,Power,11.328711972611629,31.94994260320928,49.79626575478724,47.20221089055493,50.339913885375225,42.12152303472517
Jonah Heim,Jonah Heim (2025),-0.4809683289438891,69.08806935847792,10.946116204792675,11.246985479676091,-4.269449326713468,-4.462828576712553,-4.732582638613583,Power,11.246985479676091,47.41644577619715,43.35335564049029,43.52487299925532,45.493257645490246,47.09731497137763
Nick Castellanos,Nick Castellanos (2025),-0.5763975715012044,89.74261933234901,9.190487613661492,12.119211201585992,-1.2705893896240223,-0.8100492196930643,-1.1714560007282422,Power,12.119211201585992,46.01371570995577,46.89646972957677,47.82876295129716,29.10873558715337,30.60526521138507
Riley Adams,Riley Adams (2025),-0.5818971082668442,56.84457627093877,10.112093058668005,11.325976797977795,-2.108587474125997,-1.7068075679264754,-1.8054114659800322,Power,11.325976797977795,31.910846643710165,56.431316618211845,47.28471944558885,44.46707705464618,43.631715900462055
Michael Conforto,Michael Conforto (2025),-0.5982248908195809,83.02554549659959,9.375288760566557,10.367166437737167,-1.0994785766065158,-0.7358516009330093,-0.9824070474816448,Power,10.367166437737167,45.23650454719488,50.4439333534834,43.56787558983759,37.245450984788135,58.74226720542545
Drew Waters,Drew Waters (2025),-0.6133562368782546,66.00853734841552,11.776272764844244,11.490258603628103,-7.1122053670997305,-7.118702495633277,-7.755328753173935,Contact,11.776272764844244,41.695028504300815,37.5649058741823,50.796305693999805,45.564151825452136,36.982973798896126
Abraham Toro,Abraham Toro (2025),-0.6807811823738064,77.32052316386951,9.878206601329085,13.547681518518383,-4.074803377397031,-4.391369139121328,-4.502349470828887,Power,13.547681518518383,57.05143543357708,42.51445428787828,44.00585200981563,44.17795221451404,42.658361770081925
Tyler Freeman,Tyler Freeman (2025),-0.7554944155995347,90.78101645968604,9.974757013497031,10.243546572145599,-4.6807293886539965,-4.659944548700426,-5.052891361676352,Power,10.243546572145599,70.3194317636899,41.83590891184949,46.95674632978337,30.53926358284837,56.80315186204862
Joc Pederson,Joc Pederson (2025),-0.7816602376758854,76.2780592995955,9.888854433370097,9.591016777713072,-1.835621469734989,-1.1920666235477029,-1.4620784343505346,Contact,9.888854433370097,45.58295868554579,52.20905889193885,48.01599304012667,44.7525831726901,58.18811318093741
Logan O'Hoppe,Logan O'Hoppe (2025),-0.7859215837261173,71.7464247990253,9.307265565848054,11.980650656810452,0.2716534168850932,0.28509115672015156,0.4609093306965002,Power,11.980650656810452,36.77188424974253,56.48241616851905,41.69253885676943,33.96225251337973,39.0355367289377
Edouard Julien,Edouard Julien (2025),-0.7943688796364298,80.5067774010295,9.517583419134647,10.162011364010825,0.28457522109446015,0.3309535888599124,0.5982431810319407,Power,10.162011364010825,47.01121685606564,48.634509668833495,38.27316265827814,38.76923629355262,59.6585382294431
Oswald Peraza,Oswald Peraza (2025),-0.8009078564555036,32.28451059559483,11.514015765613879,11.633669586370706,-5.543735490454479,-5.304984805220049,-6.205209733387743,Power,11.633669586370706,31.475096231601867,42.98805445980381,59.95629976211531,53.87005098524513,42.138311129123096
Orlando Arcia,Orlando Arcia (2025),-0.8454216019012917,33.468280074366554,11.070088537712449,12.409407041712134,-7.242366390958749,-7.357564332202484,-7.802532955929775,Power,12.409407041712134,45.59088935850234,38.80056793302931,44.23438778132734,53.90973719871352,39.28635312768908
Trey Sweeney,Trey Sweeney (2025),-0.8991078558030574,52.72521883682253,12.356275839125717,10.677784841471794,-5.369830527507517,-5.366387517409271,-5.871541950901502,Contact,12.356275839125717,37.77213217731701,42.14534105809284,49.83415036669835,44.568662626772806,45.73290855263182
Alex Verdugo,Alex Verdugo (2025),-0.9342631468002968,66.16088641589307,10.189098315688417,10.434997979905107,-5.272262618226971,-5.443742341890302,-5.728317460951512,Power,10.434997979905107,62.96492244036627,39.82321660281232,45.937120466745725,41.9453767736467,57.930364010616536
Anthony Santander,Anthony Santander (2025),-0.9460280845365224,60.79944767388719,11.121583743664178,10.886373977153458,-0.6904863740797418,-0.5004868870370917,-0.7099668422863755,Contact,11.121583743664178,40.71104258923673,45.71320393509894,42.12833380157844,44.98628702395805,51.21132071325452
Keibert Ruiz,Keibert Ruiz (2025),-1.0118423025962608,65.2899413097469,9.884701476943569,13.118018577065941,-4.709670313315419,-5.154997639388247,-5.165285044962283,Power,13.118018577065941,65.46086308165222,37.18845397028596,38.84355835298887,36.59355182558036,38.26747826625124
Kyle Farmer,Kyle Farmer (2025),-1.0480326073175297,65.22341151090158,10.699677625479936,12.861316307360665,-3.321231803006894,-3.93070435366302,-3.796149457321319,Power,12.861316307360665,50.6872940681744,42.387674285526,40.87701717647887,42.46908114433698,44.57500651444181
Jordan Walker,Jordan Walker (2025),-1.254228284221637,66.00093088909124,10.52528161784108,11.295382584393032,-2.782825568130013,-2.19253256541042,-2.614179959499093,Power,11.295382584393032,32.98015166928474,53.83368831212173,51.75045887970316,39.6640719939639,43.52472072977588
Josh Rojas,Josh Rojas (2025),-1.294531321261449,44.28552307845098,11.032682668095072,10.19541866024572,-6.137389874687919,-6.4743139550325415,-6.731036172324851,Contact,11.032682668095072,46.33394289127976,39.78291580421071,46.56438270549143,42.93491601205347,55.60919677754519
LaMonte Wade Jr.,LaMonte Wade Jr. (2025),-1.5585467941791675,52.28974450746653,11.128507443722967,9.125657112997512,-5.95217641021882,-5.874285323595081,-6.591910109441003,Contact,11.128507443722967,45.29879365228802,39.190043743227946,48.4650440034263,40.13604487163716,62.98002435309368
Jac Caglianone,Jac Caglianone (2025),-1.5682936649974737,46.1993112824252,9.58027713173899,11.39184671677416,-2.2917176568734234,-1.7074875304398514,-2.05323243287037,Power,11.39184671677416,42.63449441568615,51.88406916660416,49.28600352039038,38.53637971243594,42.81355977558314
Michael Toglia,Michael Toglia (2025),-2.163360604465697,53.57862083331448,10.605990188035948,10.220921652094123,-2.081974862165569,-1.497744735731997,-1.8089636429970044,Contact,10.605990188035948,26.552575704737706,52.6115379526572,49.04982868026895,33.988831480401785,46.31762007424927
