Name,Season_From,Season_To,group_kfold_test_fold
A.J. Pollock,2021,2022,1
A.J. Pollock,2022,2023,1
Aaron Hicks,2021,2022,4
Aaron Hicks,2022,2023,4
Aaron Judge,2021,2022,0
Aaron Judge,2022,2023,0
Aaron Judge,2023,2024,0
Aaron Judge,2024,2025,0
Abraham Toro,2021,2022,2
Abraham Toro,2024,2025,2
Adam Duvall,2021,2022,3
Adam Duvall,2022,2023,3
Adam Duvall,2023,2024,3
Adam Engel,2021,2022,2
Adam Frazier,2021,2022,0
Adam Frazier,2022,2023,0
Adam Frazier,2023,2024,0
Adam Frazier,2024,2025,0
Addison Barger,2024,2025,1
Adley Rutschman,2022,2023,4
Adley Rutschman,2023,2024,4
Adley Rutschman,2024,2025,4
Adolis Garcia,2021,2022,0
Adolis Garcia,2022,2023,0
Adolis Garcia,2023,2024,0
Adolis Garcia,2024,2025,0
Akil Baddoo,2021,2022,0
Akil Baddoo,2022,2023,0
Alan Trejo,2022,2023,0
Albert Pujols,2021,2022,3
Alcides Escobar,2021,2022,4
Alec Bohm,2021,2022,4
Alec Bohm,2022,2023,4
Alec Bohm,2023,2024,4
Alec Bohm,2024,2025,4
Alec Burleson,2023,2024,1
Alec Burleson,2024,2025,1
Aledmys Diaz,2021,2022,2
Aledmys Diaz,2022,2023,2
Alejandro Kirk,2021,2022,1
Alejandro Kirk,2022,2023,1
Alejandro Kirk,2023,2024,1
Alejandro Kirk,2024,2025,1
Alek Thomas,2022,2023,1
Alek Thomas,2023,2024,1
Alek Thomas,2024,2025,1
Alex Bregman,2021,2022,1
Alex Bregman,2022,2023,1
Alex Bregman,2023,2024,1
Alex Bregman,2024,2025,1
Alex Call,2022,2023,4
Alex Call,2023,2024,4
Alex Call,2024,2025,4
Alex Jackson,2024,2025,4
Alex Kirilloff,2021,2022,1
Alex Kirilloff,2022,2023,1
Alex Kirilloff,2023,2024,1
Alex Verdugo,2021,2022,2
Alex Verdugo,2022,2023,2
Alex Verdugo,2023,2024,2
Alex Verdugo,2024,2025,2
Alfonso Rivas,2022,2023,1
Amed Rosario,2021,2022,1
Amed Rosario,2022,2023,1
Amed Rosario,2023,2024,1
Amed Rosario,2024,2025,1
Andres Gimenez,2021,2022,2
Andres Gimenez,2022,2023,2
Andres Gimenez,2023,2024,2
Andres Gimenez,2024,2025,2
Andrew Benintendi,2021,2022,4
Andrew Benintendi,2022,2023,4
Andrew Benintendi,2023,2024,4
Andrew Benintendi,2024,2025,4
Andrew Knizner,2021,2022,3
Andrew Knizner,2022,2023,3
Andrew McCutchen,2021,2022,0
Andrew McCutchen,2022,2023,0
Andrew McCutchen,2023,2024,0
Andrew McCutchen,2024,2025,0
Andrew Vaughn,2021,2022,0
Andrew Vaughn,2022,2023,0
Andrew Vaughn,2023,2024,0
Andrew Vaughn,2024,2025,0
Andruw Monasterio,2023,2024,1
Andruw Monasterio,2024,2025,1
Andy Ibanez,2021,2022,3
Andy Ibanez,2022,2023,3
Andy Ibanez,2023,2024,3
Andy Ibanez,2024,2025,3
Andy Pages,2024,2025,1
Angel Martinez,2024,2025,4
Anthony Rendon,2021,2022,3
Anthony Rendon,2022,2023,3
Anthony Rendon,2023,2024,3
Anthony Rizzo,2021,2022,2
Anthony Rizzo,2022,2023,2
Anthony Rizzo,2023,2024,2
Anthony Santander,2021,2022,2
Anthony Santander,2022,2023,2
Anthony Santander,2023,2024,2
Anthony Santander,2024,2025,2
Anthony Volpe,2023,2024,2
Anthony Volpe,2024,2025,2
Aristides Aquino,2021,2022,0
Austin Barnes,2021,2022,4
Austin Barnes,2022,2023,4
Austin Barnes,2023,2024,4
Austin Hays,2021,2022,3
Austin Hays,2022,2023,3
Austin Hays,2023,2024,3
Austin Hays,2024,2025,3
Austin Hedges,2021,2022,1
Austin Hedges,2022,2023,1
Austin Hedges,2023,2024,1
Austin Hedges,2024,2025,1
Austin Martin,2024,2025,4
Austin Meadows,2021,2022,3
Austin Nola,2021,2022,2
Austin Nola,2022,2023,2
Austin Riley,2021,2022,1
Austin Riley,2022,2023,1
Austin Riley,2023,2024,1
Austin Riley,2024,2025,1
Austin Slater,2021,2022,3
Austin Slater,2022,2023,3
Austin Slater,2023,2024,3
Austin Slater,2024,2025,3
Austin Wells,2024,2025,2
Austin Wynns,2021,2022,1
Austin Wynns,2022,2023,1
Avisail Garcia,2021,2022,2
Avisail Garcia,2022,2023,2
Ben Gamel,2021,2022,3
Ben Rice,2024,2025,4
Ben Rortvedt,2024,2025,3
Blake Perkins,2023,2024,1
Blake Perkins,2024,2025,1
Blaze Alexander,2024,2025,0
Bo Bichette,2021,2022,1
Bo Bichette,2022,2023,1
Bo Bichette,2023,2024,1
Bo Bichette,2024,2025,1
Bo Naylor,2023,2024,1
Bo Naylor,2024,2025,1
Bobby Dalbec,2021,2022,4
Bobby Witt Jr.,2022,2023,2
Bobby Witt Jr.,2023,2024,2
Bobby Witt Jr.,2024,2025,2
Brad Miller,2021,2022,1
Bradley Zimmer,2021,2022,3
Brandon Belt,2021,2022,4
Brandon Belt,2022,2023,4
Brandon Crawford,2021,2022,1
Brandon Crawford,2022,2023,1
Brandon Drury,2022,2023,4
Brandon Drury,2023,2024,4
Brandon Lowe,2021,2022,3
Brandon Lowe,2022,2023,3
Brandon Lowe,2023,2024,3
Brandon Lowe,2024,2025,3
Brandon Marsh,2021,2022,1
Brandon Marsh,2022,2023,1
Brandon Marsh,2023,2024,1
Brandon Marsh,2024,2025,1
Brandon Nimmo,2021,2022,2
Brandon Nimmo,2022,2023,2
Brandon Nimmo,2023,2024,2
Brandon Nimmo,2024,2025,2
Brayan Rocchio,2024,2025,1
Brendan Donovan,2022,2023,1
Brendan Donovan,2023,2024,1
Brendan Donovan,2024,2025,1
Brendan Rodgers,2021,2022,0
Brendan Rodgers,2022,2023,0
Brendan Rodgers,2023,2024,0
Brendan Rodgers,2024,2025,0
Brent Rooker,2023,2024,4
Brent Rooker,2024,2025,4
Brenton Doyle,2023,2024,0
Brenton Doyle,2024,2025,0
Brett Baty,2023,2024,0
Brett Baty,2024,2025,0
Brett Phillips,2021,2022,2
Brett Wisely,2023,2024,0
Brian Anderson,2021,2022,0
Brian Anderson,2022,2023,0
Brice Turang,2023,2024,0
Brice Turang,2024,2025,0
Brooks Baldwin,2024,2025,0
Brooks Lee,2024,2025,0
Bryan De La Cruz,2021,2022,4
Bryan De La Cruz,2022,2023,4
Bryan De La Cruz,2023,2024,4
Bryan Reynolds,2021,2022,0
Bryan Reynolds,2022,2023,0
Bryan Reynolds,2023,2024,0
Bryan Reynolds,2024,2025,0
Bryce Harper,2021,2022,0
Bryce Harper,2022,2023,0
Bryce Harper,2023,2024,0
Bryce Harper,2024,2025,0
Bryson Stott,2022,2023,0
Bryson Stott,2023,2024,0
Bryson Stott,2024,2025,0
Byron Buxton,2021,2022,0
Byron Buxton,2022,2023,0
Byron Buxton,2023,2024,0
Byron Buxton,2024,2025,0
C.J. Cron,2021,2022,3
C.J. Cron,2022,2023,3
CJ Abrams,2022,2023,0
CJ Abrams,2023,2024,0
CJ Abrams,2024,2025,0
Cal Raleigh,2021,2022,4
Cal Raleigh,2022,2023,4
Cal Raleigh,2023,2024,4
Cal Raleigh,2024,2025,4
Carlos Correa,2021,2022,1
Carlos Correa,2022,2023,1
Carlos Correa,2023,2024,1
Carlos Correa,2024,2025,1
Carlos Santana,2021,2022,1
Carlos Santana,2022,2023,1
Carlos Santana,2023,2024,1
Carlos Santana,2024,2025,1
Carson Kelly,2021,2022,0
Carson Kelly,2022,2023,0
Carson Kelly,2023,2024,0
Carson Kelly,2024,2025,0
Casey Schmitt,2023,2024,4
Casey Schmitt,2024,2025,4
Cavan Biggio,2021,2022,2
Cavan Biggio,2022,2023,2
Cavan Biggio,2023,2024,2
Ceddanne Rafaela,2024,2025,1
Cedric Mullins,2021,2022,2
Cedric Mullins,2022,2023,2
Cedric Mullins,2023,2024,2
Cedric Mullins,2024,2025,2
Cesar Hernandez,2021,2022,3
Chad Pinder,2021,2022,2
Charlie Blackmon,2021,2022,2
Charlie Blackmon,2022,2023,2
Charlie Blackmon,2023,2024,2
Charlie Culberson,2021,2022,3
Chas McCormick,2021,2022,4
Chas McCormick,2022,2023,4
Chas McCormick,2023,2024,4
Chas McCormick,2024,2025,4
Chris Taylor,2021,2022,3
Chris Taylor,2022,2023,3
Chris Taylor,2023,2024,3
Chris Taylor,2024,2025,3
Christian Arroyo,2021,2022,0
Christian Arroyo,2022,2023,0
Christian Bethancourt,2022,2023,4
Christian Bethancourt,2023,2024,4
Christian Encarnacion-Strand,2023,2024,2
Christian Encarnacion-Strand,2024,2025,2
Christian Vazquez,2021,2022,0
Christian Vazquez,2022,2023,0
Christian Vazquez,2023,2024,0
Christian Vazquez,2024,2025,0
Christian Walker,2021,2022,4
Christian Walker,2022,2023,4
Christian Walker,2023,2024,4
Christian Walker,2024,2025,4
Christian Yelich,2021,2022,4
Christian Yelich,2022,2023,4
Christian Yelich,2023,2024,4
Christian Yelich,2024,2025,4
Christopher Morel,2022,2023,3
Christopher Morel,2023,2024,3
Christopher Morel,2024,2025,3
Cody Bellinger,2021,2022,1
Cody Bellinger,2022,2023,1
Cody Bellinger,2023,2024,1
Cody Bellinger,2024,2025,1
Colin Moran,2021,2022,0
Colt Keith,2024,2025,0
Colton Cowser,2024,2025,2
Connor Joe,2021,2022,3
Connor Joe,2022,2023,3
Connor Joe,2023,2024,3
Connor Norby,2024,2025,1
Connor Wong,2023,2024,1
Connor Wong,2024,2025,1
Corbin Carroll,2022,2023,3
Corbin Carroll,2023,2024,3
Corbin Carroll,2024,2025,3
Corey Dickerson,2021,2022,2
Corey Dickerson,2022,2023,2
Corey Julks,2023,2024,1
Corey Seager,2021,2022,0
Corey Seager,2022,2023,0
Corey Seager,2023,2024,0
Corey Seager,2024,2025,0
Curt Casali,2021,2022,2
Curtis Mead,2024,2025,3
D.J. Stewart,2023,2024,4
DJ LeMahieu,2021,2022,2
DJ LeMahieu,2022,2023,2
DJ LeMahieu,2023,2024,2
DJ LeMahieu,2024,2025,2
Dairon Blanco,2023,2024,2
Dane Myers,2024,2025,1
Daniel Schneemann,2024,2025,3
Daniel Vogelbach,2021,2022,1
Daniel Vogelbach,2022,2023,1
Danny Jansen,2021,2022,3
Danny Jansen,2022,2023,3
Danny Jansen,2023,2024,3
Danny Jansen,2024,2025,3
Danny Mendick,2021,2022,4
Dansby Swanson,2021,2022,3
Dansby Swanson,2022,2023,3
Dansby Swanson,2023,2024,3
Dansby Swanson,2024,2025,3
Darell Hernaiz,2024,2025,4
Darin Ruf,2021,2022,0
Daulton Varsho,2021,2022,0
Daulton Varsho,2022,2023,0
Daulton Varsho,2023,2024,0
Daulton Varsho,2024,2025,0
David Bote,2021,2022,3
David Fletcher,2021,2022,4
David Fry,2023,2024,4
David Fry,2024,2025,4
David Hamilton,2024,2025,3
David Peralta,2021,2022,1
David Peralta,2022,2023,1
David Peralta,2023,2024,1
David Villar,2022,2023,4
Davis Schneider,2023,2024,2
Davis Schneider,2024,2025,2
Derek Hill,2024,2025,0
Didi Gregorius,2021,2022,1
Dominic Canzone,2023,2024,3
Dominic Canzone,2024,2025,3
Dominic Fletcher,2023,2024,2
Dominic Smith,2021,2022,1
Dominic Smith,2022,2023,1
Dominic Smith,2023,2024,1
Dominic Smith,2024,2025,1
Donovan Solano,2021,2022,0
Donovan Solano,2022,2023,0
Donovan Solano,2023,2024,0
Donovan Solano,2024,2025,0
Drew Waters,2022,2023,2
Dylan Carlson,2021,2022,2
Dylan Carlson,2022,2023,2
Dylan Carlson,2023,2024,2
Dylan Carlson,2024,2025,2
Dylan Crews,2024,2025,0
Dylan Moore,2021,2022,1
Dylan Moore,2022,2023,1
Dylan Moore,2023,2024,1
Dylan Moore,2024,2025,1
Eddie Rosario,2021,2022,2
Eddie Rosario,2022,2023,2
Eddie Rosario,2023,2024,2
Edmundo Sosa,2021,2022,3
Edmundo Sosa,2022,2023,3
Edmundo Sosa,2023,2024,3
Edmundo Sosa,2024,2025,3
Edouard Julien,2023,2024,2
Edouard Julien,2024,2025,2
Eduardo Escobar,2021,2022,0
Eduardo Escobar,2022,2023,0
Edward Olivares,2021,2022,1
Edward Olivares,2022,2023,1
Edward Olivares,2023,2024,1
Ehire Adrianza,2021,2022,0
Elehuris Montero,2022,2023,4
Elehuris Montero,2023,2024,4
Eli White,2021,2022,2
Elias Diaz,2021,2022,1
Elias Diaz,2022,2023,1
Elias Diaz,2023,2024,1
Elias Diaz,2024,2025,1
Elly De La Cruz,2023,2024,3
Elly De La Cruz,2024,2025,3
Eloy Jimenez,2021,2022,4
Eloy Jimenez,2022,2023,4
Eloy Jimenez,2023,2024,4
Elvis Andrus,2021,2022,4
Elvis Andrus,2022,2023,4
Emmanuel Rivera,2022,2023,4
Emmanuel Rivera,2023,2024,4
Emmanuel Rivera,2024,2025,4
Enmanuel Valdez,2023,2024,0
Enmanuel Valdez,2024,2025,0
Enrique Hernandez,2021,2022,3
Enrique Hernandez,2022,2023,3
Enrique Hernandez,2023,2024,3
Enrique Hernandez,2024,2025,3
Eric Haase,2021,2022,0
Eric Haase,2022,2023,0
Eric Hosmer,2021,2022,4
Eric Hosmer,2022,2023,4
Ernie Clement,2021,2022,0
Ernie Clement,2024,2025,0
Eugenio Suarez,2021,2022,2
Eugenio Suarez,2022,2023,2
Eugenio Suarez,2023,2024,2
Eugenio Suarez,2024,2025,2
Evan Carter,2024,2025,3
Evan Longoria,2021,2022,3
Evan Longoria,2022,2023,3
Ezequiel Duran,2022,2023,3
Ezequiel Duran,2023,2024,3
Ezequiel Duran,2024,2025,3
Ezequiel Tovar,2023,2024,1
Ezequiel Tovar,2024,2025,1
Fernando Tatis Jr.,2023,2024,1
Fernando Tatis Jr.,2024,2025,1
Franchy Cordero,2021,2022,1
Francisco Alvarez,2023,2024,2
Francisco Alvarez,2024,2025,2
Francisco Lindor,2021,2022,0
Francisco Lindor,2022,2023,0
Francisco Lindor,2023,2024,0
Francisco Lindor,2024,2025,0
Francisco Mejia,2021,2022,1
Francisco Mejia,2022,2023,1
Frank Schwindel,2021,2022,3
Franmil Reyes,2021,2022,3
Freddie Freeman,2021,2022,2
Freddie Freeman,2022,2023,2
Freddie Freeman,2023,2024,2
Freddie Freeman,2024,2025,2
Freddy Fermin,2023,2024,1
Freddy Fermin,2024,2025,1
Gabriel Arias,2023,2024,1
Gabriel Arias,2024,2025,1
Gabriel Moreno,2023,2024,2
Gabriel Moreno,2024,2025,2
Garrett Cooper,2021,2022,0
Garrett Cooper,2022,2023,0
Garrett Cooper,2023,2024,0
Garrett Hampson,2021,2022,1
Garrett Hampson,2022,2023,1
Garrett Hampson,2023,2024,1
Garrett Stubbs,2022,2023,3
Garrett Stubbs,2023,2024,3
Gary Sanchez,2021,2022,4
Gary Sanchez,2022,2023,4
Gary Sanchez,2023,2024,4
Gary Sanchez,2024,2025,4
Gavin Lux,2021,2022,0
Gavin Lux,2024,2025,0
Gavin Sheets,2021,2022,4
Gavin Sheets,2022,2023,4
Gavin Sheets,2023,2024,4
Gavin Sheets,2024,2025,4
George Springer,2021,2022,4
George Springer,2022,2023,4
George Springer,2023,2024,4
George Springer,2024,2025,4
Geraldo Perdomo,2022,2023,4
Geraldo Perdomo,2023,2024,4
Geraldo Perdomo,2024,2025,4
Giancarlo Stanton,2021,2022,0
Giancarlo Stanton,2022,2023,0
Giancarlo Stanton,2023,2024,0
Giancarlo Stanton,2024,2025,0
Gio Urshela,2021,2022,2
Gio Urshela,2022,2023,2
Gio Urshela,2023,2024,2
Gio Urshela,2024,2025,2
Gleyber Torres,2021,2022,2
Gleyber Torres,2022,2023,2
Gleyber Torres,2023,2024,2
Gleyber Torres,2024,2025,2
Gunnar Henderson,2022,2023,0
Gunnar Henderson,2023,2024,0
Gunnar Henderson,2024,2025,0
Ha-seong Kim,2021,2022,1
Ha-seong Kim,2022,2023,1
Ha-seong Kim,2023,2024,1
Ha-seong Kim,2024,2025,1
Hanser Alberto,2021,2022,3
Harold Castro,2021,2022,2
Harold Castro,2022,2023,2
Harold Ramirez,2021,2022,0
Harold Ramirez,2022,2023,0
Harold Ramirez,2023,2024,0
Harrison Bader,2021,2022,4
Harrison Bader,2022,2023,4
Harrison Bader,2023,2024,4
Harrison Bader,2024,2025,4
Heliot Ramos,2024,2025,4
Henry Davis,2023,2024,2
Henry Davis,2024,2025,2
Heston Kjerstad,2024,2025,0
Hunter Dozier,2021,2022,0
Hunter Goodman,2024,2025,4
Hunter Renfroe,2021,2022,3
Hunter Renfroe,2022,2023,3
Hunter Renfroe,2023,2024,3
Hunter Renfroe,2024,2025,3
Ian Happ,2021,2022,4
Ian Happ,2022,2023,4
Ian Happ,2023,2024,4
Ian Happ,2024,2025,4
Ildemaro Vargas,2022,2023,0
Ildemaro Vargas,2023,2024,0
Ildemaro Vargas,2024,2025,0
Isaac Paredes,2022,2023,0
Isaac Paredes,2023,2024,0
Isaac Paredes,2024,2025,0
Isiah Kiner-Falefa,2021,2022,1
Isiah Kiner-Falefa,2022,2023,1
Isiah Kiner-Falefa,2023,2024,1
Isiah Kiner-Falefa,2024,2025,1
Ivan Herrera,2024,2025,1
J.D. Davis,2021,2022,4
J.D. Davis,2022,2023,4
J.D. Davis,2023,2024,4
J.D. Martinez,2021,2022,3
J.D. Martinez,2022,2023,3
J.D. Martinez,2023,2024,3
J.P. Crawford,2021,2022,4
J.P. Crawford,2022,2023,4
J.P. Crawford,2023,2024,4
J.P. Crawford,2024,2025,4
J.T. Realmuto,2021,2022,3
J.T. Realmuto,2022,2023,3
J.T. Realmuto,2023,2024,3
J.T. Realmuto,2024,2025,3
JJ Bleday,2022,2023,4
JJ Bleday,2023,2024,4
JJ Bleday,2024,2025,4
Jace Peterson,2021,2022,4
Jace Peterson,2022,2023,4
Jack Suwinski,2022,2023,0
Jack Suwinski,2023,2024,0
Jack Suwinski,2024,2025,0
Jackie Bradley Jr.,2021,2022,3
Jackie Bradley Jr.,2022,2023,3
Jackson Chourio,2024,2025,2
Jackson Holliday,2024,2025,3
Jackson Merrill,2024,2025,1
Jacob Stallings,2021,2022,3
Jacob Stallings,2022,2023,3
Jacob Stallings,2023,2024,3
Jacob Stallings,2024,2025,3
Jacob Wilson,2024,2025,3
Jacob Young,2023,2024,2
Jacob Young,2024,2025,2
Jake Bauers,2023,2024,3
Jake Bauers,2024,2025,3
Jake Burger,2022,2023,1
Jake Burger,2023,2024,1
Jake Burger,2024,2025,1
Jake Cave,2021,2022,1
Jake Cave,2022,2023,1
Jake Cave,2023,2024,1
Jake Cronenworth,2021,2022,2
Jake Cronenworth,2022,2023,2
Jake Cronenworth,2023,2024,2
Jake Cronenworth,2024,2025,2
Jake Fraley,2021,2022,4
Jake Fraley,2022,2023,4
Jake Fraley,2023,2024,4
Jake Fraley,2024,2025,4
Jake Lamb,2021,2022,0
Jake McCarthy,2022,2023,3
Jake McCarthy,2023,2024,3
Jake McCarthy,2024,2025,3
Jake Meyers,2021,2022,3
Jake Meyers,2022,2023,3
Jake Meyers,2023,2024,3
Jake Meyers,2024,2025,3
Jake Rogers,2023,2024,0
Jake Rogers,2024,2025,0
James McCann,2021,2022,0
James McCann,2022,2023,0
James McCann,2023,2024,0
James McCann,2024,2025,0
James Outman,2023,2024,4
James Outman,2024,2025,4
James Wood,2024,2025,2
Jared Triolo,2023,2024,0
Jared Triolo,2024,2025,0
Jared Walsh,2021,2022,2
Jared Walsh,2022,2023,2
Jarred Kelenic,2021,2022,3
Jarred Kelenic,2022,2023,3
Jarred Kelenic,2023,2024,3
Jarren Duran,2021,2022,4
Jarren Duran,2022,2023,4
Jarren Duran,2023,2024,4
Jarren Duran,2024,2025,4
Jason Delay,2022,2023,3
Jason Heyward,2021,2022,4
Jason Heyward,2022,2023,4
Jason Heyward,2023,2024,4
Javier Baez,2021,2022,1
Javier Baez,2022,2023,1
Javier Baez,2023,2024,1
Javier Baez,2024,2025,1
Jazz Chisholm Jr.,2021,2022,2
Jazz Chisholm Jr.,2022,2023,2
Jazz Chisholm Jr.,2023,2024,2
Jazz Chisholm Jr.,2024,2025,2
Jean Segura,2021,2022,2
Jean Segura,2022,2023,2
Jed Lowrie,2021,2022,1
Jeff McNeil,2021,2022,2
Jeff McNeil,2022,2023,2
Jeff McNeil,2023,2024,2
Jeff McNeil,2024,2025,2
Jeimer Candelario,2021,2022,0
Jeimer Candelario,2022,2023,0
Jeimer Candelario,2023,2024,0
Jeremy Pena,2022,2023,0
Jeremy Pena,2023,2024,0
Jeremy Pena,2024,2025,0
Jesse Winker,2021,2022,4
Jesse Winker,2022,2023,4
Jesse Winker,2023,2024,4
Jesus Aguilar,2021,2022,4
Jesus Aguilar,2022,2023,4
Jesus Sanchez,2021,2022,2
Jesus Sanchez,2022,2023,2
Jesus Sanchez,2023,2024,2
Jesus Sanchez,2024,2025,2
Jhonkensy Noel,2024,2025,3
Ji-Man Choi,2021,2022,0
Ji-Man Choi,2022,2023,0
Jo Adell,2021,2022,3
Jo Adell,2024,2025,3
Joc Pederson,2021,2022,0
Joc Pederson,2022,2023,0
Joc Pederson,2023,2024,0
Joc Pederson,2024,2025,0
Joey Bart,2024,2025,3
Joey Gallo,2021,2022,0
Joey Gallo,2022,2023,0
Joey Gallo,2023,2024,0
Joey Loperfido,2024,2025,4
Joey Meneses,2022,2023,0
Joey Meneses,2023,2024,0
Joey Ortiz,2024,2025,2
Joey Votto,2021,2022,1
Joey Votto,2022,2023,1
Joey Wendle,2021,2022,0
Joey Wendle,2022,2023,0
Johan Rojas,2023,2024,2
Johan Rojas,2024,2025,2
Jon Berti,2021,2022,2
Jon Berti,2022,2023,2
Jon Singleton,2023,2024,3
Jonah Bride,2022,2023,1
Jonah Bride,2023,2024,1
Jonah Bride,2024,2025,1
Jonah Heim,2021,2022,4
Jonah Heim,2022,2023,4
Jonah Heim,2023,2024,4
Jonah Heim,2024,2025,4
Jonathan Aranda,2023,2024,4
Jonathan Aranda,2024,2025,4
Jonathan India,2021,2022,1
Jonathan India,2022,2023,1
Jonathan India,2023,2024,1
Jonathan India,2024,2025,1
Jonathan Schoop,2021,2022,1
Jonathan Schoop,2022,2023,1
Jonathan Villar,2021,2022,4
Jordan Beck,2024,2025,2
Jordan Luplow,2021,2022,0
Jordan Walker,2023,2024,4
Jordan Walker,2024,2025,4
Jordan Westburg,2023,2024,0
Jordan Westburg,2024,2025,0
Jorge Alfaro,2021,2022,1
Jorge Mateo,2021,2022,4
Jorge Mateo,2022,2023,4
Jorge Mateo,2023,2024,4
Jorge Polanco,2021,2022,2
Jorge Polanco,2022,2023,2
Jorge Polanco,2023,2024,2
Jorge Polanco,2024,2025,2
Jorge Soler,2021,2022,0
Jorge Soler,2022,2023,0
Jorge Soler,2023,2024,0
Jorge Soler,2024,2025,0
Jose Abreu,2021,2022,3
Jose Abreu,2022,2023,3
Jose Abreu,2023,2024,3
Jose Altuve,2021,2022,3
Jose Altuve,2022,2023,3
Jose Altuve,2023,2024,3
Jose Altuve,2024,2025,3
Jose Azocar,2022,2023,1
Jose Barrero,2022,2023,3
Jose Caballero,2023,2024,0
Jose Caballero,2024,2025,0
Jose Herrera,2022,2023,2
Jose Herrera,2023,2024,2
Jose Herrera,2024,2025,2
Jose Iglesias,2021,2022,4
Jose Iglesias,2024,2025,4
Jose Miranda,2022,2023,1
Jose Miranda,2023,2024,1
Jose Ramirez,2021,2022,1
Jose Ramirez,2022,2023,1
Jose Ramirez,2023,2024,1
Jose Ramirez,2024,2025,1
Jose Siri,2022,2023,1
Jose Siri,2023,2024,1
Jose Tena,2024,2025,3
Jose Trevino,2021,2022,2
Jose Trevino,2022,2023,2
Jose Trevino,2023,2024,2
Jose Trevino,2024,2025,2
Josh Bell,2021,2022,3
Josh Bell,2022,2023,3
Josh Bell,2023,2024,3
Josh Bell,2024,2025,3
Josh Donaldson,2021,2022,4
Josh Donaldson,2022,2023,4
Josh Harrison,2021,2022,2
Josh Harrison,2022,2023,2
Josh Jung,2022,2023,2
Josh Jung,2023,2024,2
Josh Jung,2024,2025,2
Josh Lowe,2022,2023,2
Josh Lowe,2023,2024,2
Josh Lowe,2024,2025,2
Josh Naylor,2021,2022,2
Josh Naylor,2022,2023,2
Josh Naylor,2023,2024,2
Josh Naylor,2024,2025,2
Josh Rojas,2021,2022,4
Josh Rojas,2022,2023,4
Josh Rojas,2023,2024,4
Josh Rojas,2024,2025,4
Josh Smith,2022,2023,2
Josh Smith,2023,2024,2
Josh Smith,2024,2025,2
Josh VanMeter,2021,2022,0
Juan Soto,2021,2022,4
Juan Soto,2022,2023,4
Juan Soto,2023,2024,4
Juan Soto,2024,2025,4
Julio Rodriguez,2022,2023,2
Julio Rodriguez,2023,2024,2
Julio Rodriguez,2024,2025,2
Jung Hoo Lee,2024,2025,1
Junior Caminero,2024,2025,3
Jurickson Profar,2021,2022,2
Jurickson Profar,2022,2023,2
Jurickson Profar,2023,2024,2
Jurickson Profar,2024,2025,2
Justin Turner,2021,2022,4
Justin Turner,2022,2023,4
Justin Turner,2023,2024,4
Justin Turner,2024,2025,4
Justyn-Henry Malloy,2024,2025,0
Ke'Bryan Hayes,2021,2022,1
Ke'Bryan Hayes,2022,2023,1
Ke'Bryan Hayes,2023,2024,1
Ke'Bryan Hayes,2024,2025,1
Keibert Ruiz,2022,2023,0
Keibert Ruiz,2023,2024,0
Keibert Ruiz,2024,2025,0
Kerry Carpenter,2022,2023,1
Kerry Carpenter,2023,2024,1
Kerry Carpenter,2024,2025,1
Keston Hiura,2021,2022,4
Ketel Marte,2021,2022,3
Ketel Marte,2022,2023,3
Ketel Marte,2023,2024,3
Ketel Marte,2024,2025,3
Kevin Kiermaier,2021,2022,4
Kevin Kiermaier,2022,2023,4
Kevin Kiermaier,2023,2024,4
Kevin Newman,2021,2022,1
Kevin Newman,2022,2023,1
Kevin Newman,2023,2024,1
Kevin Newman,2024,2025,1
Kevin Pillar,2023,2024,3
Kevin Plawecki,2021,2022,2
Kevin Smith,2022,2023,2
Kody Clemens,2022,2023,2
Kody Clemens,2023,2024,2
Kody Clemens,2024,2025,2
Kole Calhoun,2021,2022,0
Kole Calhoun,2022,2023,0
Kolten Wong,2021,2022,1
Kolten Wong,2022,2023,1
Kris Bryant,2021,2022,2
Kris Bryant,2022,2023,2
Kris Bryant,2023,2024,2
Kurt Suzuki,2021,2022,2
Kyle Farmer,2021,2022,2
Kyle Farmer,2022,2023,2
Kyle Farmer,2023,2024,2
Kyle Farmer,2024,2025,2
Kyle Garlick,2021,2022,4
Kyle Higashioka,2021,2022,4
Kyle Higashioka,2022,2023,4
Kyle Higashioka,2023,2024,4
Kyle Higashioka,2024,2025,4
Kyle Isbel,2022,2023,0
Kyle Isbel,2023,2024,0
Kyle Isbel,2024,2025,0
Kyle Manzardo,2024,2025,1
Kyle Schwarber,2021,2022,4
Kyle Schwarber,2022,2023,4
Kyle Schwarber,2023,2024,4
Kyle Schwarber,2024,2025,4
Kyle Stowers,2024,2025,1
Kyle Tucker,2021,2022,2
Kyle Tucker,2022,2023,2
Kyle Tucker,2023,2024,2
Kyle Tucker,2024,2025,2
LaMonte Wade Jr.,2021,2022,1
LaMonte Wade Jr.,2022,2023,1
LaMonte Wade Jr.,2023,2024,1
LaMonte Wade Jr.,2024,2025,1
Lane Thomas,2021,2022,0
Lane Thomas,2022,2023,0
Lane Thomas,2023,2024,0
Lane Thomas,2024,2025,0
Lars Nootbaar,2021,2022,0
Lars Nootbaar,2022,2023,0
Lars Nootbaar,2023,2024,0
Lars Nootbaar,2024,2025,0
Lawrence Butler,2023,2024,0
Lawrence Butler,2024,2025,0
Lenyn Sosa,2023,2024,4
Lenyn Sosa,2024,2025,4
Leody Taveras,2021,2022,1
Leody Taveras,2022,2023,1
Leody Taveras,2023,2024,1
Leody Taveras,2024,2025,1
Leury Garcia,2021,2022,4
Lewin Diaz,2021,2022,2
Logan O'Hoppe,2023,2024,0
Logan O'Hoppe,2024,2025,0
Lorenzo Cain,2021,2022,3
Lourdes Gurriel Jr.,2021,2022,4
Lourdes Gurriel Jr.,2022,2023,4
Lourdes Gurriel Jr.,2023,2024,4
Lourdes Gurriel Jr.,2024,2025,4
Luis Arraez,2021,2022,4
Luis Arraez,2022,2023,4
Luis Arraez,2023,2024,4
Luis Arraez,2024,2025,4
Luis Campusano,2023,2024,4
Luis Garcia Jr.,2021,2022,2
Luis Garcia Jr.,2022,2023,2
Luis Garcia Jr.,2023,2024,2
Luis Garcia Jr.,2024,2025,2
Luis Guillorme,2021,2022,3
Luis Guillorme,2022,2023,3
Luis Guillorme,2023,2024,3
Luis Matos,2023,2024,2
Luis Matos,2024,2025,2
Luis Rengifo,2021,2022,2
Luis Rengifo,2022,2023,2
Luis Rengifo,2023,2024,2
Luis Rengifo,2024,2025,2
Luis Robert Jr.,2021,2022,4
Luis Robert Jr.,2022,2023,4
Luis Robert Jr.,2023,2024,4
Luis Robert Jr.,2024,2025,4
Luis Torrens,2021,2022,3
Luis Torrens,2024,2025,3
Luis Urias,2021,2022,2
Luis Urias,2022,2023,2
Luis Urias,2023,2024,2
Luis Urias,2024,2025,2
Luke Maile,2022,2023,2
Luke Maile,2023,2024,2
Luke Raley,2023,2024,2
Luke Raley,2024,2025,2
Luke Voit,2021,2022,0
Luke Williams,2021,2022,3
MJ Melendez,2022,2023,1
MJ Melendez,2023,2024,1
Maikel Franco,2021,2022,3
Maikel Garcia,2023,2024,3
Maikel Garcia,2024,2025,3
Manny Machado,2021,2022,0
Manny Machado,2022,2023,0
Manny Machado,2023,2024,0
Manny Machado,2024,2025,0
Manuel Margot,2021,2022,1
Manuel Margot,2022,2023,1
Manuel Margot,2023,2024,1
Marcell Ozuna,2021,2022,0
Marcell Ozuna,2022,2023,0
Marcell Ozuna,2023,2024,0
Marcell Ozuna,2024,2025,0
Marcus Semien,2021,2022,3
Marcus Semien,2022,2023,3
Marcus Semien,2023,2024,3
Marcus Semien,2024,2025,3
Mark Canha,2021,2022,0
Mark Canha,2022,2023,0
Mark Canha,2023,2024,0
Mark Canha,2024,2025,0
Mark Vientos,2023,2024,2
Mark Vientos,2024,2025,2
Martin Maldonado,2021,2022,4
Martin Maldonado,2022,2023,4
Martin Maldonado,2023,2024,4
Martin Maldonado,2024,2025,4
Marwin Gonzalez,2021,2022,2
Masataka Yoshida,2023,2024,2
Masataka Yoshida,2024,2025,2
Masyn Winn,2023,2024,2
Masyn Winn,2024,2025,2
Matt Carpenter,2021,2022,3
Matt Carpenter,2022,2023,3
Matt Carpenter,2023,2024,3
Matt Chapman,2021,2022,1
Matt Chapman,2022,2023,1
Matt Chapman,2023,2024,1
Matt Chapman,2024,2025,1
Matt Duffy,2021,2022,4
Matt Duffy,2022,2023,4
Matt Olson,2021,2022,3
Matt Olson,2022,2023,3
Matt Olson,2023,2024,3
Matt Olson,2024,2025,3
Matt Thaiss,2023,2024,0
Matt Thaiss,2024,2025,0
Matt Vierling,2022,2023,3
Matt Vierling,2023,2024,3
Matt Vierling,2024,2025,3
Matt Wallner,2023,2024,3
Matt Wallner,2024,2025,3
Mauricio Dubon,2021,2022,2
Mauricio Dubon,2022,2023,2
Mauricio Dubon,2023,2024,2
Mauricio Dubon,2024,2025,2
Max Kepler,2021,2022,4
Max Kepler,2022,2023,4
Max Kepler,2023,2024,4
Max Kepler,2024,2025,4
Max Muncy,2021,2022,4
Max Muncy,2022,2023,4
Max Muncy,2023,2024,4
Max Muncy,2024,2025,4
Max Schuemann,2024,2025,3
Max Stassi,2021,2022,2
Michael A. Taylor,2021,2022,0
Michael A. Taylor,2022,2023,0
Michael A. Taylor,2023,2024,0
Michael A. Taylor,2024,2025,0
Michael Brantley,2021,2022,0
Michael Busch,2024,2025,3
Michael Chavis,2021,2022,4
Michael Conforto,2023,2024,3
Michael Conforto,2024,2025,3
Michael Harris II,2022,2023,4
Michael Harris II,2023,2024,4
Michael Harris II,2024,2025,4
Michael Massey,2022,2023,0
Michael Massey,2023,2024,0
Michael Massey,2024,2025,0
Michael Perez,2021,2022,4
Michael Toglia,2022,2023,2
Michael Toglia,2023,2024,2
Michael Toglia,2024,2025,2
Mickey Moniak,2022,2023,4
Mickey Moniak,2023,2024,4
Mickey Moniak,2024,2025,4
Miguel Amaya,2023,2024,3
Miguel Amaya,2024,2025,3
Miguel Andujar,2021,2022,2
Miguel Andujar,2024,2025,2
Miguel Cabrera,2021,2022,0
Miguel Cabrera,2022,2023,0
Miguel Rojas,2021,2022,1
Miguel Rojas,2022,2023,1
Miguel Rojas,2023,2024,1
Miguel Rojas,2024,2025,1
Miguel Vargas,2023,2024,0
Miguel Vargas,2024,2025,0
Mike Brosseau,2021,2022,3
Mike Ford,2022,2023,0
Mike Moustakas,2021,2022,1
Mike Moustakas,2022,2023,1
Mike Tauchman,2023,2024,0
Mike Tauchman,2024,2025,0
Mike Trout,2021,2022,4
Mike Trout,2022,2023,4
Mike Trout,2023,2024,4
Mike Trout,2024,2025,4
Mike Yastrzemski,2021,2022,1
Mike Yastrzemski,2022,2023,1
Mike Yastrzemski,2023,2024,1
Mike Yastrzemski,2024,2025,1
Mike Zunino,2021,2022,3
Mike Zunino,2022,2023,3
Miles Mastrobuoni,2023,2024,1
Miles Mastrobuoni,2024,2025,1
Mitch Garver,2021,2022,0
Mitch Garver,2022,2023,0
Mitch Garver,2023,2024,0
Mitch Garver,2024,2025,0
Mitch Haniger,2021,2022,3
Mitch Haniger,2022,2023,3
Mitch Haniger,2023,2024,3
Mookie Betts,2021,2022,2
Mookie Betts,2022,2023,2
Mookie Betts,2023,2024,2
Mookie Betts,2024,2025,2
Myles Straw,2021,2022,3
Myles Straw,2022,2023,3
Nathaniel Lowe,2021,2022,4
Nathaniel Lowe,2022,2023,4
Nathaniel Lowe,2023,2024,4
Nathaniel Lowe,2024,2025,4
Nelson Cruz,2021,2022,1
Nelson Cruz,2022,2023,1
Nelson Velazquez,2022,2023,0
Nelson Velazquez,2023,2024,0
Nick Ahmed,2023,2024,1
Nick Allen,2022,2023,4
Nick Allen,2023,2024,4
Nick Allen,2024,2025,4
Nick Castellanos,2021,2022,1
Nick Castellanos,2022,2023,1
Nick Castellanos,2023,2024,1
Nick Castellanos,2024,2025,1
Nick Fortes,2022,2023,3
Nick Fortes,2023,2024,3
Nick Fortes,2024,2025,3
Nick Gonzales,2023,2024,3
Nick Gonzales,2024,2025,3
Nick Gordon,2021,2022,3
Nick Loftin,2024,2025,4
Nick Madrigal,2021,2022,3
Nick Madrigal,2022,2023,3
Nick Martini,2024,2025,3
Nick Pratto,2022,2023,0
Nick Senzel,2021,2022,3
Nick Senzel,2022,2023,3
Nick Senzel,2023,2024,3
Nicky Lopez,2021,2022,3
Nicky Lopez,2022,2023,3
Nicky Lopez,2023,2024,3
Nico Hoerner,2021,2022,1
Nico Hoerner,2022,2023,1
Nico Hoerner,2023,2024,1
Nico Hoerner,2024,2025,1
Noelvi Marte,2023,2024,0
Noelvi Marte,2024,2025,0
Nolan Arenado,2021,2022,2
Nolan Arenado,2022,2023,2
Nolan Arenado,2023,2024,2
Nolan Arenado,2024,2025,2
Nolan Gorman,2022,2023,4
Nolan Gorman,2023,2024,4
Nolan Gorman,2024,2025,4
Nolan Jones,2023,2024,1
Nolan Jones,2024,2025,1
Nolan Schanuel,2023,2024,1
Nolan Schanuel,2024,2025,1
Nomar Mazara,2021,2022,3
Odubel Herrera,2021,2022,0
Omar Narvaez,2021,2022,3
Omar Narvaez,2022,2023,3
Oneil Cruz,2024,2025,3
Orlando Arcia,2022,2023,1
Orlando Arcia,2023,2024,1
Orlando Arcia,2024,2025,1
Oscar Gonzalez,2022,2023,4
Oscar Mercado,2021,2022,2
Oswaldo Cabrera,2022,2023,1
Oswaldo Cabrera,2023,2024,1
Oswaldo Cabrera,2024,2025,1
Otto Lopez,2024,2025,0
Owen Miller,2021,2022,2
Owen Miller,2022,2023,2
Ozzie Albies,2021,2022,1
Ozzie Albies,2022,2023,1
Ozzie Albies,2023,2024,1
Ozzie Albies,2024,2025,1
Parker Meadows,2023,2024,3
Parker Meadows,2024,2025,3
Patrick Bailey,2023,2024,2
Patrick Bailey,2024,2025,2
Patrick Wisdom,2021,2022,2
Patrick Wisdom,2022,2023,2
Patrick Wisdom,2023,2024,2
Paul DeJong,2021,2022,1
Paul DeJong,2022,2023,1
Paul DeJong,2023,2024,1
Paul DeJong,2024,2025,1
Paul Goldschmidt,2021,2022,4
Paul Goldschmidt,2022,2023,4
Paul Goldschmidt,2023,2024,4
Paul Goldschmidt,2024,2025,4
Pavin Smith,2021,2022,3
Pavin Smith,2022,2023,3
Pavin Smith,2023,2024,3
Pavin Smith,2024,2025,3
Pedro Pages,2024,2025,2
Pete Alonso,2021,2022,1
Pete Alonso,2022,2023,1
Pete Alonso,2023,2024,1
Pete Alonso,2024,2025,1
Pete Crow-Armstrong,2024,2025,1
Rafael Devers,2021,2022,3
Rafael Devers,2022,2023,3
Rafael Devers,2023,2024,3
Rafael Devers,2024,2025,3
Rafael Ortega,2021,2022,3
Rafael Ortega,2022,2023,3
Raimel Tapia,2021,2022,1
Raimel Tapia,2022,2023,1
Ramon Laureano,2021,2022,2
Ramon Laureano,2022,2023,2
Ramon Laureano,2023,2024,2
Ramon Laureano,2024,2025,2
Ramon Urias,2021,2022,4
Ramon Urias,2022,2023,4
Ramon Urias,2023,2024,4
Ramon Urias,2024,2025,4
Randal Grichuk,2021,2022,4
Randal Grichuk,2022,2023,4
Randal Grichuk,2023,2024,4
Randal Grichuk,2024,2025,4
Randy Arozarena,2021,2022,0
Randy Arozarena,2022,2023,0
Randy Arozarena,2023,2024,0
Randy Arozarena,2024,2025,0
Reese McGuire,2021,2022,2
Reese McGuire,2022,2023,2
Reese McGuire,2023,2024,2
Reese McGuire,2024,2025,2
Rhys Hoskins,2021,2022,4
Rhys Hoskins,2024,2025,4
Richie Palacios,2022,2023,4
Richie Palacios,2023,2024,4
Riley Adams,2021,2022,0
Riley Adams,2022,2023,0
Riley Adams,2023,2024,0
Riley Adams,2024,2025,0
Riley Greene,2022,2023,4
Riley Greene,2023,2024,4
Riley Greene,2024,2025,4
Rob Refsnyder,2021,2022,0
Rob Refsnyder,2022,2023,0
Rob Refsnyder,2023,2024,0
Rob Refsnyder,2024,2025,0
Robbie Grossman,2021,2022,3
Robbie Grossman,2022,2023,3
Robbie Grossman,2023,2024,3
Robinson Chirinos,2021,2022,2
Rodolfo Castro,2022,2023,0
Romy Gonzalez,2024,2025,4
Ronald Acuna Jr.,2021,2022,0
Ronald Acuna Jr.,2022,2023,0
Ronald Acuna Jr.,2023,2024,0
Ronald Acuna Jr.,2024,2025,0
Rougned Odor,2021,2022,3
Rougned Odor,2022,2023,3
Rowdy Tellez,2021,2022,0
Rowdy Tellez,2022,2023,0
Rowdy Tellez,2023,2024,0
Rowdy Tellez,2024,2025,0
Royce Lewis,2023,2024,3
Royce Lewis,2024,2025,3
Ryan Jeffers,2021,2022,0
Ryan Jeffers,2022,2023,0
Ryan Jeffers,2023,2024,0
Ryan Jeffers,2024,2025,0
Ryan McKenna,2021,2022,2
Ryan McKenna,2022,2023,2
Ryan McMahon,2021,2022,1
Ryan McMahon,2022,2023,1
Ryan McMahon,2023,2024,1
Ryan McMahon,2024,2025,1
Ryan Mountcastle,2021,2022,4
Ryan Mountcastle,2022,2023,4
Ryan Mountcastle,2023,2024,4
Ryan Mountcastle,2024,2025,4
Ryan Noda,2023,2024,4
Ryan O'Hearn,2021,2022,4
Ryan O'Hearn,2022,2023,4
Ryan O'Hearn,2023,2024,4
Ryan O'Hearn,2024,2025,4
Sal Frelick,2023,2024,1
Sal Frelick,2024,2025,1
Salvador Perez,2021,2022,1
Salvador Perez,2022,2023,1
Salvador Perez,2023,2024,1
Salvador Perez,2024,2025,1
Sam Haggerty,2022,2023,3
Sam Hilliard,2021,2022,1
Santiago Espinal,2021,2022,4
Santiago Espinal,2022,2023,4
Santiago Espinal,2023,2024,4
Santiago Espinal,2024,2025,4
Sean Murphy,2021,2022,3
Sean Murphy,2022,2023,3
Sean Murphy,2023,2024,3
Sean Murphy,2024,2025,3
Seby Zavala,2021,2022,4
Seby Zavala,2022,2023,4
Seiya Suzuki,2022,2023,4
Seiya Suzuki,2023,2024,4
Seiya Suzuki,2024,2025,4
Sergio Alcantara,2021,2022,1
Seth Brown,2021,2022,1
Seth Brown,2022,2023,1
Seth Brown,2023,2024,1
Shea Langeliers,2022,2023,2
Shea Langeliers,2023,2024,2
Shea Langeliers,2024,2025,2
Shohei Ohtani,2021,2022,3
Shohei Ohtani,2022,2023,3
Shohei Ohtani,2023,2024,3
Shohei Ohtani,2024,2025,3
Spencer Horwitz,2024,2025,1
Spencer Steer,2022,2023,2
Spencer Steer,2023,2024,2
Spencer Steer,2024,2025,2
Spencer Torkelson,2022,2023,4
Spencer Torkelson,2023,2024,4
Spencer Torkelson,2024,2025,4
Starling Marte,2021,2022,2
Starling Marte,2022,2023,2
Starling Marte,2023,2024,2
Starling Marte,2024,2025,2
Stephen Piscotty,2021,2022,2
Stephen Vogt,2021,2022,2
Steven Kwan,2022,2023,3
Steven Kwan,2023,2024,3
Steven Kwan,2024,2025,3
Stuart Fairchild,2022,2023,4
Stuart Fairchild,2023,2024,4
TJ Friedl,2022,2023,2
TJ Friedl,2023,2024,2
TJ Friedl,2024,2025,2
Taylor Trammell,2021,2022,3
Taylor Walls,2021,2022,3
Taylor Walls,2022,2023,3
Taylor Walls,2023,2024,3
Taylor Walls,2024,2025,3
Taylor Ward,2021,2022,1
Taylor Ward,2022,2023,1
Taylor Ward,2023,2024,1
Taylor Ward,2024,2025,1
Teoscar Hernandez,2021,2022,1
Teoscar Hernandez,2022,2023,1
Teoscar Hernandez,2023,2024,1
Teoscar Hernandez,2024,2025,1
Thairo Estrada,2021,2022,2
Thairo Estrada,2022,2023,2
Thairo Estrada,2023,2024,2
Thairo Estrada,2024,2025,2
Tim Anderson,2021,2022,0
Tim Anderson,2022,2023,0
Tim Anderson,2023,2024,0
Tomas Nido,2021,2022,4
Tommy Edman,2021,2022,2
Tommy Edman,2022,2023,2
Tommy Edman,2023,2024,2
Tommy Edman,2024,2025,2
Tommy La Stella,2021,2022,0
Tommy Pham,2021,2022,0
Tommy Pham,2022,2023,0
Tommy Pham,2023,2024,0
Tommy Pham,2024,2025,0
Tony Kemp,2021,2022,4
Tony Kemp,2022,2023,4
Travis Jankowski,2023,2024,3
Travis d'Arnaud,2021,2022,4
Travis d'Arnaud,2022,2023,4
Travis d'Arnaud,2023,2024,4
Travis d'Arnaud,2024,2025,4
Trayce Thompson,2022,2023,2
Trea Turner,2021,2022,1
Trea Turner,2022,2023,1
Trea Turner,2023,2024,1
Trea Turner,2024,2025,1
Trent Grisham,2021,2022,1
Trent Grisham,2022,2023,1
Trent Grisham,2023,2024,1
Trent Grisham,2024,2025,1
Trevor Larnach,2021,2022,1
Trevor Larnach,2022,2023,1
Trevor Larnach,2023,2024,1
Trevor Larnach,2024,2025,1
Trevor Story,2021,2022,3
Trevor Story,2022,2023,3
Trevor Story,2023,2024,3
Trevor Story,2024,2025,3
Trey Mancini,2021,2022,3
Trey Mancini,2022,2023,3
Trey Sweeney,2024,2025,4
Triston Casas,2023,2024,0
Triston Casas,2024,2025,0
Tucker Barnhart,2021,2022,3
Tucker Barnhart,2022,2023,3
Tucupita Marcano,2022,2023,3
Ty France,2021,2022,0
Ty France,2022,2023,0
Ty France,2023,2024,0
Ty France,2024,2025,0
Tyler Fitzgerald,2024,2025,1
Tyler Freeman,2023,2024,4
Tyler Freeman,2024,2025,4
Tyler Naquin,2021,2022,1
Tyler Nevin,2022,2023,3
Tyler Nevin,2023,2024,3
Tyler O'Neill,2021,2022,3
Tyler O'Neill,2022,2023,3
Tyler O'Neill,2023,2024,3
Tyler O'Neill,2024,2025,3
Tyler Soderstrom,2023,2024,1
Tyler Soderstrom,2024,2025,1
Tyler Stephenson,2021,2022,0
Tyler Stephenson,2022,2023,0
Tyler Stephenson,2023,2024,0
Tyler Stephenson,2024,2025,0
Tyler Wade,2021,2022,1
Tyler Wade,2024,2025,1
Tyrone Taylor,2021,2022,4
Tyrone Taylor,2022,2023,4
Tyrone Taylor,2023,2024,4
Tyrone Taylor,2024,2025,4
Victor Caratini,2021,2022,0
Victor Caratini,2022,2023,0
Victor Caratini,2023,2024,0
Victor Caratini,2024,2025,0
Victor Reyes,2021,2022,0
Victor Robles,2021,2022,0
Victor Robles,2022,2023,0
Victor Robles,2023,2024,0
Victor Robles,2024,2025,0
Victor Scott II,2024,2025,2
Vinnie Pasquantino,2022,2023,3
Vinnie Pasquantino,2023,2024,3
Vinnie Pasquantino,2024,2025,3
Vladimir Guerrero Jr.,2021,2022,2
Vladimir Guerrero Jr.,2022,2023,2
Vladimir Guerrero Jr.,2023,2024,2
Vladimir Guerrero Jr.,2024,2025,2
Wander Franco,2021,2022,0
Wander Franco,2022,2023,0
Wenceel Perez,2024,2025,4
Whit Merrifield,2021,2022,3
Whit Merrifield,2022,2023,3
Whit Merrifield,2023,2024,3
Wil Myers,2021,2022,1
Wil Myers,2022,2023,1
Will Benson,2023,2024,0
Will Benson,2024,2025,0
Will Brennan,2023,2024,2
Will Smith,2021,2022,1
Will Smith,2022,2023,1
Will Smith,2023,2024,1
Will Smith,2024,2025,1
Willi Castro,2021,2022,2
Willi Castro,2022,2023,2
Willi Castro,2023,2024,2
Willi Castro,2024,2025,2
William Contreras,2021,2022,1
William Contreras,2022,2023,1
William Contreras,2023,2024,1
William Contreras,2024,2025,1
Willie Calhoun,2023,2024,3
Willson Contreras,2021,2022,2
Willson Contreras,2022,2023,2
Willson Contreras,2023,2024,2
Willson Contreras,2024,2025,2
Willy Adames,2021,2022,0
Willy Adames,2022,2023,0
Willy Adames,2023,2024,0
Willy Adames,2024,2025,0
Wilmer Flores,2021,2022,2
Wilmer Flores,2022,2023,2
Wilmer Flores,2023,2024,2
Wilmer Flores,2024,2025,2
Wilyer Abreu,2024,2025,1
Wyatt Langford,2024,2025,1
Xander Bogaerts,2021,2022,3
Xander Bogaerts,2022,2023,3
Xander Bogaerts,2023,2024,3
Xander Bogaerts,2024,2025,3
Xavier Edwards,2024,2025,4
Yadiel Hernandez,2021,2022,2
Yadier Molina,2021,2022,4
Yainer Diaz,2023,2024,0
Yainer Diaz,2024,2025,0
Yan Gomes,2021,2022,1
Yan Gomes,2022,2023,1
Yandy Diaz,2021,2022,0
Yandy Diaz,2022,2023,0
Yandy Diaz,2023,2024,0
Yandy Diaz,2024,2025,0
Yasmani Grandal,2021,2022,2
Yasmani Grandal,2022,2023,2
Yasmani Grandal,2023,2024,2
Yoan Moncada,2021,2022,3
Yoan Moncada,2022,2023,3
Yonathan Daza,2021,2022,4
Yordan Alvarez,2021,2022,2
Yordan Alvarez,2022,2023,2
Yordan Alvarez,2023,2024,2
Yordan Alvarez,2024,2025,2
Yoshi Tsutsugo,2021,2022,1
Yu Chang,2021,2022,4
Yu Chang,2022,2023,4
Yuli Gurriel,2021,2022,0
Yuli Gurriel,2022,2023,0
Zach McKinstry,2021,2022,0
Zach McKinstry,2022,2023,0
Zach McKinstry,2023,2024,0
Zach McKinstry,2024,2025,0
Zach Neto,2023,2024,4
Zach Neto,2024,2025,4
Zack Collins,2021,2022,2
Zack Gelof,2023,2024,1
Zack Gelof,2024,2025,1
