target,pool,fold,model,n_features,selected_alpha,n_train,thin_training_set,train_period,test_period,n_test,mae,mae_ci_low,mae_ci_high,rmse,rmse_ci_low,rmse_ci_high
wrc_plus,same_season,A,"A scalar (WAR, wRC+) k=10",,,,,,,350,19.97142857142857,18.313728571428573,21.57517857142857,25.497222257672362,23.568430441793563,27.405398528625465
wrc_plus,same_season,A,"A scalar (WAR, wRC+) k=3",,,,,,,350,22.683809523809526,20.873285714285714,24.4662619047619,28.42185611042855,26.338183980320572,30.470206238600046
wrc_plus,same_season,A,"A scalar (WAR, wRC+) k=5",,,,,,,350,21.081142857142858,19.324542857142855,22.820342857142858,26.736423524045673,24.69373303951083,28.725075859848037
wrc_plus,same_season,A,B B2V (5 tools) k=10,,,,,,,350,19.731142857142856,18.224600000000002,21.32035,24.819329448752526,22.998463566568038,26.642483966637677
wrc_plus,same_season,A,B B2V (5 tools) k=3,,,,,,,350,21.484761904761903,19.837095238095237,23.16695238095238,26.7142016805401,24.841124362396943,28.57192468606894
wrc_plus,same_season,A,B B2V (5 tools) k=5,,,,,,,350,20.18857142857143,18.68897142857143,21.752585714285715,25.15814664988546,23.388292121169137,26.917716887598036
wrc_plus,same_season,B,"A scalar (WAR, wRC+) k=10",,,,,,,355,21.802535211267603,20.01469014084507,23.7974366197183,28.154941026849126,25.90067350823085,30.536436812952452
wrc_plus,same_season,B,"A scalar (WAR, wRC+) k=3",,,,,,,355,23.52582159624413,21.60823943661972,25.575751173708916,30.270657013952274,28.020857135756454,32.784138806039785
wrc_plus,same_season,B,"A scalar (WAR, wRC+) k=5",,,,,,,355,22.66140845070423,20.777788732394367,24.721957746478875,29.3654544574566,27.01594999223011,31.938827044029168
wrc_plus,same_season,B,B B2V (5 tools) k=10,,,,,,,355,20.376338028169016,18.73816901408451,22.186830985915492,26.167356290066213,24.15616015668306,28.339541367490916
wrc_plus,same_season,B,B B2V (5 tools) k=3,,,,,,,355,22.601877934272302,20.73030516431925,24.524366197183095,28.878023116071013,26.74056926494144,31.0475060928155
wrc_plus,same_season,B,B B2V (5 tools) k=5,,,,,,,355,21.340845070422535,19.58354929577465,23.131394366197178,27.230120025804485,25.152056212225784,29.29615702677182
wrc_plus,same_season,C,"A scalar (WAR, wRC+) k=10",,,,,,,358,19.87877094972067,18.28108240223463,21.527632681564246,25.56286259662791,23.296434662740538,27.923268335344478
wrc_plus,same_season,C,"A scalar (WAR, wRC+) k=3",,,,,,,358,22.099627560521412,20.334101489757913,23.859473929236504,28.041929012527607,25.792105172875576,30.252693955734788
wrc_plus,same_season,C,"A scalar (WAR, wRC+) k=5",,,,,,,358,20.937430167597768,19.280405027932957,22.62590782122905,26.91433129487484,24.77400004388162,29.05541204569417
wrc_plus,same_season,C,B B2V (5 tools) k=10,,,,,,,358,20.23687150837989,18.558079608938545,21.965565642458095,25.956780795656133,23.874477665186323,28.26074952256702
wrc_plus,same_season,C,B B2V (5 tools) k=3,,,,,,,358,22.121973929236496,20.452351024208564,23.953514897579144,27.818797149775097,25.780805156849816,29.975451960987595
wrc_plus,same_season,C,B B2V (5 tools) k=5,,,,,,,358,21.140782122905026,19.442458100558657,22.991620111731844,27.120360736547124,24.96165371889029,29.47202662767803
wrc_plus,same_season,pooled,"A scalar (WAR, wRC+) k=10",,,,,re-fitted per fold,all rolling-origin test seasons,1063,20.551740357478835,19.4524006583462,21.649644339434392,26.43590964783979,25.020695095591535,27.778098590874876
wrc_plus,same_season,pooled,"A scalar (WAR, wRC+) k=3",,,,,re-fitted per fold,all rolling-origin test seasons,1063,22.76826591407965,21.65770036833607,23.9156039920373,28.927763682224835,27.556704450677334,30.23085393299154
wrc_plus,same_season,pooled,"A scalar (WAR, wRC+) k=5",,,,,re-fitted per fold,all rolling-origin test seasons,1063,21.560489181561618,20.43653959962398,22.704443269821017,27.70032348147514,26.264736801272264,29.061686511884986
wrc_plus,same_season,pooled,B B2V (5 tools) k=10,,,,,re-fitted per fold,all rolling-origin test seasons,1063,20.116933207902164,19.114940538501997,21.148761038023643,25.65937834562103,24.40962801031929,26.90288319598056
wrc_plus,same_season,pooled,B B2V (5 tools) k=3,,,,,re-fitted per fold,all rolling-origin test seasons,1063,22.072436500470367,21.057923117239156,23.11031302748285,27.822795965392658,26.618582132584482,29.020635912368775
wrc_plus,same_season,pooled,B B2V (5 tools) k=5,,,,,re-fitted per fold,all rolling-origin test seasons,1063,20.89407337723424,19.89829264368741,21.927088488017656,26.527919228407253,25.340495091835727,27.72603992880479
wrc_plus,past_seasons,A,"A scalar (WAR, wRC+) k=10",,,,,,,350,20.09771428571429,18.52142142857143,21.692050000000002,25.254160619023324,23.3791661713537,27.122091379067435
wrc_plus,past_seasons,A,"A scalar (WAR, wRC+) k=3",,,,,,,350,22.610476190476188,20.861809523809523,24.35054761904762,28.342894745238752,26.224997918121588,30.281161037726598
wrc_plus,past_seasons,A,"A scalar (WAR, wRC+) k=5",,,,,,,350,20.574285714285715,18.982657142857143,22.185828571428573,25.88171113795553,23.922643109198425,27.837617402794884
wrc_plus,past_seasons,A,B B2V (5 tools) k=10,,,,,,,350,18.969428571428573,17.376842857142854,20.538864285714286,24.10711631744571,22.157751529716382,25.943013280478556
wrc_plus,past_seasons,A,B B2V (5 tools) k=3,,,,,,,350,21.517142857142858,19.72847619047619,23.369809523809526,27.395081240808103,25.133168375529362,29.76920801592045
wrc_plus,past_seasons,A,B B2V (5 tools) k=5,,,,,,,350,20.130857142857142,18.450842857142856,21.835642857142854,25.661219211654213,23.626155030810253,27.6491991299383
wrc_plus,past_seasons,B,"A scalar (WAR, wRC+) k=10",,,,,,,355,20.896901408450702,19.148781690140847,22.713971830985912,26.9554687544967,24.768394427249415,29.171128923577335
wrc_plus,past_seasons,B,"A scalar (WAR, wRC+) k=3",,,,,,,355,22.985915492957748,21.240845070422534,24.949600938967134,29.175514419244486,26.995006493499844,31.44977203711736
wrc_plus,past_seasons,B,"A scalar (WAR, wRC+) k=5",,,,,,,355,22.14985915492958,20.38456338028169,24.00619718309859,27.902696118909823,25.727219913600727,30.187981477775473
wrc_plus,past_seasons,B,B B2V (5 tools) k=10,,,,,,,355,19.93887323943662,18.25685915492958,21.724619718309857,26.03506790011081,23.968557319098547,28.205609770584687
wrc_plus,past_seasons,B,B B2V (5 tools) k=3,,,,,,,355,22.31079812206573,20.45784037558685,24.24711267605634,28.74288916621437,26.285986639984248,31.4607592623676
wrc_plus,past_seasons,B,B B2V (5 tools) k=5,,,,,,,355,21.061971830985915,19.367704225352114,22.93021126760563,27.10846861079643,24.854552232740417,29.438539389541994
wrc_plus,past_seasons,C,"A scalar (WAR, wRC+) k=10",,,,,,,358,19.587150837988826,17.971403631284918,21.278016759776534,25.373428894312816,23.313536653776456,27.447216619460086
wrc_plus,past_seasons,C,"A scalar (WAR, wRC+) k=3",,,,,,,358,21.07728119180633,19.33328677839851,22.876606145251397,27.117413738608768,25.07942395958722,29.235319038795055
wrc_plus,past_seasons,C,"A scalar (WAR, wRC+) k=5",,,,,,,358,20.984357541899442,19.345726256983237,22.672094972067036,26.3147514761473,24.35529244885751,28.340349500076655
wrc_plus,past_seasons,C,B B2V (5 tools) k=10,,,,,,,358,19.31145251396648,17.68463687150838,20.93668296089385,24.772254821443838,22.75188552894114,26.843370484555678
wrc_plus,past_seasons,C,B B2V (5 tools) k=3,,,,,,,358,20.748603351955307,18.976280260707636,22.62199720670391,27.080850050886227,24.604661366073373,29.550040384120553
wrc_plus,past_seasons,C,B B2V (5 tools) k=5,,,,,,,358,19.963128491620115,18.34740223463687,21.67231843575419,25.543373125226143,23.41972024632594,27.763967678337103
wrc_plus,past_seasons,pooled,"A scalar (WAR, wRC+) k=10",,,,,re-fitted per fold,all rolling-origin test seasons,1063,20.192662276575728,19.127964931264497,21.231509883732265,25.874121069324573,24.568360954393093,27.079555626455566
wrc_plus,past_seasons,pooled,"A scalar (WAR, wRC+) k=3",,,,,re-fitted per fold,all rolling-origin test seasons,1063,22.2195045468799,21.149038965931847,23.352215381917038,28.220980640322423,26.925301219498515,29.53357291278544
wrc_plus,past_seasons,pooled,"A scalar (WAR, wRC+) k=5",,,,,re-fitted per fold,all rolling-origin test seasons,1063,21.23857008466604,20.21896156605231,22.294050635547045,26.716586467476148,25.459564357862018,27.984068507076515
wrc_plus,past_seasons,pooled,B B2V (5 tools) k=10,,,,,re-fitted per fold,all rolling-origin test seasons,1063,19.408372530573846,18.43855060999706,20.392325699564925,24.987735279397107,23.74263958308696,26.22610798338091
wrc_plus,past_seasons,pooled,B B2V (5 tools) k=3,,,,,re-fitted per fold,all rolling-origin test seasons,1063,21.5233615553465,20.479870360627288,22.633900556442715,27.74876461202313,26.33183368849364,29.18210738493054
wrc_plus,past_seasons,pooled,B B2V (5 tools) k=5,,,,,re-fitted per fold,all rolling-origin test seasons,1063,20.385324553151456,19.39009970746609,21.42669249927252,26.114570638318114,24.84894301785393,27.44087445448462
war,same_season,A,"A scalar (WAR, wRC+) k=10",,,,,,,350,1.2077142857142857,1.1040271428571429,1.3141335714285713,1.5745667884940833,1.4179203859017246,1.7300848789997005
war,same_season,A,"A scalar (WAR, wRC+) k=3",,,,,,,350,1.3474285714285714,1.2299952380952381,1.464290476190476,1.742825656754361,1.5917162540263894,1.8885958081894567
war,same_season,A,"A scalar (WAR, wRC+) k=5",,,,,,,350,1.2638285714285713,1.1549657142857142,1.3778857142857142,1.665216245073637,1.5136651979122555,1.8203693887102974
war,same_season,A,B B2V (5 tools) k=10,,,,,,,350,1.2958571428571428,1.1980042857142859,1.4008928571428574,1.6331775338715804,1.490935895151546,1.7848674294739082
war,same_season,A,B B2V (5 tools) k=3,,,,,,,350,1.3894285714285712,1.2744738095238095,1.5099071428571431,1.7848133600348048,1.632654663420748,1.936865674489272
war,same_season,A,B B2V (5 tools) k=5,,,,,,,350,1.3326285714285715,1.22954,1.442,1.6771353127111888,1.5277825198141946,1.8366665285596542
war,same_season,B,"A scalar (WAR, wRC+) k=10",,,,,,,355,1.2527605633802816,1.1403845070422536,1.3774528169014084,1.66967492830107,1.511016682650676,1.8393449700606135
war,same_season,B,"A scalar (WAR, wRC+) k=3",,,,,,,355,1.2962441314553992,1.1741690140845067,1.4332535211267603,1.7626191565621347,1.5939251606771845,1.9463152853768972
war,same_season,B,"A scalar (WAR, wRC+) k=5",,,,,,,355,1.287943661971831,1.1726760563380283,1.41753661971831,1.7275872616105021,1.5635408262927029,1.9068680153254416
war,same_season,B,B B2V (5 tools) k=10,,,,,,,355,1.2986760563380282,1.1819577464788733,1.4218894366197181,1.721162316084645,1.5417607492603635,1.9125357751521403
war,same_season,B,B B2V (5 tools) k=3,,,,,,,355,1.433239436619718,1.3182159624413146,1.5554366197183096,1.823980410624291,1.6728576791034981,1.9786133918453204
war,same_season,B,B B2V (5 tools) k=5,,,,,,,355,1.360450704225352,1.243761971830986,1.4787098591549295,1.7503577099199057,1.5906255388964166,1.9106372500915814
war,same_season,C,"A scalar (WAR, wRC+) k=10",,,,,,,358,1.1889385474860334,1.0924106145251398,1.2866606145251396,1.526560379473662,1.390021228372391,1.6632545626597897
war,same_season,C,"A scalar (WAR, wRC+) k=3",,,,,,,358,1.3491620111731844,1.2464618249534452,1.4576769087523271,1.7000346876367607,1.5755097556242303,1.8357681900471143
war,same_season,C,"A scalar (WAR, wRC+) k=5",,,,,,,358,1.270782122905028,1.1693142458100558,1.378659217877095,1.6252432563952084,1.492894719023259,1.7666238354970574
war,same_season,C,B B2V (5 tools) k=10,,,,,,,358,1.2697206703910615,1.156421089385475,1.3904546089385477,1.6647807579579477,1.4989777984126111,1.83671106799376
war,same_season,C,B B2V (5 tools) k=3,,,,,,,358,1.362290502793296,1.2538012104283054,1.476373370577281,1.7185924184293393,1.5723178993588842,1.8701618493694476
war,same_season,C,B B2V (5 tools) k=5,,,,,,,358,1.31536312849162,1.2040935754189943,1.4334078212290502,1.7051361779854592,1.5455291072654065,1.8657871815844673
war,same_season,pooled,"A scalar (WAR, wRC+) k=10",,,,,re-fitted per fold,all rolling-origin test seasons,1063,1.2164346190028221,1.1467530156914025,1.286894917724782,1.591278469781875,1.4944933689325197,1.692055113971936
war,same_season,pooled,"A scalar (WAR, wRC+) k=3",,,,,re-fitted per fold,all rolling-origin test seasons,1063,1.3309187833176543,1.2591954376736985,1.4020428556496287,1.7352225153560805,1.6405596723195803,1.829000982325795
war,same_season,pooled,"A scalar (WAR, wRC+) k=5",,,,,re-fitted per fold,all rolling-origin test seasons,1063,1.2742238946378175,1.203379512008758,1.344067442758344,1.673116413300436,1.5751771639074257,1.7733942103547673
war,same_season,pooled,B B2V (5 tools) k=10,,,,,re-fitted per fold,all rolling-origin test seasons,1063,1.2879962370649107,1.2133477903007712,1.3611107198118904,1.6735986541925594,1.559507841829063,1.7847530749368512
war,same_season,pooled,B B2V (5 tools) k=3,,,,,re-fitted per fold,all rolling-origin test seasons,1063,1.3949200376293511,1.3245236260142614,1.4710407085160186,1.776127657410827,1.6818849942779537,1.8704973322678708
war,same_season,pooled,B B2V (5 tools) k=5,,,,,re-fitted per fold,all rolling-origin test seasons,1063,1.3361053621825023,1.2665736463983943,1.4085550951789776,1.7112837847387234,1.6099900228097166,1.8077279073614272
war,past_seasons,A,"A scalar (WAR, wRC+) k=10",,,,,,,350,1.1943142857142857,1.0901349999999999,1.298425714285714,1.5522673738760342,1.3977231689621572,1.697167723873085
war,past_seasons,A,"A scalar (WAR, wRC+) k=3",,,,,,,350,1.2963809523809524,1.1827309523809524,1.4115428571428572,1.7156867290915767,1.544982558772337,1.8840662909613564
war,past_seasons,A,"A scalar (WAR, wRC+) k=5",,,,,,,350,1.2077714285714287,1.1060914285714285,1.3082557142857143,1.5565896789364333,1.4064110148993023,1.7082030908134855
war,past_seasons,A,B B2V (5 tools) k=10,,,,,,,350,1.2508857142857142,1.1496142857142857,1.3528942857142854,1.5694990101485067,1.4410805341451236,1.6921061621854665
war,past_seasons,A,B B2V (5 tools) k=3,,,,,,,350,1.4056190476190478,1.2934285714285714,1.5161023809523813,1.7662793825278202,1.633476099743923,1.8935946331106617
war,past_seasons,A,B B2V (5 tools) k=5,,,,,,,350,1.3140571428571428,1.2053142857142858,1.4241385714285715,1.669468349933167,1.5368577958669185,1.7994047400858835
war,past_seasons,B,"A scalar (WAR, wRC+) k=10",,,,,,,355,1.2215492957746479,1.1092838028169014,1.3438718309859154,1.653154815820473,1.4814910314579184,1.8370267360452208
war,past_seasons,B,"A scalar (WAR, wRC+) k=3",,,,,,,355,1.3518309859154927,1.238955399061033,1.472213615023474,1.7760879096798103,1.6103088178519045,1.9505960884560072
war,past_seasons,B,"A scalar (WAR, wRC+) k=5",,,,,,,355,1.2627605633802816,1.1468704225352115,1.38532676056338,1.7089227312574582,1.528400544344252,1.9026410085560372
war,past_seasons,B,B B2V (5 tools) k=10,,,,,,,355,1.2665915492957747,1.154974647887324,1.3900584507042255,1.6786110958967255,1.50768923083675,1.8690969943659752
war,past_seasons,B,B B2V (5 tools) k=3,,,,,,,355,1.387981220657277,1.2627206572769953,1.5286525821596242,1.8428629832304073,1.638412505884434,2.070572815943609
war,past_seasons,B,B B2V (5 tools) k=5,,,,,,,355,1.3233239436619717,1.2073647887323944,1.4494760563380278,1.7375634551185117,1.569392699847705,1.9184189128423748
war,past_seasons,C,"A scalar (WAR, wRC+) k=10",,,,,,,358,1.2347206703910616,1.1282849162011173,1.3451983240223462,1.6114171042281022,1.4636018359845986,1.7600174520524856
war,past_seasons,C,"A scalar (WAR, wRC+) k=3",,,,,,,358,1.3364990689013037,1.2129376163873369,1.4616387337057728,1.7646153017733464,1.6015969551402984,1.9242029682140154
war,past_seasons,C,"A scalar (WAR, wRC+) k=5",,,,,,,358,1.2945810055865923,1.1864175977653633,1.4119567039106147,1.6856618480353014,1.5397557576303853,1.8300635077753389
war,past_seasons,C,B B2V (5 tools) k=10,,,,,,,358,1.2246089385474859,1.1235439944134078,1.3291983240223464,1.575297701757357,1.4292157203828835,1.7238464181148216
war,past_seasons,C,B B2V (5 tools) k=3,,,,,,,358,1.3590316573556798,1.242800279329609,1.4781238361266293,1.7677941660532677,1.6114948858016187,1.9266737793623443
war,past_seasons,C,B B2V (5 tools) k=5,,,,,,,358,1.2731843575418993,1.165526536312849,1.382744413407821,1.64616364575438,1.5015084497987745,1.7942286154793459
war,past_seasons,pooled,"A scalar (WAR, wRC+) k=10",,,,,re-fitted per fold,all rolling-origin test seasons,1063,1.2170178739416746,1.1455555020853385,1.293945112562086,1.6064105760521825,1.493587945037808,1.7216856749919682
war,past_seasons,pooled,"A scalar (WAR, wRC+) k=3",,,,,re-fitted per fold,all rolling-origin test seasons,1063,1.3284101599247413,1.2461655192477772,1.4064682350850197,1.75253105799288,1.6322916919232693,1.8769767421708843
war,past_seasons,pooled,"A scalar (WAR, wRC+) k=5",,,,,re-fitted per fold,all rolling-origin test seasons,1063,1.2553715898400752,1.179766775671036,1.3350152294257984,1.6522823235645523,1.54271538523053,1.7719591701850639
war,past_seasons,pooled,B B2V (5 tools) k=10,,,,,re-fitted per fold,all rolling-origin test seasons,1063,1.2472812793979304,1.177877645917829,1.3173725619226133,1.6086724044956728,1.5081723712422885,1.708568149966802
war,past_seasons,pooled,B B2V (5 tools) k=3,,,,,re-fitted per fold,all rolling-origin test seasons,1063,1.3840388836625899,1.3099821056243477,1.454338830433023,1.7927221835598555,1.685349762155501,1.8963952617444504
war,past_seasons,pooled,B B2V (5 tools) k=5,,,,,re-fitted per fold,all rolling-origin test seasons,1063,1.3033866415804327,1.232476295367717,1.3727227169406866,1.6848088904020535,1.5857878380746973,1.7805428136240367
war_rate,same_season,A,"A scalar (WAR, wRC+) k=10",,,,,,,350,1.5620268392483192,1.4349532382318697,1.680215399879864,1.9600906975046455,1.8137424919238287,2.1018558764289486
war_rate,same_season,A,"A scalar (WAR, wRC+) k=3",,,,,,,350,1.784656241118267,1.6487558453058877,1.9217677355741114,2.214860883552968,2.062070466446715,2.365672521904838
war_rate,same_season,A,"A scalar (WAR, wRC+) k=5",,,,,,,350,1.647434570819886,1.5128138113966394,1.7817964553146846,2.088232475567072,1.9375089109966042,2.236617927892783
war_rate,same_season,A,B B2V (5 tools) k=10,,,,,,,350,1.6434613811833751,1.526869830495735,1.7649389822420802,2.0160263836092702,1.8846232802562417,2.1526808383365656
war_rate,same_season,A,B B2V (5 tools) k=3,,,,,,,350,1.7474569347950195,1.609742229454285,1.8842455976293253,2.194218268195925,2.0479672443427845,2.33756805175523
war_rate,same_season,A,B B2V (5 tools) k=5,,,,,,,350,1.683208467943101,1.5542079873254586,1.8107512437808457,2.0753707950032645,1.9381716865598575,2.2189097984995185
war_rate,same_season,B,"A scalar (WAR, wRC+) k=10",,,,,,,355,1.6670998479505226,1.524784926219946,1.8143171042727704,2.172626757901328,1.993163906182316,2.35483729727444
war_rate,same_season,B,"A scalar (WAR, wRC+) k=3",,,,,,,355,1.779660679838327,1.6216204887107442,1.9438737886276147,2.3375951114215727,2.1370844619897666,2.5447788689534794
war_rate,same_season,B,"A scalar (WAR, wRC+) k=5",,,,,,,355,1.7475692064063955,1.5946056084004916,1.9046614952495708,2.267657669991445,2.07504452317581,2.464437008690881
war_rate,same_season,B,B B2V (5 tools) k=10,,,,,,,355,1.693178075273329,1.5575934396079527,1.8405117898333425,2.1737316410725396,2.016909340357478,2.3375067183548652
war_rate,same_season,B,B B2V (5 tools) k=3,,,,,,,355,1.8873882871252072,1.7352275931849859,2.042258828936829,2.403092377636524,2.2174428155200263,2.580633030339189
war_rate,same_season,B,B B2V (5 tools) k=5,,,,,,,355,1.7821886956990267,1.6412292543085385,1.927595020833915,2.265715877545897,2.0913975586850104,2.432489457503639
war_rate,same_season,C,"A scalar (WAR, wRC+) k=10",,,,,,,358,1.6404600276072268,1.5087310132797678,1.7764585745047763,2.0995090647556984,1.9353469309994518,2.2654935117904493
war_rate,same_season,C,"A scalar (WAR, wRC+) k=3",,,,,,,358,1.8305742079911838,1.6870871039946864,1.9756624487303318,2.2987700258423978,2.123213571593842,2.463976746082268
war_rate,same_season,C,"A scalar (WAR, wRC+) k=5",,,,,,,358,1.747035761656207,1.615399823696539,1.8892498567297593,2.203074299662861,2.032978222448279,2.370668690164703
war_rate,same_season,C,B B2V (5 tools) k=10,,,,,,,358,1.7069029264692743,1.5696330396699403,1.8456985487016158,2.174156514437574,2.0137684024592675,2.3456386350144016
war_rate,same_season,C,B B2V (5 tools) k=3,,,,,,,358,1.846704689877483,1.7041625509222584,1.9906664104524114,2.289982474438737,2.13746443706996,2.445060441780584
war_rate,same_season,C,B B2V (5 tools) k=5,,,,,,,358,1.7737808869118306,1.6359775714294265,1.919276207727605,2.2481874850670343,2.0901113617464406,2.4130001978057742
war_rate,same_season,pooled,"A scalar (WAR, wRC+) k=10",,,,,re-fitted per fold,all rolling-origin test seasons,1063,1.623532012834181,1.536884294943783,1.7071738821062792,2.0798806299540757,1.9712877982118477,2.1833137037543198
war_rate,same_season,pooled,"A scalar (WAR, wRC+) k=3",,,,,re-fitted per fold,all rolling-origin test seasons,1063,1.7984522974551675,1.7132141866159991,1.8849826389452933,2.284678949087644,2.1788524483133602,2.3912475942654967
war_rate,same_season,pooled,"A scalar (WAR, wRC+) k=5",,,,,re-fitted per fold,all rolling-origin test seasons,1063,1.7144195397310937,1.6285375481020004,1.8007409267095884,2.188080801012788,2.08065360557585,2.2957831356230405
war_rate,same_season,pooled,B B2V (5 tools) k=10,,,,,re-fitted per fold,all rolling-origin test seasons,1063,1.6814308069729191,1.606987978712629,1.7621532641848647,2.1232465645570326,2.0323796813583352,2.218646719155435
war_rate,same_season,pooled,B B2V (5 tools) k=3,,,,,re-fitted per fold,all rolling-origin test seasons,1063,1.8276134036536638,1.7421374941554932,1.9105462373984459,2.2978045277905785,2.1994207163858186,2.396887461511378
war_rate,same_season,pooled,B B2V (5 tools) k=5,,,,,re-fitted per fold,all rolling-origin test seasons,1063,1.7467671761690262,1.6716113184404682,1.8237996369727918,2.1988077004789566,2.1098351093672405,2.2912242486167447
war_rate,past_seasons,A,"A scalar (WAR, wRC+) k=10",,,,,,,350,1.6050480859337026,1.4802057696392474,1.7345867977988958,2.0055404972446342,1.8606460697482294,2.1479948050602196
war_rate,past_seasons,A,"A scalar (WAR, wRC+) k=3",,,,,,,350,1.8104448824880262,1.6741459963098526,1.9634902872834639,2.2734580751671034,2.1168068582643875,2.437533979025663
war_rate,past_seasons,A,"A scalar (WAR, wRC+) k=5",,,,,,,350,1.6616526856637528,1.5337652792410095,1.7952720778533704,2.0815061554556626,1.93429527745983,2.234830040283958
war_rate,past_seasons,A,B B2V (5 tools) k=10,,,,,,,350,1.5826311531282324,1.4567909738094174,1.7104621638737054,1.9852908117323973,1.835492665502456,2.133666574792793
war_rate,past_seasons,A,B B2V (5 tools) k=3,,,,,,,350,1.7876312200873505,1.642670174385165,1.9294097844425528,2.2440693713948403,2.0786761437594103,2.4058292435306545
war_rate,past_seasons,A,B B2V (5 tools) k=5,,,,,,,350,1.6955226662141114,1.5680027434004677,1.8296062978225538,2.104839599634525,1.9501618209758849,2.2621483803630755
war_rate,past_seasons,B,"A scalar (WAR, wRC+) k=10",,,,,,,355,1.5980560692651054,1.4654155878221045,1.733753230082405,2.0675286363667693,1.8943356119277885,2.23171331133378
war_rate,past_seasons,B,"A scalar (WAR, wRC+) k=3",,,,,,,355,1.7626313648395384,1.6253992210427448,1.910715726273779,2.2289893428527785,2.0604869757033346,2.3985266943428405
war_rate,past_seasons,B,"A scalar (WAR, wRC+) k=5",,,,,,,355,1.663904263513003,1.529285862855006,1.7980420494855702,2.1346269336725934,1.9684532619727353,2.3061349735295784
war_rate,past_seasons,B,B B2V (5 tools) k=10,,,,,,,355,1.6405022260815592,1.5053198815958218,1.783462861172559,2.1163723622413433,1.9470680550737005,2.292354228174418
war_rate,past_seasons,B,B B2V (5 tools) k=3,,,,,,,355,1.8146893988823083,1.6652171402580818,1.966634457441556,2.3158691035795296,2.1265626390602623,2.510840935305215
war_rate,past_seasons,B,B B2V (5 tools) k=5,,,,,,,355,1.7106274503040169,1.569224549151432,1.8678864182079002,2.220811301115157,2.039348312880882,2.4080592659720703
war_rate,past_seasons,C,"A scalar (WAR, wRC+) k=10",,,,,,,358,1.6300659669491901,1.4948006828396398,1.7700241047321474,2.090583621259965,1.924028699446657,2.263474518664674
war_rate,past_seasons,C,"A scalar (WAR, wRC+) k=3",,,,,,,358,1.8055376570826192,1.6610757309210185,1.9464450857747873,2.253138970346333,2.0827413149840295,2.4212862801318837
war_rate,past_seasons,C,"A scalar (WAR, wRC+) k=5",,,,,,,358,1.7656798400117932,1.633532730263835,1.905334026823187,2.2002184162565026,2.0358985484625345,2.3675995806503254
war_rate,past_seasons,C,B B2V (5 tools) k=10,,,,,,,358,1.6689329698020279,1.538390737570755,1.8037142492299727,2.089007131129401,1.9308347186913473,2.252599370457957
war_rate,past_seasons,C,B B2V (5 tools) k=3,,,,,,,358,1.8092631522757012,1.658376294696762,1.9617631423379396,2.3302814871131314,2.1413098201806315,2.5185878215598256
war_rate,past_seasons,C,B B2V (5 tools) k=5,,,,,,,358,1.7218066460159693,1.5871327756702378,1.8631085166192898,2.1778482580249587,2.0151675909840527,2.345973978611015
war_rate,past_seasons,pooled,"A scalar (WAR, wRC+) k=10",,,,,re-fitted per fold,all rolling-origin test seasons,1063,1.6111386179056622,1.5347098208298273,1.693536740722492,2.05519560983465,1.9542384002037474,2.159758751240588
war_rate,past_seasons,pooled,"A scalar (WAR, wRC+) k=3",,,,,re-fitted per fold,all rolling-origin test seasons,1063,1.79282438816973,1.7088592692655702,1.8808721838777709,2.2518371645920574,2.1532554960094323,2.353585710956543
war_rate,past_seasons,pooled,"A scalar (WAR, wRC+) k=5",,,,,re-fitted per fold,all rolling-origin test seasons,1063,1.6974391686299641,1.6154365276947942,1.7798789304446325,2.139777428948886,2.0398483610901437,2.2394756376724887
war_rate,past_seasons,pooled,B B2V (5 tools) k=10,,,,,re-fitted per fold,all rolling-origin test seasons,1063,1.631022762975504,1.5539563295777852,1.7129633428855169,2.064763646607193,1.9716557492549722,2.1638120637755436
war_rate,past_seasons,pooled,B B2V (5 tools) k=3,,,,,re-fitted per fold,all rolling-origin test seasons,1063,1.8039528430371523,1.7230213419728835,1.8960363547983126,2.297390241580693,2.1969984044000554,2.406553941586753
war_rate,past_seasons,pooled,B B2V (5 tools) k=5,,,,,re-fitted per fold,all rolling-origin test seasons,1063,1.709419056732438,1.63184543133444,1.79560601162276,2.1686827814719685,2.0685585823719546,2.2741856609680426
