target,fold,model,n_features,selected_alpha,n_train,thin_training_set,train_period,test_period,n_test,mae,mae_ci_low,mae_ci_high,rmse,rmse_ci_low,rmse_ci_high
wrc_plus,A,M0 scalar baseline,1,0.001,351,False,2021->2022,2022->2023,350,19.327060089468365,17.696356300933232,20.963277311029177,24.82299558112547,22.83424466811873,26.68630637662823
wrc_plus,A,M1 JointVAE 5 tools,5,10.0,351,False,2021->2022,2022->2023,350,18.48206783908507,16.924098302445532,19.96930076524601,23.267445944407903,21.422752793218205,25.072135759454103
wrc_plus,A,M1 JointVAE 5 tools + age + PA,7,37.27593720314938,351,False,2021->2022,2022->2023,350,17.838932173587636,16.299615161320745,19.36117122308205,22.70486602136128,20.885396622962478,24.451290515419515
wrc_plus,A,M1 PCA 5 tools,5,7.196856730011514,351,False,2021->2022,2022->2023,350,18.61325543972093,17.094077403809397,20.150813012154792,23.44685560668585,21.68664039325,25.22347953820343
wrc_plus,A,M1 PCA 5 tools + age + PA,7,7.196856730011514,351,False,2021->2022,2022->2023,350,18.059132527696647,16.539558479545928,19.563498667841564,22.872736391358305,21.12924089399969,24.587882579591163
wrc_plus,A,M1 ZScore 5 tools,5,13.89495494373136,351,False,2021->2022,2022->2023,350,18.601702805864033,17.082790710539022,20.13321034816623,23.445511484500557,21.677928991076676,25.217099229621024
wrc_plus,A,M1 ZScore 5 tools + age + PA,7,10.0,351,False,2021->2022,2022->2023,350,18.05816629559582,16.55105785743967,19.5701558355209,22.881255752889203,21.143645987425618,24.594035101741014
wrc_plus,B,M0 scalar baseline,1,0.001,701,False,2021->2022; 2022->2023,2023->2024,355,20.551966921840428,18.82123246375185,22.376816310175954,26.64393893205324,24.563747600939962,28.90035333220158
wrc_plus,B,M1 JointVAE 5 tools,5,26.82695795279722,701,False,2021->2022; 2022->2023,2023->2024,355,19.089486144970003,17.501677450266623,20.83760784426565,24.850637589164627,22.803176367766405,26.981340386205474
wrc_plus,B,M1 JointVAE 5 tools + age + PA,7,26.82695795279722,701,False,2021->2022; 2022->2023,2023->2024,355,19.000683797690698,17.420387178537094,20.748812095849296,24.801832735355788,22.829696470021993,26.9418404329301
wrc_plus,B,M1 PCA 5 tools,5,0.001,701,False,2021->2022; 2022->2023,2023->2024,355,18.93854159721846,17.36344630121912,20.698986975598114,24.59871136148293,22.57884941889633,26.665918016853986
wrc_plus,B,M1 PCA 5 tools + age + PA,7,19.306977288832496,701,False,2021->2022; 2022->2023,2023->2024,355,19.09076537356327,17.52021797061353,20.8123527004564,24.78299866879665,22.82936606914191,26.85576346471673
wrc_plus,B,M1 ZScore 5 tools,5,0.001,701,False,2021->2022; 2022->2023,2023->2024,355,18.977077139721473,17.407986827573584,20.723416777332126,24.61716697158456,22.60487578668437,26.701753313441756
wrc_plus,B,M1 ZScore 5 tools + age + PA,7,13.89495494373136,701,False,2021->2022; 2022->2023,2023->2024,355,19.124893867139686,17.54430153746256,20.822711068608363,24.79533771012707,22.819277773714305,26.844623663579668
wrc_plus,C,M0 scalar baseline,1,26.82695795279722,1056,False,2021->2022; 2022->2023; 2023->2024,2024->2025,358,19.232620764470973,17.64145641477529,20.895960033245938,24.899310937130945,22.713172800814622,27.21208270938342
wrc_plus,C,M1 JointVAE 5 tools,5,26.82695795279722,1056,False,2021->2022; 2022->2023; 2023->2024,2024->2025,358,18.22455081057884,16.677826914648524,19.907762962883247,24.061126092459833,21.94405117316222,26.361101581866965
wrc_plus,C,M1 JointVAE 5 tools + age + PA,7,51.794746792312125,1056,False,2021->2022; 2022->2023; 2023->2024,2024->2025,358,18.11232845812725,16.549088521302465,19.74014890789024,23.783316376441924,21.639171139281046,25.97732402843246
wrc_plus,C,M1 PCA 5 tools,5,0.001,1056,False,2021->2022; 2022->2023; 2023->2024,2024->2025,358,18.00172978162645,16.4978476261826,19.65409692575007,23.693211188677537,21.580246607220637,25.95278894712319
wrc_plus,C,M1 PCA 5 tools + age + PA,7,37.27593720314938,1056,False,2021->2022; 2022->2023; 2023->2024,2024->2025,358,18.024721708779516,16.519385496989116,19.624859357419354,23.561660075833224,21.46074990041542,25.695740866002428
wrc_plus,C,M1 ZScore 5 tools,5,0.001,1056,False,2021->2022; 2022->2023; 2023->2024,2024->2025,358,18.026678321560485,16.514252663771565,19.680873099941174,23.704534593270164,21.6094539474717,25.980269059553592
wrc_plus,C,M1 ZScore 5 tools + age + PA,7,37.27593720314938,1056,False,2021->2022; 2022->2023; 2023->2024,2024->2025,358,18.048221805700706,16.55067972137717,19.652661969284864,23.567079882859893,21.476563459937154,25.689598701965924
wrc_plus,pooled,M0 scalar baseline,1,,,,re-fitted per fold,all rolling-origin test seasons,1063,19.704325044447685,18.70126410031097,20.76001479251453,25.470714367641396,24.15106083669304,26.751971250546177
wrc_plus,pooled,M1 JointVAE 5 tools,5,,,,re-fitted per fold,all rolling-origin test seasons,1063,18.598194275946707,17.642724361866705,19.598358577361054,24.0721004555581,22.844782604312208,25.323592053783017
wrc_plus,pooled,M1 JointVAE 5 tools + age + PA,7,,,,re-fitted per fold,all rolling-origin test seasons,1063,18.318986450560136,17.32633941753705,19.284543265466983,23.783707450524126,22.551253096931447,25.028922313525726
wrc_plus,pooled,M1 PCA 5 tools,5,,,,re-fitted per fold,all rolling-origin test seasons,1063,18.515936907560818,17.59360776160951,19.466953125483172,23.919616724132236,22.73377706412216,25.15575550875479
wrc_plus,pooled,M1 PCA 5 tools + age + PA,7,,,,re-fitted per fold,all rolling-origin test seasons,1063,18.392068169380863,17.43882758025507,19.351655001602904,23.75579389090718,22.573550533918713,24.94172453412127
wrc_plus,pooled,M1 ZScore 5 tools,5,,,,re-fitted per fold,all rolling-origin test seasons,1063,18.533404709098956,17.60665430675153,19.489151048761414,23.92930010225373,22.738515222146255,25.173076920720334
wrc_plus,pooled,M1 ZScore 5 tools + age + PA,7,,,,re-fitted per fold,all rolling-origin test seasons,1063,18.411062025149555,17.45505195502659,19.37338958641774,23.7646041411005,22.578785207170924,24.95136010905899
war,A,M0 scalar baseline,1,10.0,351,False,2021->2022,2022->2023,350,1.1825188302108434,1.0850091470459577,1.284433612020509,1.5087850495147257,1.3732148810808225,1.6573867330583334
war,A,M1 JointVAE 5 tools,5,26.82695795279722,351,False,2021->2022,2022->2023,350,1.2300315048841601,1.1338328447933932,1.3344330132418856,1.5444399855590951,1.4091033353453275,1.692854450323933
war,A,M1 JointVAE 5 tools + age + PA,7,26.82695795279722,351,False,2021->2022,2022->2023,350,1.1261640151778476,1.0333590439221816,1.2276253480998034,1.4444042722152979,1.3155923185384557,1.5815806061005175
war,A,M1 PCA 5 tools,5,51.794746792312125,351,False,2021->2022,2022->2023,350,1.2498553675117285,1.1507416781570545,1.353987094187044,1.5713456534447114,1.4430718620899814,1.7049123869318812
war,A,M1 PCA 5 tools + age + PA,7,37.27593720314938,351,False,2021->2022,2022->2023,350,1.151016975995088,1.0589360454326067,1.251733493363235,1.4666242347368736,1.3432383675742665,1.5981185571097343
war,A,M1 ZScore 5 tools,5,51.794746792312125,351,False,2021->2022,2022->2023,350,1.2478387663239603,1.1480938239927068,1.3521513022499303,1.5689403771817036,1.4425392164569262,1.701685397791073
war,A,M1 ZScore 5 tools + age + PA,7,37.27593720314938,351,False,2021->2022,2022->2023,350,1.150569414362585,1.057959156651871,1.2515023423079186,1.4661075033998934,1.3426272236087513,1.5969837510718654
war,B,M0 scalar baseline,1,3.727593720314938,701,False,2021->2022; 2022->2023,2023->2024,355,1.212363122545016,1.1021934896906105,1.3342320497432847,1.6344726155624891,1.460936190914829,1.8288509351867952
war,B,M1 JointVAE 5 tools,5,26.82695795279722,701,False,2021->2022; 2022->2023,2023->2024,355,1.2395302847774383,1.1268742015931876,1.3607538306416105,1.670080142165931,1.4956085255850167,1.8597316624443034
war,B,M1 JointVAE 5 tools + age + PA,7,26.82695795279722,701,False,2021->2022; 2022->2023,2023->2024,355,1.233336372062468,1.1243556618781376,1.3539781127318526,1.6260102015381466,1.4568853257721477,1.8079889953542014
war,B,M1 PCA 5 tools,5,26.82695795279722,701,False,2021->2022; 2022->2023,2023->2024,355,1.2421191084533232,1.1328314226861043,1.3593421960915661,1.6458982386850156,1.4858116714567298,1.8195708078453
war,B,M1 PCA 5 tools + age + PA,7,51.794746792312125,701,False,2021->2022; 2022->2023,2023->2024,355,1.238358570731196,1.132581604874954,1.35232630764895,1.6208300201602437,1.4619632529832147,1.799169150841127
war,B,M1 ZScore 5 tools,5,37.27593720314938,701,False,2021->2022; 2022->2023,2023->2024,355,1.2432537778697306,1.1337184347897433,1.362183028680997,1.6480556186725535,1.488007367898079,1.8203223727326632
war,B,M1 ZScore 5 tools + age + PA,7,51.794746792312125,701,False,2021->2022; 2022->2023,2023->2024,355,1.2397501638063637,1.1338306851703615,1.3527742124875606,1.6221239015213211,1.464051096529741,1.8012614650776844
war,C,M0 scalar baseline,1,0.001,1056,False,2021->2022; 2022->2023; 2023->2024,2024->2025,358,1.1334134441918637,1.0384086495779592,1.233217431993349,1.4838927333556877,1.3565160900667095,1.617597813041127
war,C,M1 JointVAE 5 tools,5,19.306977288832496,1056,False,2021->2022; 2022->2023; 2023->2024,2024->2025,358,1.173791001445297,1.0741751338963617,1.2760409674130824,1.5230635387915554,1.3821725930832591,1.669895487446912
war,C,M1 JointVAE 5 tools + age + PA,7,26.82695795279722,1056,False,2021->2022; 2022->2023; 2023->2024,2024->2025,358,1.1416723349108313,1.0442584759846034,1.2429038637120893,1.483640742924489,1.3453452717278385,1.6187976709868528
war,C,M1 PCA 5 tools,5,51.794746792312125,1056,False,2021->2022; 2022->2023; 2023->2024,2024->2025,358,1.1784097369027837,1.0810725040753466,1.2831620506312331,1.5211874199493034,1.3811705943377275,1.6684369392009748
war,C,M1 PCA 5 tools + age + PA,7,71.96856730011514,1056,False,2021->2022; 2022->2023; 2023->2024,2024->2025,358,1.1624078124400163,1.062662401391194,1.2618492028061066,1.4987345273893558,1.3548149206781726,1.6378466354281465
war,C,M1 ZScore 5 tools,5,51.794746792312125,1056,False,2021->2022; 2022->2023; 2023->2024,2024->2025,358,1.1799318180605904,1.0820852593634536,1.28496372746248,1.5216639985476859,1.3805070322197674,1.6680179406230995
war,C,M1 ZScore 5 tools + age + PA,7,71.96856730011514,1056,False,2021->2022; 2022->2023; 2023->2024,2024->2025,358,1.1621406095348983,1.0632104433626144,1.2611244387278318,1.498719045745164,1.35579981546324,1.6373910713928785
war,pooled,M0 scalar baseline,1,,,,re-fitted per fold,all rolling-origin test seasons,1063,1.1759478006565973,1.1117652921787076,1.244493378070715,1.5437878883729195,1.4409363309452075,1.6470345573562781
war,pooled,M1 JointVAE 5 tools,5,,,,re-fitted per fold,all rolling-origin test seasons,1063,1.214262894000812,1.1501243342656808,1.2839620502957785,1.5805343421261018,1.4776416194407131,1.6851628188515688
war,pooled,M1 JointVAE 5 tools + age + PA,7,,,,re-fitted per fold,all rolling-origin test seasons,1063,1.167178281554563,1.1051360014866052,1.232050604433684,1.5202675968270647,1.4213885680319827,1.6238178074263276
war,pooled,M1 PCA 5 tools,5,,,,re-fitted per fold,all rolling-origin test seasons,1063,1.2232101109512994,1.1570068749341418,1.2882773500877533,1.5801862197364314,1.480750052706579,1.6751247329179673
war,pooled,M1 PCA 5 tools + age + PA,7,,,,re-fitted per fold,all rolling-origin test seasons,1063,1.1840218542440086,1.1202737170645851,1.2493243681003992,1.5303771740889311,1.4345326862466357,1.6264576655975236
war,pooled,M1 ZScore 5 tools,5,,,,re-fitted per fold,all rolling-origin test seasons,1063,1.2234376765972077,1.157540348591027,1.2888829840614369,1.5803047627112512,1.481715481586281,1.6751797138159843
war,pooled,M1 ZScore 5 tools + age + PA,7,,,,re-fitted per fold,all rolling-origin test seasons,1063,1.1842492393148236,1.1206772140289218,1.2498880312463654,1.5306668470680254,1.4351093480328745,1.6257976727292283
war_rate,A,M0 scalar baseline,1,0.001,351,False,2021->2022,2022->2023,350,1.5796937540480682,1.4502915557878282,1.7077020978522712,1.9908688851475085,1.8368456146596899,2.1430904536595246
war_rate,A,M1 JointVAE 5 tools,5,10.0,351,False,2021->2022,2022->2023,350,1.5341042442527753,1.4110656119463831,1.6546564877801024,1.9257346030215774,1.7789850004122794,2.06374715905667
war_rate,A,M1 JointVAE 5 tools + age + PA,7,13.89495494373136,351,False,2021->2022,2022->2023,350,1.4437208881960155,1.3197742814609896,1.5664126115963846,1.8584840233969175,1.7157797250226983,2.002968470075259
war_rate,A,M1 PCA 5 tools,5,0.7196856730011514,351,False,2021->2022,2022->2023,350,1.5413534137192635,1.4207107672804382,1.6598609466397332,1.9301396001806337,1.786417968777382,2.07091252918669
war_rate,A,M1 PCA 5 tools + age + PA,7,13.89495494373136,351,False,2021->2022,2022->2023,350,1.4573110232688644,1.337440122065808,1.578491756686695,1.858488701383531,1.7201518736730057,2.0032394815058927
war_rate,A,M1 ZScore 5 tools,5,0.001,351,False,2021->2022,2022->2023,350,1.5405363515992512,1.4195524356234481,1.6593638153601638,1.9293991326209115,1.7861461439187256,2.0700022752426377
war_rate,A,M1 ZScore 5 tools + age + PA,7,10.0,351,False,2021->2022,2022->2023,350,1.4581578088097729,1.3392270866394804,1.5794740608855933,1.8586745441842265,1.719729487240171,2.0043909006624
war_rate,B,M0 scalar baseline,1,0.001,701,False,2021->2022; 2022->2023,2023->2024,355,1.6701522216563032,1.5332519334745482,1.8096518522570033,2.1605806144774795,1.9954377157949699,2.3314593045092877
war_rate,B,M1 JointVAE 5 tools,5,37.27593720314938,701,False,2021->2022; 2022->2023,2023->2024,355,1.6098367863534244,1.477429584185609,1.7512766190549363,2.0860258106336724,1.9179309167212357,2.250695297488078
war_rate,B,M1 JointVAE 5 tools + age + PA,7,13.89495494373136,701,False,2021->2022; 2022->2023,2023->2024,355,1.617348617542069,1.4838724770545202,1.7545952215069025,2.095695124191301,1.9283239304474884,2.2600445144096035
war_rate,B,M1 PCA 5 tools,5,26.82695795279722,701,False,2021->2022; 2022->2023,2023->2024,355,1.6027885711035421,1.4758893306485605,1.736250766076931,2.063946253841062,1.903470069885328,2.224962451441792
war_rate,B,M1 PCA 5 tools + age + PA,7,13.89495494373136,701,False,2021->2022; 2022->2023,2023->2024,355,1.627490244376498,1.4979376168947978,1.760840871398042,2.087490441679518,1.926987326344683,2.2515225275806445
war_rate,B,M1 ZScore 5 tools,5,13.89495494373136,701,False,2021->2022; 2022->2023,2023->2024,355,1.6066541920553836,1.4800900505234167,1.7395336045237773,2.0659989025390915,1.9067137587098897,2.2262093473468427
war_rate,B,M1 ZScore 5 tools + age + PA,7,10.0,701,False,2021->2022; 2022->2023,2023->2024,355,1.6303244584495207,1.5013014651297196,1.763562486595512,2.089599695255784,1.930394526161488,2.2547250453163095
war_rate,C,M0 scalar baseline,1,0.001,1056,False,2021->2022; 2022->2023; 2023->2024,2024->2025,358,1.5924928922408956,1.4604765858521007,1.7310854920295826,2.059439364755952,1.8851634422230859,2.238968097772024
war_rate,C,M1 JointVAE 5 tools,5,51.794746792312125,1056,False,2021->2022; 2022->2023; 2023->2024,2024->2025,358,1.5668563877943673,1.4373567512935095,1.7040475019050527,2.0255499654807134,1.8544628487603068,2.2047319280400948
war_rate,C,M1 JointVAE 5 tools + age + PA,7,13.89495494373136,1056,False,2021->2022; 2022->2023; 2023->2024,2024->2025,358,1.5456060657278532,1.4212825034697492,1.6820915711893505,1.9985611136789527,1.8291912638622247,2.17027396055934
war_rate,C,M1 PCA 5 tools,5,37.27593720314938,1056,False,2021->2022; 2022->2023; 2023->2024,2024->2025,358,1.5564081620194192,1.4255214690959166,1.6922648303286298,2.013269823907924,1.845885260464552,2.187545299259435
war_rate,C,M1 PCA 5 tools + age + PA,7,7.196856730011514,1056,False,2021->2022; 2022->2023; 2023->2024,2024->2025,358,1.5503687558406916,1.4227160543753175,1.6847517409045665,1.998332840958371,1.8312201839177278,2.1644863875559524
war_rate,C,M1 ZScore 5 tools,5,51.794746792312125,1056,False,2021->2022; 2022->2023; 2023->2024,2024->2025,358,1.5579558369554412,1.4267446622458446,1.6948280340082413,2.014247935980541,1.845286720745002,2.1890209801552816
war_rate,C,M1 ZScore 5 tools + age + PA,7,5.179474679231207,1056,False,2021->2022; 2022->2023; 2023->2024,2024->2025,358,1.5527115924150974,1.4261292158725936,1.6865591122173205,1.9987830389943235,1.831878614523017,2.16383937912767
war_rate,pooled,M0 scalar baseline,1,,,,re-fitted per fold,all rolling-origin test seasons,1063,1.6142138363377725,1.5348441515788838,1.695536895386479,2.071807389711895,1.9712083367124245,2.1716204213316095
war_rate,pooled,M1 JointVAE 5 tools,5,,,,re-fitted per fold,all rolling-origin test seasons,1063,1.5704262760812047,1.497963183505017,1.6537673722737114,2.013959719238817,1.917917155153387,2.1133875906625166
war_rate,pooled,M1 JointVAE 5 tools + age + PA,7,,,,re-fitted per fold,all rolling-origin test seasons,1063,1.5360188538350061,1.4588034428248846,1.6172095195987566,1.9872512932612503,1.8923705897711065,2.0889018119263523
war_rate,pooled,M1 PCA 5 tools,5,,,,re-fitted per fold,all rolling-origin test seasons,1063,1.5669405075695688,1.4949539690958518,1.6464445083854973,2.0035773165389603,1.91040701273737,2.1001240846640976
war_rate,pooled,M1 PCA 5 tools + age + PA,7,,,,re-fitted per fold,all rolling-origin test seasons,1063,1.545484392745745,1.4695579710288547,1.623359531443822,1.984289308133581,1.8905208144564116,2.0811715036216025
war_rate,pooled,M1 ZScore 5 tools,5,,,,re-fitted per fold,all rolling-origin test seasons,1063,1.568483679086968,1.4963387194552462,1.648690789255892,2.004379927566578,1.9112752615167934,2.1012028979182236
war_rate,pooled,M1 ZScore 5 tools + age + PA,7,,,,re-fitted per fold,all rolling-origin test seasons,1063,1.547498744983636,1.4713834904533623,1.6253687672567343,1.9852405201848629,1.891165583490094,2.082012082901749
