player_id,model,archived_pooled_20_80,within_input_season_standardized,safe_minus_archived
fg:10155,B2V + age + PA Ridge,113.18800333856404,113.10522600736903,-0.08277733119501818
fg:10155,B2V Ridge,124.29793444233468,124.23954444477491,-0.0583899975597717
fg:10155,wRC+ + B2V + age + PA Ridge,113.30089179531198,113.20276048984412,-0.09813130546785942
fg:10231,B2V + age + PA Ridge,83.09834821463694,83.32557286887281,0.22722465423586868
fg:10231,B2V Ridge,91.33551177643199,91.62796977824831,0.2924580018163283
fg:10231,wRC+ + B2V + age + PA Ridge,80.31606791634002,80.59099913356935,0.2749312172293372
fg:10243,B2V + age + PA Ridge,109.19767787333627,109.10456780748159,-0.09311006585468817
fg:10243,B2V Ridge,117.850008301193,117.77042161079727,-0.07958669039572897
fg:10243,wRC+ + B2V + age + PA Ridge,108.93761667078996,108.83631678871207,-0.10129988207789609
fg:10324,B2V + age + PA Ridge,124.78617631981426,124.34928176669901,-0.43689455311525194
fg:10324,B2V Ridge,127.21987837905877,126.68777637536442,-0.532102003694348
fg:10324,wRC+ + B2V + age + PA Ridge,124.26392062018672,123.7706578331165,-0.493262787070222
fg:10472,B2V + age + PA Ridge,89.64138412848038,89.67280408482948,0.03141995634909733
fg:10472,B2V Ridge,94.04761825292003,94.0915259618864,0.04390770896637264
fg:10472,wRC+ + B2V + age + PA Ridge,90.9161177199178,90.95184174388433,0.03572402396652308
fg:10681,B2V + age + PA Ridge,77.30509304603304,77.4124595919386,0.10736654590556327
fg:10681,B2V Ridge,79.6764075779746,79.78217090659182,0.10576332861721482
fg:10681,wRC+ + B2V + age + PA Ridge,77.57650243424965,77.7101660716773,0.1336636374276594
fg:10815,B2V + age + PA Ridge,119.24539581940873,119.25539607686034,0.010000257451608263
fg:10815,B2V Ridge,118.86234469710934,118.84683892155448,-0.015505775554856882
fg:10815,wRC+ + B2V + age + PA Ridge,118.82959114203075,118.84565321058035,0.01606206854960135
fg:11442,B2V + age + PA Ridge,96.1294377400774,95.98203912353642,-0.14739861654098263
fg:11442,B2V Ridge,100.72032218008981,100.53844765172579,-0.18187452836401974
fg:11442,wRC+ + B2V + age + PA Ridge,96.75010527176435,96.57916716358186,-0.17093810818249722
fg:11445,B2V + age + PA Ridge,88.17981385661554,88.46165869832188,0.28184484170634505
fg:11445,B2V Ridge,92.69811136098217,93.02077619647325,0.32266483549108216
fg:11445,wRC+ + B2V + age + PA Ridge,87.20675432762424,87.52606405366137,0.31930972603713315
fg:11477,B2V + age + PA Ridge,117.83105727526488,117.93464462319085,0.10358734792596636
fg:11477,B2V Ridge,127.45667507098078,127.64373510726212,0.18706003628133772
fg:11477,wRC+ + B2V + age + PA Ridge,117.07909284331161,117.19407716297607,0.11498431966445821
fg:11493,B2V + age + PA Ridge,113.7642292400661,113.55382081282566,-0.21040842724043785
fg:11493,B2V Ridge,115.92472773619976,115.70344649584332,-0.22128124035643282
fg:11493,wRC+ + B2V + age + PA Ridge,114.68540725695433,114.44937331923526,-0.23603393771907122
fg:11579,B2V + age + PA Ridge,114.04963012767513,113.78368048514459,-0.26594964253054343
fg:11579,B2V Ridge,115.46783096952039,115.15520841418709,-0.31262255533330574
fg:11579,wRC+ + B2V + age + PA Ridge,113.14211922389833,112.84377909095261,-0.29834013294572514
fg:11609,B2V + age + PA Ridge,105.0304248951352,104.78113013028344,-0.24929476485175428
fg:11609,B2V Ridge,109.55751295240016,109.27234439906476,-0.2851685533353958
fg:11609,wRC+ + B2V + age + PA Ridge,103.16626149598694,102.88236646352654,-0.28389503246040704
fg:11680,B2V + age + PA Ridge,74.50550583065566,74.47790867149098,-0.02759715916468508
fg:11680,B2V Ridge,78.46174156038158,78.39811331261322,-0.06362824776836362
fg:11680,wRC+ + B2V + age + PA Ridge,74.29863521212926,74.2759479688522,-0.022687243277061953
fg:11737,B2V + age + PA Ridge,94.6950405807948,94.51840620401667,-0.1766343767781251
fg:11737,B2V Ridge,93.79549609580171,93.5834505505198,-0.2120455452819101
fg:11737,wRC+ + B2V + age + PA Ridge,93.93723782172762,93.74561715757987,-0.1916206641477487
fg:11739,B2V + age + PA Ridge,94.60767123248367,94.4715852856173,-0.13608594686637332
fg:11739,B2V Ridge,98.90816059295108,98.7453120372925,-0.16284855565857015
fg:11739,wRC+ + B2V + age + PA Ridge,94.65819819207579,94.50975083256243,-0.14844735951335508
fg:11899,B2V + age + PA Ridge,118.85999036733158,118.6053274504459,-0.2546629168856782
fg:11899,B2V Ridge,123.09788260075574,122.79635430264787,-0.3015282981078684
fg:11899,wRC+ + B2V + age + PA Ridge,117.90814693576068,117.620226720958,-0.28792021480268204
fg:12005,B2V + age + PA Ridge,77.88444803100198,77.9348372626374,0.05038923163542108
fg:12005,B2V Ridge,85.92202069601865,85.99022203070729,0.06820133468863787
fg:12005,wRC+ + B2V + age + PA Ridge,78.95097830136302,79.00941995290265,0.05844165153962422
fg:12144,B2V + age + PA Ridge,87.54236367540966,87.53862776529364,-0.003735910116020591
fg:12144,B2V Ridge,89.95546084815814,89.95710029986209,0.0016394517039515222
fg:12144,wRC+ + B2V + age + PA Ridge,87.7003978257825,87.7018334417457,0.001435615963202963
fg:12161,B2V + age + PA Ridge,94.25182394642333,94.50239987084511,0.25057592442178134
fg:12161,B2V Ridge,98.11493062070883,98.4371652038817,0.3222345831728717
fg:12161,wRC+ + B2V + age + PA Ridge,95.09412945084766,95.38088537548813,0.28675592464047384
fg:12533,B2V + age + PA Ridge,94.43840439145207,94.59457317209862,0.15616878064655282
fg:12533,B2V Ridge,95.52443386179839,95.70804538257036,0.18361152077197573
fg:12533,wRC+ + B2V + age + PA Ridge,94.71393960501065,94.8928336740681,0.1788940690574492
fg:12552,B2V + age + PA Ridge,101.33118781998117,101.16474779459227,-0.16644002538889424
fg:12552,B2V Ridge,102.54124446261646,102.34929544066517,-0.19194902195128805
fg:12552,wRC+ + B2V + age + PA Ridge,101.01941242826602,100.83097943491697,-0.1884329933490534
fg:12564,B2V + age + PA Ridge,69.66684648307367,69.73829702082531,0.07145053775164456
fg:12564,B2V Ridge,75.16385854031564,75.23807736014385,0.07421881982820366
fg:12564,wRC+ + B2V + age + PA Ridge,66.81148957741323,66.89732664456831,0.08583706715508299
fg:12856,B2V + age + PA Ridge,97.08243272911417,97.24652171983723,0.16408899072305871
fg:12856,B2V Ridge,100.93977065884741,101.16153201270477,0.22176135385736018
fg:12856,wRC+ + B2V + age + PA Ridge,97.62249759798769,97.80449762728645,0.1820000292987629
fg:12859,B2V + age + PA Ridge,80.69538989011428,80.61725889081643,-0.07813099929785494
fg:12859,B2V Ridge,87.3937418306119,87.29794309253762,-0.0957987380742793
fg:12859,wRC+ + B2V + age + PA Ridge,80.67598936752182,80.59189463638809,-0.08409473113373167
fg:12916,B2V + age + PA Ridge,118.18243224035389,118.1550601282946,-0.027372112059296683
fg:12916,B2V Ridge,120.53193990370553,120.56726766344306,0.035327759737526776
fg:12916,wRC+ + B2V + age + PA Ridge,118.5940000114889,118.56095665657303,-0.03304335491587551
fg:12927,B2V + age + PA Ridge,110.65315544501773,110.65911613209701,0.005960687079280547
fg:12927,B2V Ridge,110.41275087735976,110.43666597231261,0.023915094952855043
fg:12927,wRC+ + B2V + age + PA Ridge,111.38309478401094,111.38435043769806,0.0012556536871244361
fg:12976,B2V + age + PA Ridge,47.154985406604034,47.3221794302181,0.16719402361406566
fg:12976,B2V Ridge,49.835032154275524,50.013167650849034,0.17813549657351047
fg:12976,wRC+ + B2V + age + PA Ridge,47.938088205532864,48.1250653408421,0.18697713530923465
fg:12979,B2V + age + PA Ridge,73.56853633785045,73.55997342116476,-0.008562916685690425
fg:12979,B2V Ridge,77.57912462289804,77.59162797057978,0.012503347681743548
fg:12979,wRC+ + B2V + age + PA Ridge,76.10715703794389,76.09622118041457,-0.010935857529318582
fg:13066,B2V + age + PA Ridge,113.45937191294088,113.14073008472604,-0.31864182821483666
fg:13066,B2V Ridge,114.66903216981632,114.32528382870969,-0.34374834110663244
fg:13066,wRC+ + B2V + age + PA Ridge,112.72778130492073,112.3650768370068,-0.36270446791392885
fg:13145,B2V + age + PA Ridge,98.09334217168414,97.97657041742391,-0.11677175426022757
fg:13145,B2V Ridge,97.06625035154259,96.88523827520257,-0.18101207634002492
fg:13145,wRC+ + B2V + age + PA Ridge,97.93557662483174,97.80848708846898,-0.1270895363627602
fg:13152,B2V + age + PA Ridge,91.60584864467732,91.57278091306583,-0.03306773161149579
fg:13152,B2V Ridge,91.2819715066513,91.2180710654138,-0.06390044123750727
fg:13152,wRC+ + B2V + age + PA Ridge,91.05264081246683,91.01438869053405,-0.0382521219327856
fg:13185,B2V + age + PA Ridge,84.16259147076453,84.18329560499768,0.020704134233156424
fg:13185,B2V Ridge,80.73296360947015,80.7276789227864,-0.005284686683751261
fg:13185,wRC+ + B2V + age + PA Ridge,84.64354617049507,84.66945100346787,0.025904832972798886
fg:13324,B2V + age + PA Ridge,82.47621276699346,82.8122438509534,0.33603108395993786
fg:13324,B2V Ridge,87.74757985832017,88.12588971124548,0.3783098529253124
fg:13324,wRC+ + B2V + age + PA Ridge,84.02092649941049,84.40842291223501,0.3874964128245182
fg:13419,B2V + age + PA Ridge,107.07683879449945,106.82688040204243,-0.24995839245701745
fg:13419,B2V Ridge,109.77873276557014,109.47525594378264,-0.30347682178749835
fg:13419,wRC+ + B2V + age + PA Ridge,107.45521527009288,107.17110199265272,-0.2841132774401558
fg:13510,B2V + age + PA Ridge,124.23295064021859,124.29688461999838,0.0639339797797902
fg:13510,B2V Ridge,128.70023494194277,128.85950453862876,0.15926959668598784
fg:13510,wRC+ + B2V + age + PA Ridge,125.03572047344252,125.10735198568852,0.07163151224600028
fg:13611,B2V + age + PA Ridge,120.31303940307889,120.54623410274813,0.2331946996692409
fg:13611,B2V Ridge,124.38830675613794,124.66534294922735,0.2770361930894154
fg:13611,wRC+ + B2V + age + PA Ridge,120.38024057157976,120.64381997480945,0.2635794032296843
fg:13613,B2V + age + PA Ridge,134.79809079165182,134.5230219461356,-0.27506884551621624
fg:13613,B2V Ridge,139.13979422906118,138.86012169215064,-0.27967253691053884
fg:13613,wRC+ + B2V + age + PA Ridge,136.26416905425953,135.94935422895372,-0.3148148253058025
fg:13620,B2V + age + PA Ridge,86.47403436678123,86.50981527428671,0.03578090750548313
fg:13620,B2V Ridge,87.68132040075153,87.68207599744574,0.0007555966942049963
fg:13620,wRC+ + B2V + age + PA Ridge,86.00689873881443,86.05286195428562,0.045963215471189756
fg:13624,B2V + age + PA Ridge,116.74647202342956,116.36439079717172,-0.3820812262578386
fg:13624,B2V Ridge,117.30177822424962,116.82354639202303,-0.4782318322265837
fg:13624,wRC+ + B2V + age + PA Ridge,116.63604329489786,116.2092051999638,-0.42683809493405533
fg:13675,B2V + age + PA Ridge,87.83853475593182,87.94017297235004,0.10163821641822324
fg:13675,B2V Ridge,90.74332019788389,90.89252653348585,0.14920633560195995
fg:13675,wRC+ + B2V + age + PA Ridge,87.53708172145446,87.65650781774325,0.11942609628879097
fg:13723,B2V + age + PA Ridge,86.2612274791459,86.23577563549908,-0.025451843646820294
fg:13723,B2V Ridge,92.57335709034955,92.50747180785396,-0.06588528249558578
fg:13723,wRC+ + B2V + age + PA Ridge,84.68927146907151,84.6650639809273,-0.024207488144213585
fg:13757,B2V + age + PA Ridge,73.0629078541977,73.19174873613935,0.12884088194164178
fg:13757,B2V Ridge,77.6206838252158,77.74273874363567,0.12205491841986316
fg:13757,wRC+ + B2V + age + PA Ridge,72.45519819379938,72.59932047154626,0.14412227774688802
fg:13770,B2V + age + PA Ridge,99.33775704283433,99.19273533044273,-0.14502171239159622
fg:13770,B2V Ridge,104.9838995707149,104.80121603250322,-0.18268353821167693
fg:13770,wRC+ + B2V + age + PA Ridge,97.80449113936695,97.64366777868706,-0.16082336067988479
fg:14161,B2V + age + PA Ridge,103.23195297602041,102.99011992908991,-0.2418330469304948
fg:14161,B2V Ridge,108.31081533755798,108.08902396877366,-0.2217913687843236
fg:14161,wRC+ + B2V + age + PA Ridge,101.66698363412719,101.3947373135311,-0.2722463205960963
fg:14162,B2V + age + PA Ridge,115.39434357027768,115.35959174907421,-0.03475182120347142
fg:14162,B2V Ridge,119.66576871586427,119.63474125173086,-0.03102746413341606
fg:14162,wRC+ + B2V + age + PA Ridge,114.2327944497796,114.1967259026931,-0.03606854708650076
fg:14221,B2V + age + PA Ridge,109.36970029855485,109.11940893490916,-0.2502913636456867
fg:14221,B2V Ridge,109.36374847172473,109.03055515313821,-0.3331933185865239
fg:14221,wRC+ + B2V + age + PA Ridge,108.96130776873491,108.67740714721025,-0.28390062152466555
fg:14344,B2V + age + PA Ridge,110.11322398300896,109.7813140650469,-0.33190991796206504
fg:14344,B2V Ridge,107.008786987121,106.58168607210021,-0.4271009150207874
fg:14344,wRC+ + B2V + age + PA Ridge,110.24264823993047,109.86916026706223,-0.3734879728682472
fg:14551,B2V + age + PA Ridge,114.91509785052047,114.63153480444066,-0.28356304607980576
fg:14551,B2V Ridge,113.72735694187166,113.39383619745783,-0.33352074441383195
fg:14551,wRC+ + B2V + age + PA Ridge,114.90294085722846,114.58479842472104,-0.3181424325074147
fg:14813,B2V + age + PA Ridge,75.99451592583661,76.06568378755591,0.071167861719303
fg:14813,B2V Ridge,81.79565367456391,81.85072446027358,0.05507078570967394
fg:14813,wRC+ + B2V + age + PA Ridge,75.85225401984344,75.93832570785229,0.08607168800884324
fg:14854,B2V + age + PA Ridge,96.98995731305821,96.94981123981488,-0.04014607324333497
fg:14854,B2V Ridge,101.38331977508464,101.3467574763075,-0.03656229877714168
fg:14854,wRC+ + B2V + age + PA Ridge,96.88872823243075,96.84063613017724,-0.048092102253505686
fg:14968,B2V + age + PA Ridge,93.03535078437984,92.93965266205957,-0.09569812232027175
fg:14968,B2V Ridge,96.67129415072493,96.52491512667709,-0.14637902404784597
fg:14968,wRC+ + B2V + age + PA Ridge,92.63686965553113,92.53489451557034,-0.10197513996078555
fg:15112,B2V + age + PA Ridge,102.60849042294534,102.40555132693453,-0.20293909601080884
fg:15112,B2V Ridge,99.93124755760046,99.67093699638436,-0.26031056121610163
fg:15112,wRC+ + B2V + age + PA Ridge,104.18061860415617,103.94677746783663,-0.2338411363195405
fg:15161,B2V + age + PA Ridge,88.80854709795776,88.73753845158927,-0.07100864636848314
fg:15161,B2V Ridge,89.6528492586361,89.52030091628335,-0.1325483423527487
fg:15161,wRC+ + B2V + age + PA Ridge,88.14572957395958,88.05914996582095,-0.08657960813863497
fg:15194,B2V + age + PA Ridge,94.53296246949616,94.54105703750507,0.008094568008914393
fg:15194,B2V Ridge,95.35223036966207,95.37766842908322,0.025438059421148296
fg:15194,wRC+ + B2V + age + PA Ridge,94.72984116978591,94.73051595861436,0.0006747888284479586
fg:15223,B2V + age + PA Ridge,73.17501382878227,73.53721408293305,0.3622002541507783
fg:15223,B2V Ridge,77.7452036601957,78.17075420921546,0.42555054901976064
fg:15223,wRC+ + B2V + age + PA Ridge,73.58043821164925,73.99371722363149,0.41327901198224026
fg:15274,B2V + age + PA Ridge,95.91896432665686,96.098714851801,0.17975052514414358
fg:15274,B2V Ridge,101.9211025201566,102.12761575024453,0.20651323008793554
fg:15274,wRC+ + B2V + age + PA Ridge,95.48320770575704,95.68572706091727,0.20251935516023423
fg:15362,B2V + age + PA Ridge,84.12844131418554,84.2480201549143,0.11957884072876368
fg:15362,B2V Ridge,85.38507381427769,85.50132041112941,0.1162465968517239
fg:15362,wRC+ + B2V + age + PA Ridge,83.346193124777,83.49160365227681,0.14541052749980565
fg:15464,B2V + age + PA Ridge,93.15242651105723,93.0978702863865,-0.0545562246707334
fg:15464,B2V Ridge,94.85977020363904,94.76039583883313,-0.09937436480591089
fg:15464,wRC+ + B2V + age + PA Ridge,93.52676727494325,93.46706348683543,-0.05970378810782506
fg:15491,B2V + age + PA Ridge,96.45483325200203,96.69039393542448,0.23556068342244885
fg:15491,B2V Ridge,95.84653119215584,96.11684609936444,0.27031490720860063
fg:15491,wRC+ + B2V + age + PA Ridge,96.86153324964985,97.12448519334635,0.26295194369649266
fg:15518,B2V + age + PA Ridge,80.71116817014652,80.84400976464094,0.13284159449442257
fg:15518,B2V Ridge,82.2714590738921,82.4596506608423,0.18819158695019667
fg:15518,wRC+ + B2V + age + PA Ridge,79.44133828060008,79.60302353812104,0.16168525752095775
fg:15640,B2V + age + PA Ridge,170.00430033233746,169.42994225541185,-0.5743580769256198
fg:15640,B2V Ridge,175.11851917199073,174.48860186735243,-0.6299173046382975
fg:15640,wRC+ + B2V + age + PA Ridge,169.521340960982,168.85885345051884,-0.6624875104631656
fg:15653,B2V + age + PA Ridge,90.75566359662994,90.74448822915977,-0.011175367470173114
fg:15653,B2V Ridge,91.58535555665436,91.55405284811664,-0.03130270853772288
fg:15653,wRC+ + B2V + age + PA Ridge,90.63310346572018,90.62175440263977,-0.0113490630804165
fg:15674,B2V + age + PA Ridge,73.93209180711119,74.14826450466403,0.2161726975528353
fg:15674,B2V Ridge,76.11918842296383,76.36001369952227,0.24082527655843933
fg:15674,wRC+ + B2V + age + PA Ridge,74.5291563890592,74.77575209108588,0.24659570202668135
fg:15679,B2V + age + PA Ridge,100.65202329417332,100.61435158158318,-0.03767171259013935
fg:15679,B2V Ridge,100.73232489733603,100.67590685084404,-0.05641804649198434
fg:15679,wRC+ + B2V + age + PA Ridge,101.90519240364084,101.86348847100146,-0.041703932639379104
fg:15711,B2V + age + PA Ridge,115.01489736417338,114.59556816062569,-0.4193292035476901
fg:15711,B2V Ridge,114.93157869871358,114.44218345100248,-0.48939524771110143
fg:15711,wRC+ + B2V + age + PA Ridge,114.2281409929104,113.7465772671718,-0.48156372573859585
fg:15730,B2V + age + PA Ridge,71.58657074687207,72.10109154469785,0.5145207978257815
fg:15730,B2V Ridge,75.58708857936085,76.2023076563014,0.6152190769405479
fg:15730,wRC+ + B2V + age + PA Ridge,72.36557043505685,72.95046838724116,0.5848979521843063
fg:15878,B2V + age + PA Ridge,86.00342950466151,86.16602570747011,0.16259620280860076
fg:15878,B2V Ridge,87.6807121998614,87.86569075201577,0.18497855215436232
fg:15878,wRC+ + B2V + age + PA Ridge,85.17674380346637,85.37498789717388,0.1982440937075154
fg:15905,B2V + age + PA Ridge,90.02924143610856,90.02594552614616,-0.003295909962403698
fg:15905,B2V Ridge,93.41645090361563,93.40696108615471,-0.009489817460917038
fg:15905,wRC+ + B2V + age + PA Ridge,90.98811942108817,90.98737778524816,-0.0007416358400149647
fg:15986,B2V + age + PA Ridge,108.70432878958074,108.63099419433684,-0.07333459524390662
fg:15986,B2V Ridge,106.07092410155128,106.00397960938922,-0.06694449216206522
fg:15986,wRC+ + B2V + age + PA Ridge,108.10974085930965,108.02454958950818,-0.08519126980147007
fg:15998,B2V + age + PA Ridge,98.37191084934285,98.50587133538409,0.13396048604123223
fg:15998,B2V Ridge,97.04047212653305,97.20720246262674,0.1667303360936927
fg:15998,wRC+ + B2V + age + PA Ridge,97.81536807551238,97.9724787144548,0.15711063894241306
fg:16153,B2V + age + PA Ridge,77.31595260134505,77.52487665936596,0.20892405802091218
fg:16153,B2V Ridge,80.95576455345741,81.17063683300262,0.2148722795452045
fg:16153,wRC+ + B2V + age + PA Ridge,77.00481432208734,77.23977424050675,0.23495991841940622
fg:16252,B2V + age + PA Ridge,99.08928525788316,99.10569909896023,0.01641384107706756
fg:16252,B2V Ridge,101.69408111428069,101.7653032583964,0.07122214411570837
fg:16252,wRC+ + B2V + age + PA Ridge,98.11137705672522,98.13634146522111,0.02496440849589021
fg:16376,B2V + age + PA Ridge,108.00750914002371,107.80162528734984,-0.2058838526738782
fg:16376,B2V Ridge,109.51481247770528,109.26190139201012,-0.2529110856951604
fg:16376,wRC+ + B2V + age + PA Ridge,108.62431919331021,108.39107062537053,-0.23324856793968252
fg:16426,B2V + age + PA Ridge,76.8455450645206,76.9507302106486,0.10518514612799379
fg:16426,B2V Ridge,76.05585429096176,76.19071330156503,0.13485901060326455
fg:16426,wRC+ + B2V + age + PA Ridge,77.76853490402512,77.89417914991148,0.12564424588636314
fg:16442,B2V + age + PA Ridge,106.46708945169352,106.58800395810013,0.12091450640660639
fg:16442,B2V Ridge,108.57806922397862,108.7161863371123,0.13811711313368846
fg:16442,wRC+ + B2V + age + PA Ridge,106.52518500300047,106.66653686534752,0.14135186234705088
fg:16472,B2V + age + PA Ridge,100.55292134557043,100.34672593680956,-0.20619540876086262
fg:16472,B2V Ridge,99.6722423330552,99.38826836928583,-0.2839739637693697
fg:16472,wRC+ + B2V + age + PA Ridge,100.57308400478519,100.33807396691682,-0.2350100378683635
fg:16478,B2V + age + PA Ridge,130.69632906170932,130.32283047790435,-0.3734985838049738
fg:16478,B2V Ridge,129.77008177825115,129.31081540966596,-0.4592663685851903
fg:16478,wRC+ + B2V + age + PA Ridge,131.50159135371678,131.06899181539572,-0.4325995383210568
fg:16505,B2V + age + PA Ridge,117.8059770611172,117.77434364124788,-0.031633419869322665
fg:16505,B2V Ridge,120.19797759583147,120.22605135518648,0.028073759355009997
fg:16505,wRC+ + B2V + age + PA Ridge,119.08856830335122,119.04454587921376,-0.04402242413746649
fg:16512,B2V + age + PA Ridge,87.79501447207717,88.12989254418962,0.3348780721124456
fg:16512,B2V Ridge,88.00000393974686,88.42068481911112,0.42068087936425513
fg:16512,wRC+ + B2V + age + PA Ridge,87.74895095440851,88.13760646821137,0.3886555138028598
fg:16530,B2V + age + PA Ridge,72.64774568407657,72.82407106114572,0.17632537706914775
fg:16530,B2V Ridge,72.92294562151608,73.12455298879479,0.20160736727871154
fg:16530,wRC+ + B2V + age + PA Ridge,71.78545815856748,72.00168391873646,0.21622576016898165
fg:16535,B2V + age + PA Ridge,90.96110218451733,91.15794992652201,0.19684774200467814
fg:16535,B2V Ridge,90.69064427579181,90.88128466744888,0.19064039165706959
fg:16535,wRC+ + B2V + age + PA Ridge,90.64822285786364,90.87027663435686,0.22205377649321179
fg:16556,B2V + age + PA Ridge,94.54932091236624,94.61319047077242,0.06386955840618214
fg:16556,B2V Ridge,93.50779998018972,93.6045622232024,0.09676224301267666
fg:16556,wRC+ + B2V + age + PA Ridge,94.77638372805617,94.85497964100722,0.07859591295104451
fg:16578,B2V + age + PA Ridge,115.84373617506574,115.7534582831729,-0.09027789189283908
fg:16578,B2V Ridge,117.96764643913939,117.82845231134482,-0.13919412779456763
fg:16578,wRC+ + B2V + age + PA Ridge,117.18334671013031,117.08707362856629,-0.09627308156402137
fg:16622,B2V + age + PA Ridge,86.14175309659689,86.10215902212954,-0.03959407446734531
fg:16622,B2V Ridge,87.99849363408853,87.94789089720517,-0.05060273688336281
fg:16622,wRC+ + B2V + age + PA Ridge,84.40878373751028,84.36741061521748,-0.04137312229279644
fg:16725,B2V + age + PA Ridge,84.02250224460506,84.13863888271518,0.11613663811012032
fg:16725,B2V Ridge,88.96668727125191,89.08522779294321,0.11854052169130114
fg:16725,wRC+ + B2V + age + PA Ridge,84.73105949635936,84.86359019495531,0.1325306985959429
fg:16930,B2V + age + PA Ridge,84.98444053434707,84.99857077532062,0.014130240973543096
fg:16930,B2V Ridge,83.01724623378243,83.01642100987878,-0.000825223903646588
fg:16930,wRC+ + B2V + age + PA Ridge,85.88030165044567,85.90379407092036,0.023492420474681808
fg:16939,B2V + age + PA Ridge,103.60650484694506,103.7405129159692,0.13400806902414786
fg:16939,B2V Ridge,103.55778690825255,103.75098441982392,0.19319751157136977
fg:16939,wRC+ + B2V + age + PA Ridge,104.10181915045587,104.25037517524862,0.14855602479275376
fg:16947,B2V + age + PA Ridge,84.71355711492498,84.559649802661,-0.15390731226398202
fg:16947,B2V Ridge,88.83663635504645,88.69852425714144,-0.1381120979050081
fg:16947,wRC+ + B2V + age + PA Ridge,84.7071572986287,84.53271887008117,-0.174438428547532
fg:16997,B2V + age + PA Ridge,100.1040789707861,100.14533132461233,0.0412523538262235
fg:16997,B2V Ridge,94.12151510577401,94.11320203534108,-0.0083130704329335
fg:16997,wRC+ + B2V + age + PA Ridge,99.31494463647996,99.36767711283396,0.05273247635399514
fg:17022,B2V + age + PA Ridge,87.04413316773861,86.98916513785385,-0.054968029884761904
fg:17022,B2V Ridge,89.7042248774472,89.69912518737692,-0.005099690070281326
fg:17022,wRC+ + B2V + age + PA Ridge,86.32313029075755,86.26316562401993,-0.05996466673761347
fg:17027,B2V + age + PA Ridge,99.03102260636912,99.17405468276742,0.14303207639829907
fg:17027,B2V Ridge,94.8160103876131,94.94871781946915,0.13270743185604772
fg:17027,wRC+ + B2V + age + PA Ridge,100.3257043299006,100.49245749340947,0.16675316350887215
fg:17040,B2V + age + PA Ridge,74.73518779003264,75.01571877628783,0.2805309862551866
fg:17040,B2V Ridge,75.32961868612516,75.63345807016768,0.30383938404251865
fg:17040,wRC+ + B2V + age + PA Ridge,74.45104111435091,74.77244781339023,0.32140669903931496
fg:17128,B2V + age + PA Ridge,89.91836294242657,89.74472405836133,-0.17363888406524097
fg:17128,B2V Ridge,92.72158756316747,92.53935643084999,-0.182231132317483
fg:17128,wRC+ + B2V + age + PA Ridge,88.8355102768899,88.64114856489127,-0.1943617119986385
fg:17276,B2V + age + PA Ridge,63.927373943831796,63.89624396166735,-0.03112998216444396
fg:17276,B2V Ridge,64.77740611022745,64.74101194464681,-0.036394165580631466
fg:17276,wRC+ + B2V + age + PA Ridge,65.44897119631953,65.40575613109326,-0.043215065226277716
fg:17338,B2V + age + PA Ridge,92.80491764004833,92.85936958901266,0.05445194896432781
fg:17338,B2V Ridge,87.6334678152814,87.703878730574,0.07041091529259802
fg:17338,wRC+ + B2V + age + PA Ridge,91.21383222086416,91.27972581188607,0.06589359102190429
fg:17350,B2V + age + PA Ridge,122.69937983402916,122.35494685525529,-0.3444329787738667
fg:17350,B2V Ridge,121.29608516398083,120.90694955547372,-0.38913560850711804
fg:17350,wRC+ + B2V + age + PA Ridge,122.8023188672711,122.41038503395541,-0.3919338333156901
fg:17548,B2V + age + PA Ridge,106.04947841602339,105.96914525324817,-0.08033316277521863
fg:17548,B2V Ridge,104.48531250844889,104.36852643059822,-0.1167860778506622
fg:17548,wRC+ + B2V + age + PA Ridge,106.10948102309713,106.0175386588706,-0.0919423642265258
fg:17678,B2V + age + PA Ridge,106.20287446862133,106.20879612210098,0.005921653479646238
fg:17678,B2V Ridge,104.69591065502793,104.66793646921968,-0.027974185808247398
fg:17678,wRC+ + B2V + age + PA Ridge,106.55684914584499,106.57152630262081,0.014677156775817934
fg:17696,B2V + age + PA Ridge,77.86724623775191,78.2734418008908,0.40619556313887983
fg:17696,B2V Ridge,81.89788469032588,82.39658722019757,0.49870252987169295
fg:17696,wRC+ + B2V + age + PA Ridge,77.33773427679192,77.80670900075195,0.4689747239600308
fg:17901,B2V + age + PA Ridge,98.55253989070299,98.59484858716108,0.04230869645809321
fg:17901,B2V Ridge,97.71074093211112,97.73979943643106,0.029058504319934286
fg:17901,wRC+ + B2V + age + PA Ridge,99.09241527569465,99.14400460447307,0.051589328778419485
fg:17907,B2V + age + PA Ridge,97.03334057005435,96.97672234030964,-0.0566182297447142
fg:17907,B2V Ridge,94.49925314222223,94.42999665578938,-0.06925648643284887
fg:17907,wRC+ + B2V + age + PA Ridge,97.98396773438596,97.92337444605283,-0.060593288333123496
fg:17919,B2V + age + PA Ridge,113.61314661185098,113.5215111292362,-0.09163548261477672
fg:17919,B2V Ridge,112.40295302076932,112.30703711263828,-0.09591590813103323
fg:17919,wRC+ + B2V + age + PA Ridge,113.53989700803959,113.43086475215546,-0.10903225588413079
fg:17929,B2V + age + PA Ridge,94.2877960583495,94.55794368373336,0.2701476253838564
fg:17929,B2V Ridge,95.60431060043675,95.96763483775901,0.36332423732226005
fg:17929,wRC+ + B2V + age + PA Ridge,93.56378018640345,93.87057662982053,0.3067964434170847
fg:17982,B2V + age + PA Ridge,92.4345662570992,92.35739153564761,-0.07717472145159832
fg:17982,B2V Ridge,90.30830252958417,90.18195901451449,-0.1263435150696779
fg:17982,wRC+ + B2V + age + PA Ridge,92.10243830010916,92.02161630130198,-0.08082199880718122
fg:17988,B2V + age + PA Ridge,106.94497031375049,106.8077381494777,-0.13723216427278828
fg:17988,B2V Ridge,104.67784036237222,104.48615399586646,-0.19168636650576332
fg:17988,wRC+ + B2V + age + PA Ridge,107.15948741975828,107.00595300025535,-0.15353441950293245
fg:18015,B2V + age + PA Ridge,81.27865555614619,80.95759118339748,-0.32106437274870814
fg:18015,B2V Ridge,80.75377954336554,80.3690038290789,-0.3847757142866328
fg:18015,wRC+ + B2V + age + PA Ridge,79.93246271324038,79.57247135865221,-0.3599913545881748
fg:18030,B2V + age + PA Ridge,85.54142961627885,85.57686751902992,0.03543790275107028
fg:18030,B2V Ridge,86.07328521095542,86.11615622744132,0.04287101648590408
fg:18030,wRC+ + B2V + age + PA Ridge,85.88760433909177,85.932394744874,0.04479040578223703
fg:18036,B2V + age + PA Ridge,105.91023562357127,106.05243057291648,0.14219494934521038
fg:18036,B2V Ridge,104.206294769846,104.36505188189165,0.1587571120456488
fg:18036,wRC+ + B2V + age + PA Ridge,106.37983744216285,106.54306921190458,0.16323176974172782
fg:18042,B2V + age + PA Ridge,94.38695126353704,94.62891783425273,0.2419665707156895
fg:18042,B2V Ridge,97.63690890271431,97.9579563220549,0.3210474193405872
fg:18042,wRC+ + B2V + age + PA Ridge,93.3464142198114,93.61247908781532,0.26606486800392304
fg:18126,B2V + age + PA Ridge,106.6779082237658,106.76748813374111,0.0895799099753134
fg:18126,B2V Ridge,107.79552793133647,107.87040028315272,0.07487235181625351
fg:18126,wRC+ + B2V + age + PA Ridge,106.17901494273984,106.27849864909797,0.09948370635812864
fg:18314,B2V + age + PA Ridge,95.7456550167897,95.86594091535295,0.12028589856325311
fg:18314,B2V Ridge,95.53366612569076,95.71436252581337,0.18069640012261345
fg:18314,wRC+ + B2V + age + PA Ridge,96.0008701123286,96.13244020153404,0.13157008920543944
fg:18345,B2V + age + PA Ridge,131.682994777528,131.68543511586128,0.002440338333286718
fg:18345,B2V Ridge,134.21540336329568,134.22936247120055,0.013959107904867096
fg:18345,wRC+ + B2V + age + PA Ridge,129.76896677392332,129.7687328304919,-0.00023394343142513208
fg:18360,B2V + age + PA Ridge,114.14494577345985,113.84060975185155,-0.3043360216083073
fg:18360,B2V Ridge,113.31528887387691,112.97327170105939,-0.34201717281752053
fg:18360,wRC+ + B2V + age + PA Ridge,115.08587577893825,114.74042232535915,-0.34545345357909696
fg:18363,B2V + age + PA Ridge,93.06793538853928,93.41544913540702,0.3475137468677332
fg:18363,B2V Ridge,95.82821582412575,96.31854860687409,0.49033278274833947
fg:18363,wRC+ + B2V + age + PA Ridge,89.52784375283608,89.92676201338308,0.3989182605470063
fg:18373,B2V + age + PA Ridge,98.46436541703424,98.27290365102156,-0.1914617660126794
fg:18373,B2V Ridge,95.9846628753377,95.76158993384271,-0.22307294149499057
fg:18373,wRC+ + B2V + age + PA Ridge,98.36462898967491,98.15701050686805,-0.2076184828068648
fg:18401,B2V + age + PA Ridge,105.48547294189973,105.54946145447349,0.06398851257375782
fg:18401,B2V Ridge,108.48515812595119,108.60182682233534,0.11666869638415278
fg:18401,wRC+ + B2V + age + PA Ridge,106.20114492304337,106.26794649052832,0.06680156748494426
fg:18564,B2V + age + PA Ridge,99.26056550125347,99.17210276837206,-0.08846273288141049
fg:18564,B2V Ridge,100.53881331955164,100.40481847662629,-0.1339948429253468
fg:18564,wRC+ + B2V + age + PA Ridge,100.1549127210445,100.049259911303,-0.10565280974149971
fg:18568,B2V + age + PA Ridge,105.11435445163303,105.57498504634987,0.4606305947168323
fg:18568,B2V Ridge,101.5213867568522,102.06177323505341,0.5403864782012135
fg:18568,wRC+ + B2V + age + PA Ridge,105.25052266231249,105.78968131600345,0.5391586536909614
fg:18577,B2V + age + PA Ridge,88.45494513463638,88.71719105042507,0.2622459157886965
fg:18577,B2V Ridge,87.47928988506621,87.80284197809962,0.32355209303341326
fg:18577,wRC+ + B2V + age + PA Ridge,90.8650271552895,91.16340883700516,0.2983816817156679
fg:18795,B2V + age + PA Ridge,94.97907924339205,94.96918961912817,-0.009889624263877295
fg:18795,B2V Ridge,97.91048871439956,97.90035300136296,-0.010135713036603988
fg:18795,wRC+ + B2V + age + PA Ridge,93.95161415482788,93.94448977897122,-0.007124375856662368
fg:18819,B2V + age + PA Ridge,73.58245033848418,73.64167325892214,0.059222920437960624
fg:18819,B2V Ridge,76.83388550818962,76.90522920214339,0.07134369395376439
fg:18819,wRC+ + B2V + age + PA Ridge,72.48071068429309,72.55216706304293,0.07145637874984345
fg:18839,B2V + age + PA Ridge,111.15523269409921,111.00569057936139,-0.14954211473782664
fg:18839,B2V Ridge,106.91381253971215,106.72403015573913,-0.18978238397302505
fg:18839,wRC+ + B2V + age + PA Ridge,111.13188823771102,110.9667936615236,-0.1650945761874283
fg:18882,B2V + age + PA Ridge,99.8003240703894,99.59178544166791,-0.20853862872148454
fg:18882,B2V Ridge,101.9651188447058,101.75703949288692,-0.20807935181888126
fg:18882,wRC+ + B2V + age + PA Ridge,98.55235110746726,98.31637191609542,-0.23597919137183965
fg:18900,B2V + age + PA Ridge,93.89597769390984,94.07092731331298,0.17494961940313658
fg:18900,B2V Ridge,89.88922778895108,90.1169415567774,0.22771376782633013
fg:18900,wRC+ + B2V + age + PA Ridge,94.1937647471335,94.39136362166843,0.19759887453493263
fg:19238,B2V + age + PA Ridge,97.40865106436355,97.46173910362205,0.05308803925849759
fg:19238,B2V Ridge,98.99791407738974,99.08323606017224,0.08532198278250291
fg:19238,wRC+ + B2V + age + PA Ridge,97.48081797175658,97.5483928953266,0.06757492357002093
fg:19251,B2V + age + PA Ridge,118.66952741367382,118.38731515001867,-0.28221226365515406
fg:19251,B2V Ridge,116.16929099813417,115.81495208707972,-0.35433891105445525
fg:19251,wRC+ + B2V + age + PA Ridge,119.11595864842755,118.79509519376444,-0.3208634546631117
fg:19260,B2V + age + PA Ridge,79.59920458149669,79.87118321952275,0.2719786380260558
fg:19260,B2V Ridge,80.22743057833875,80.56519769211646,0.3377671137777014
fg:19260,wRC+ + B2V + age + PA Ridge,78.12148929090304,78.43923998821145,0.3177506973084121
fg:19287,B2V + age + PA Ridge,99.58261416084268,99.25402811760938,-0.328586043233301
fg:19287,B2V Ridge,97.74726975282793,97.35814611824581,-0.38912363458211985
fg:19287,wRC+ + B2V + age + PA Ridge,99.8142904489271,99.44105962795268,-0.3732308209744133
fg:19290,B2V + age + PA Ridge,105.43170270339185,105.36972921195324,-0.0619734914386072
fg:19290,B2V Ridge,101.34991552748511,101.25517669152745,-0.09473883595765642
fg:19290,wRC+ + B2V + age + PA Ridge,104.23529568219098,104.16197680692869,-0.07331887526228797
fg:19296,B2V + age + PA Ridge,96.7394604392155,96.91302594959244,0.1735655103769318
fg:19296,B2V Ridge,103.1405572981888,103.34915412371657,0.2085968255277777
fg:19296,wRC+ + B2V + age + PA Ridge,92.14581903681643,92.350534357384,0.2047153205675727
fg:19318,B2V + age + PA Ridge,80.04814010310113,80.10083000915836,0.05268990605722479
fg:19318,B2V Ridge,80.50046620331685,80.52707595496277,0.026609751645921165
fg:19318,wRC+ + B2V + age + PA Ridge,78.67898218636915,78.73381052338287,0.05482833701371703
fg:19326,B2V + age + PA Ridge,111.84540449379253,111.78017751757906,-0.06522697621346651
fg:19326,B2V Ridge,109.67088206520911,109.62369092473489,-0.04719114047422579
fg:19326,wRC+ + B2V + age + PA Ridge,111.58152924259218,111.50914614180697,-0.07238310078521693
fg:19352,B2V + age + PA Ridge,89.00335252522152,88.92399345944895,-0.07935906577256446
fg:19352,B2V Ridge,91.27640520470536,91.17008113527228,-0.1063240694330716
fg:19352,wRC+ + B2V + age + PA Ridge,90.12763452601766,90.03363694713457,-0.09399757888309068
fg:19354,B2V + age + PA Ridge,100.83354308000072,100.54595904027217,-0.2875840397285572
fg:19354,B2V Ridge,102.15930392042425,101.85478551323385,-0.30451840719040035
fg:19354,wRC+ + B2V + age + PA Ridge,98.91008606009639,98.58346016346236,-0.3266258966340274
fg:19363,B2V + age + PA Ridge,81.48191504231289,81.41885512951244,-0.06305991280045475
fg:19363,B2V Ridge,83.42923131329245,83.36504654023612,-0.06418477305632564
fg:19363,wRC+ + B2V + age + PA Ridge,80.29337934291601,80.22920073480383,-0.06417860811218645
fg:19392,B2V + age + PA Ridge,85.9504928914813,86.29066907504438,0.34017618356307366
fg:19392,B2V Ridge,88.57758465548775,89.02865728947243,0.4510726339846798
fg:19392,wRC+ + B2V + age + PA Ridge,86.93813507238319,87.32129799768768,0.3831629253044895
fg:19452,B2V + age + PA Ridge,78.23196248162236,78.20098720322846,-0.030975278393896133
fg:19452,B2V Ridge,78.31559711345474,78.27992413500095,-0.03567297845378903
fg:19452,wRC+ + B2V + age + PA Ridge,78.86509162304124,78.82674213875717,-0.038349484284069035
fg:19455,B2V + age + PA Ridge,86.0959767701243,86.27475841369414,0.17878164356984882
fg:19455,B2V Ridge,87.2988975505714,87.50393368801149,0.2050361374400893
fg:19455,wRC+ + B2V + age + PA Ridge,87.10522099374695,87.30406296127153,0.19884196752457228
fg:19470,B2V + age + PA Ridge,87.80787492052467,87.98857882644268,0.18070390591800845
fg:19470,B2V Ridge,92.54640416361775,92.79261603311637,0.24621186949862306
fg:19470,wRC+ + B2V + age + PA Ridge,87.48693505825966,87.69125482763658,0.20431976937692298
fg:19522,B2V + age + PA Ridge,95.70374383998082,95.95791642597469,0.2541725859938708
fg:19522,B2V Ridge,97.57405250618422,97.88759123337412,0.3135387271899077
fg:19522,wRC+ + B2V + age + PA Ridge,96.30771950578247,96.59599290321384,0.28827339743136804
fg:19556,B2V + age + PA Ridge,139.70291797883465,139.40049925732677,-0.30241872150787685
fg:19556,B2V Ridge,138.33669996836676,137.98573163230043,-0.35096833606633027
fg:19556,wRC+ + B2V + age + PA Ridge,139.58949464353788,139.25129942908293,-0.3381952144549416
fg:19566,B2V + age + PA Ridge,106.38278136249184,106.45825405952051,0.07547269702867254
fg:19566,B2V Ridge,104.4633482533362,104.52524430558978,0.061896052253572975
fg:19566,wRC+ + B2V + age + PA Ridge,105.51667556390181,105.60433727855207,0.08766171465025252
fg:19599,B2V + age + PA Ridge,73.81970659962867,73.89320471567927,0.07349811605060097
fg:19599,B2V Ridge,74.58048471555988,74.6717929460857,0.0913082305258257
fg:19599,wRC+ + B2V + age + PA Ridge,73.91662982521717,74.00057439602068,0.08394457080351003
fg:19608,B2V + age + PA Ridge,91.37670546382994,91.60804513235298,0.23133966852304866
fg:19608,B2V Ridge,90.01679289828738,90.3267722084189,0.30997931013152424
fg:19608,wRC+ + B2V + age + PA Ridge,91.76918608598201,92.03651487301904,0.2673287870370302
fg:19610,B2V + age + PA Ridge,86.64138421203283,86.83633719305979,0.19495298102695813
fg:19610,B2V Ridge,82.79984180520637,83.02322847720296,0.22338667199659312
fg:19610,wRC+ + B2V + age + PA Ridge,87.7961038293093,88.02942105183655,0.23331722252724774
fg:19611,B2V + age + PA Ridge,142.6957707285846,142.3088066124239,-0.3869641161606978
fg:19611,B2V Ridge,137.54184621406722,137.0528755275151,-0.48897068655210774
fg:19611,wRC+ + B2V + age + PA Ridge,142.89245536158555,142.46175593460555,-0.43069942697999863
fg:19612,B2V + age + PA Ridge,85.92565621939177,85.99285442929403,0.06719820990225855
fg:19612,B2V Ridge,84.52156813832408,84.6151202232291,0.09355208490501354
fg:19612,wRC+ + B2V + age + PA Ridge,87.24957664799504,87.33103260353447,0.08145595553942542
fg:19627,B2V + age + PA Ridge,122.65006207857222,122.26794115282924,-0.3821209257429814
fg:19627,B2V Ridge,123.4775116134464,123.06482688794344,-0.412684725502956
fg:19627,wRC+ + B2V + age + PA Ridge,120.57479290855726,120.14185182343311,-0.432941085124142
fg:19709,B2V + age + PA Ridge,123.4125394967911,123.11626920303667,-0.29627029375443215
fg:19709,B2V Ridge,123.11280375438142,122.81437912371044,-0.29842463067097924
fg:19709,wRC+ + B2V + age + PA Ridge,124.19568782970639,123.85963203966519,-0.33605579004120045
fg:19734,B2V + age + PA Ridge,85.51548789231924,85.66365505261976,0.1481671603005168
fg:19734,B2V Ridge,84.16732831381225,84.31090703211136,0.14357871829911062
fg:19734,wRC+ + B2V + age + PA Ridge,84.7416235340776,84.91105608942517,0.1694325553475693
fg:19755,B2V + age + PA Ridge,161.72643696477456,161.4473937422516,-0.2790432225229722
fg:19755,B2V Ridge,167.86734614239634,167.70510222586756,-0.16224391652878012
fg:19755,wRC+ + B2V + age + PA Ridge,163.5277167545771,163.19697740174252,-0.3307393528345983
fg:19844,B2V + age + PA Ridge,87.04337018945502,87.24910580911363,0.2057356196586113
fg:19844,B2V Ridge,87.13528135684774,87.38195464215441,0.2466732853066702
fg:19844,wRC+ + B2V + age + PA Ridge,87.21017452477979,87.45061506913675,0.24044054435695728
fg:19858,B2V + age + PA Ridge,90.94149751672211,91.1372525853973,0.1957550686751972
fg:19858,B2V Ridge,92.48301475658833,92.75858913677419,0.27557438018585856
fg:19858,wRC+ + B2V + age + PA Ridge,89.13719027038142,89.3689188482542,0.23172857787277223
fg:19864,B2V + age + PA Ridge,85.98674112914968,85.97685814075663,-0.009882988393044911
fg:19864,B2V Ridge,88.82512595761796,88.81927955060927,-0.00584640700868988
fg:19864,wRC+ + B2V + age + PA Ridge,86.99161667158126,86.98027044854871,-0.011346223032546732
fg:19890,B2V + age + PA Ridge,89.41623809784352,89.44466751248854,0.028429414645017914
fg:19890,B2V Ridge,89.63522824786067,89.66199017090275,0.026761923042087687
fg:19890,wRC+ + B2V + age + PA Ridge,89.70065225961758,89.7341570893172,0.03350482969960922
fg:19892,B2V + age + PA Ridge,116.9537058108996,116.80519024024177,-0.14851557065783538
fg:19892,B2V Ridge,121.81946957755022,121.64450911433673,-0.17496046321349468
fg:19892,wRC+ + B2V + age + PA Ridge,116.79282719074473,116.62427543601882,-0.168551754725911
fg:19896,B2V + age + PA Ridge,92.72363220828895,92.74663097450365,0.022998766214698207
fg:19896,B2V Ridge,90.40667243275513,90.43524440367644,0.02857197092130548
fg:19896,wRC+ + B2V + age + PA Ridge,90.59382832546116,90.62759057700261,0.03376225154144663
fg:19901,B2V + age + PA Ridge,92.04271936346223,92.08324735135962,0.040527987897391426
fg:19901,B2V Ridge,88.36894106960561,88.37461400334944,0.00567293374382416
fg:19901,wRC+ + B2V + age + PA Ridge,91.8841986270299,91.93670460354281,0.05250597651290434
fg:19913,B2V + age + PA Ridge,108.46707873159484,108.20393619624627,-0.2631425353485639
fg:19913,B2V Ridge,106.72816996660885,106.45411751874752,-0.27405244786132243
fg:19913,wRC+ + B2V + age + PA Ridge,109.78700044243618,109.48733874310236,-0.299661699333825
fg:19918,B2V + age + PA Ridge,88.70332599163397,88.82490009893856,0.12157410730458196
fg:19918,B2V Ridge,86.44194646476845,86.60716905935993,0.16522259459148358
fg:19918,wRC+ + B2V + age + PA Ridge,87.55615465113924,87.69057200854593,0.13441735740669003
fg:19921,B2V + age + PA Ridge,87.60149102005435,87.88936328266689,0.28787226261253807
fg:19921,B2V Ridge,86.10590813994082,86.45283161480965,0.3469234748688308
fg:19921,wRC+ + B2V + age + PA Ridge,87.3774723719562,87.70092298131021,0.32345060935401193
fg:19950,B2V + age + PA Ridge,80.86546080392706,81.15529488584542,0.28983408191835736
fg:19950,B2V Ridge,75.6245473390962,75.99701345108063,0.372466111984437
fg:19950,wRC+ + B2V + age + PA Ridge,80.36704514089342,80.70507413726122,0.3380289963677967
fg:19953,B2V + age + PA Ridge,96.21164768525021,96.21799819300867,0.006350507758455137
fg:19953,B2V Ridge,95.11821970808431,95.17897643778483,0.06075672970051471
fg:19953,wRC+ + B2V + age + PA Ridge,95.85144946631999,95.8557850224189,0.004335556098908455
fg:19955,B2V + age + PA Ridge,100.39583483668191,100.55430251494276,0.1584676782608483
fg:19955,B2V Ridge,98.15207838202758,98.3459737832629,0.19389540123532356
fg:19955,wRC+ + B2V + age + PA Ridge,100.548188866879,100.72845555556373,0.18026668868472484
fg:19956,B2V + age + PA Ridge,84.86630468678536,84.71703752921228,-0.14926715757307818
fg:19956,B2V Ridge,81.20125899033259,81.03154151049613,-0.16971747983646424
fg:19956,wRC+ + B2V + age + PA Ridge,84.70915313838066,84.54428090914108,-0.16487222923957745
fg:19997,B2V + age + PA Ridge,85.19324537356269,85.52817923231487,0.33493385875217996
fg:19997,B2V Ridge,86.58560785935367,86.97583492747967,0.39022706812599495
fg:19997,wRC+ + B2V + age + PA Ridge,86.0911644437487,86.47800540971481,0.3868409659661154
fg:20017,B2V + age + PA Ridge,79.86778845647072,80.17989821424145,0.31210975777072747
fg:20017,B2V Ridge,84.0715057122764,84.44025200994261,0.36874629766620615
fg:20017,wRC+ + B2V + age + PA Ridge,83.67887531620471,84.03119831650571,0.3523230003009985
fg:20036,B2V + age + PA Ridge,98.97506880047128,99.1762641957048,0.20119539523352614
fg:20036,B2V Ridge,90.44730921222265,90.62769915238307,0.1803899401604241
fg:20036,wRC+ + B2V + age + PA Ridge,96.82898947100398,97.06373102686686,0.23474155586288248
fg:20043,B2V + age + PA Ridge,88.96657072049557,88.82313079722633,-0.14343992326924138
fg:20043,B2V Ridge,86.76170344585633,86.62347321432001,-0.13823023153631198
fg:20043,wRC+ + B2V + age + PA Ridge,88.75437700864289,88.58909523597569,-0.1652817726671998
fg:20123,B2V + age + PA Ridge,159.13471561867925,158.7756403717723,-0.35907524690694004
fg:20123,B2V Ridge,155.36688221590487,154.90742523591643,-0.45945697998843116
fg:20123,wRC+ + B2V + age + PA Ridge,159.77534199569646,159.36267341949872,-0.41266857619774555
fg:20126,B2V + age + PA Ridge,74.42805582317409,74.63334112234351,0.20528529916941807
fg:20126,B2V Ridge,71.13408046282926,71.3549715544138,0.22089109158453368
fg:20126,wRC+ + B2V + age + PA Ridge,73.38710616808982,73.62076008743166,0.23365391934184743
fg:20178,B2V + age + PA Ridge,84.13787546507321,84.34950532204317,0.21162985696996373
fg:20178,B2V Ridge,81.3254801264699,81.55929014228568,0.2338100158157772
fg:20178,wRC+ + B2V + age + PA Ridge,86.17420873597932,86.40872042895559,0.23451169297626961
fg:20202,B2V + age + PA Ridge,108.9419445846774,108.96270788562605,0.020763300948644314
fg:20202,B2V Ridge,108.0294517699989,108.0935484765363,0.06409670653739852
fg:20202,wRC+ + B2V + age + PA Ridge,109.40188844205186,109.41782266021679,0.015934218164929348
fg:20220,B2V + age + PA Ridge,101.66987151646943,101.40656358809971,-0.26330792836971284
fg:20220,B2V Ridge,97.24070018834321,96.93051351400554,-0.3101866743376718
fg:20220,wRC+ + B2V + age + PA Ridge,102.37142496314799,102.07101287511911,-0.3004120880288781
fg:20287,B2V + age + PA Ridge,78.04105168268683,78.23620217783098,0.19515049514414784
fg:20287,B2V Ridge,75.01065918100058,75.204145658636,0.1934864776354175
fg:20287,wRC+ + B2V + age + PA Ridge,76.3311923757611,76.55478715890197,0.223594783140868
fg:20308,B2V + age + PA Ridge,88.46362609488176,88.57369935020012,0.11007325531835477
fg:20308,B2V Ridge,86.35077377786845,86.50189733616514,0.151123558296689
fg:20308,wRC+ + B2V + age + PA Ridge,88.50335531451297,88.62767348715532,0.12431817264234724
fg:20352,B2V + age + PA Ridge,83.60763576840469,83.78632557772225,0.17868980931756084
fg:20352,B2V Ridge,83.47852488137366,83.7128200943857,0.2342952130120466
fg:20352,wRC+ + B2V + age + PA Ridge,83.4638211924758,83.68187294215208,0.2180517496762775
fg:20437,B2V + age + PA Ridge,98.31978381438087,98.16835728945881,-0.15142652492205855
fg:20437,B2V Ridge,96.0191896568733,95.83883421983109,-0.18035543704220913
fg:20437,wRC+ + B2V + age + PA Ridge,97.95348084967527,97.78480418002539,-0.1686766696498836
fg:20454,B2V + age + PA Ridge,108.6953898770914,108.78102640087255,0.08563652378114739
fg:20454,B2V Ridge,105.57732819384913,105.74347160434075,0.16614341049162817
fg:20454,wRC+ + B2V + age + PA Ridge,108.63875199314424,108.73064129688193,0.09188930373768756
fg:20503,B2V + age + PA Ridge,122.73649336952792,122.52983527183467,-0.20665809769324994
fg:20503,B2V Ridge,118.9987345844886,118.75534415898395,-0.24339042550465706
fg:20503,wRC+ + B2V + age + PA Ridge,123.092414692804,122.85686823515042,-0.23554645765358373
fg:20529,B2V + age + PA Ridge,94.16086617322976,94.261130255927,0.10026408269723674
fg:20529,B2V Ridge,92.04002013829562,92.14034488971598,0.10032475142035935
fg:20529,wRC+ + B2V + age + PA Ridge,95.64297006037874,95.75118882079084,0.10821876041210032
fg:20572,B2V + age + PA Ridge,87.5227914248452,87.43651424811388,-0.08627717673131485
fg:20572,B2V Ridge,91.16864597260975,91.08304003874979,-0.0856059338599664
fg:20572,wRC+ + B2V + age + PA Ridge,87.88525358018228,87.79005164449057,-0.09520193569170488
fg:20599,B2V + age + PA Ridge,109.04043777100105,109.19893351487201,0.158495743870958
fg:20599,B2V Ridge,109.25537827024301,109.48164420685885,0.22626593661583172
fg:20599,wRC+ + B2V + age + PA Ridge,108.33157657738457,108.51270462935585,0.18112805197128523
fg:21454,B2V + age + PA Ridge,122.49627784170305,122.53088987881678,0.03461203711373173
fg:21454,B2V Ridge,122.9873795088329,123.03267990301823,0.04530039418533249
fg:21454,wRC+ + B2V + age + PA Ridge,124.35728270068705,124.39007465405379,0.03279195336673979
fg:21479,B2V + age + PA Ridge,98.90149285223599,99.42493550226648,0.5234426500304892
fg:21479,B2V Ridge,96.51093683326762,97.17156920007486,0.6606323668072349
fg:21479,wRC+ + B2V + age + PA Ridge,99.07192132009008,99.67163077840338,0.5997094583132991
fg:21501,B2V + age + PA Ridge,109.32238685048293,109.17843534933657,-0.14395150114636124
fg:21501,B2V Ridge,108.35325760054312,108.17449800954937,-0.17875959099374938
fg:21501,wRC+ + B2V + age + PA Ridge,109.21189959329338,109.04848747980738,-0.16341211348600382
fg:21523,B2V + age + PA Ridge,111.53526345142599,111.79171865033821,0.2564551989122208
fg:21523,B2V Ridge,108.30820436795007,108.59926577698273,0.29106140903266464
fg:21523,wRC+ + B2V + age + PA Ridge,111.92227608068397,112.20997619927854,0.28770011859457156
fg:21524,B2V + age + PA Ridge,101.83176846037196,101.70940780065268,-0.12236065971927701
fg:21524,B2V Ridge,103.38841149669858,103.24228313545377,-0.14612836124480566
fg:21524,wRC+ + B2V + age + PA Ridge,100.97917073348061,100.84318937897197,-0.1359813545086439
fg:21534,B2V + age + PA Ridge,102.55454185614735,102.2076766956574,-0.34686516048995486
fg:21534,B2V Ridge,98.47357757646044,98.05083693732426,-0.42274063913617965
fg:21534,wRC+ + B2V + age + PA Ridge,101.90737488555266,101.5134253307092,-0.3939495548434593
fg:21538,B2V + age + PA Ridge,73.79946553153323,74.05017148504724,0.25070595351401437
fg:21538,B2V Ridge,72.72213964969609,72.9873725658704,0.26523291617431255
fg:21538,wRC+ + B2V + age + PA Ridge,75.05185328736461,75.34631564175622,0.2944623543916123
fg:21558,B2V + age + PA Ridge,108.88769960228485,109.00165353545734,0.11395393317248192
fg:21558,B2V Ridge,107.71640175771634,107.87557196643904,0.15917020872269916
fg:21558,wRC+ + B2V + age + PA Ridge,109.56310141525908,109.69207071734829,0.1289693020892031
fg:21562,B2V + age + PA Ridge,95.45581953589817,95.28443322436688,-0.17138631153129325
fg:21562,B2V Ridge,98.86885878245354,98.70764996997455,-0.16120881247898922
fg:21562,wRC+ + B2V + age + PA Ridge,96.02551395397919,95.8327372531795,-0.19277670079968345
fg:21614,B2V + age + PA Ridge,93.38046441549379,93.65040136063939,0.2699369451456022
fg:21614,B2V Ridge,93.29069521283138,93.66300748244184,0.37231226961046104
fg:21614,wRC+ + B2V + age + PA Ridge,94.4491728551359,94.75418225183492,0.3050093966990204
fg:21618,B2V + age + PA Ridge,107.8667517729348,107.83483420216304,-0.0319175707717676
fg:21618,B2V Ridge,105.51652160831891,105.46184410946681,-0.054677498852100825
fg:21618,wRC+ + B2V + age + PA Ridge,108.67843739145951,108.65112356541506,-0.02731382604444832
fg:21622,B2V + age + PA Ridge,91.04775138124383,91.49128392984541,0.4435325486015813
fg:21622,B2V Ridge,89.85043999374183,90.41500960685136,0.5645696131095264
fg:21622,wRC+ + B2V + age + PA Ridge,89.55536573436436,90.06576768162614,0.5104019472617836
fg:21636,B2V + age + PA Ridge,94.8195558261567,94.95488815577623,0.1353323296195299
fg:21636,B2V Ridge,91.26769477325807,91.47203718469355,0.20434241143547638
fg:21636,wRC+ + B2V + age + PA Ridge,94.44169768732523,94.60238469312509,0.16068700579985773
fg:21693,B2V + age + PA Ridge,88.81947764215812,88.84718449609167,0.027706853933551656
fg:21693,B2V Ridge,85.35821946277974,85.37902456490701,0.020805102127269492
fg:21693,wRC+ + B2V + age + PA Ridge,89.24037367440644,89.27911169823095,0.038738023824507195
fg:21707,B2V + age + PA Ridge,90.27944993480438,90.4561601195458,0.17671018474142386
fg:21707,B2V Ridge,88.1510606493431,88.3643263123087,0.2132656629656111
fg:21707,wRC+ + B2V + age + PA Ridge,90.41400399433964,90.6198162277935,0.20581223345386945
fg:21711,B2V + age + PA Ridge,125.10816655644338,124.84322582783722,-0.26494072860616313
fg:21711,B2V Ridge,123.69402784946627,123.46560030561166,-0.2284275438546075
fg:21711,wRC+ + B2V + age + PA Ridge,127.3256692577642,127.01389065969269,-0.31177859807151265
fg:21716,B2V + age + PA Ridge,96.23863175971282,96.22882577257003,-0.009805987142783579
fg:21716,B2V Ridge,96.2130187954375,96.19837184108259,-0.01464695435491592
fg:21716,wRC+ + B2V + age + PA Ridge,98.25878669000224,98.2465921759247,-0.012194514077535246
fg:21837,B2V + age + PA Ridge,106.8979957412092,106.7423179350962,-0.15567780611300464
fg:21837,B2V Ridge,109.66814809598742,109.49887995876071,-0.16926813722670886
fg:21837,wRC+ + B2V + age + PA Ridge,107.69101166946886,107.51461767043335,-0.17639399903551123
fg:21840,B2V + age + PA Ridge,81.89992076427859,82.06499891807213,0.1650781537935444
fg:21840,B2V Ridge,82.37991223653334,82.57037713787817,0.19046490134482497
fg:21840,wRC+ + B2V + age + PA Ridge,81.35040386099507,81.54540906657198,0.19500520557690493
fg:21853,B2V + age + PA Ridge,90.96799738308749,90.7615972667425,-0.20640011634499444
fg:21853,B2V Ridge,86.47127727489959,86.21520877219328,-0.256068502706313
fg:21853,wRC+ + B2V + age + PA Ridge,90.95753012215393,90.71456746202739,-0.2429626601265369
fg:21865,B2V + age + PA Ridge,85.32146268205896,85.28364561379168,-0.03781706826728737
fg:21865,B2V Ridge,79.57853629160641,79.52273874545114,-0.05579754615527577
fg:21865,wRC+ + B2V + age + PA Ridge,85.48756241680145,85.44282836721925,-0.044734049582203284
fg:21897,B2V + age + PA Ridge,99.60266053308277,99.48465538696456,-0.11800514611820745
fg:21897,B2V Ridge,91.1777851163462,91.00893680173198,-0.16884831461422323
fg:21897,wRC+ + B2V + age + PA Ridge,99.72705287833486,99.59004247487466,-0.1370104034601951
fg:22054,B2V + age + PA Ridge,91.35374080945465,91.3457237586535,-0.008017050801143455
fg:22054,B2V Ridge,95.73702244530087,95.75741109932162,0.020388654020749186
fg:22054,wRC+ + B2V + age + PA Ridge,90.19771937537824,90.1884686867414,-0.009250688636839755
fg:22184,B2V + age + PA Ridge,111.80783831492958,111.34277140085709,-0.46506691407249434
fg:22184,B2V Ridge,108.16975561370106,107.62179123097899,-0.5479643827220713
fg:22184,wRC+ + B2V + age + PA Ridge,110.74964839624599,110.22457066121926,-0.525077735026727
fg:22186,B2V + age + PA Ridge,99.6818238257572,100.22729346932637,0.545469643569163
fg:22186,B2V Ridge,95.84632105905315,96.55369699335407,0.707375934300913
fg:22186,wRC+ + B2V + age + PA Ridge,100.47603354700873,101.09481821590981,0.6187846689010854
fg:22244,B2V + age + PA Ridge,96.12320548788365,96.13760794763478,0.014402459751124752
fg:22244,B2V Ridge,95.1414404521834,95.16822695857334,0.02678650638993929
fg:22244,wRC+ + B2V + age + PA Ridge,98.46447278832157,98.47377349052205,0.009300702200476962
fg:22263,B2V + age + PA Ridge,94.12675733673991,93.87041639989593,-0.2563409368439835
fg:22263,B2V Ridge,88.58422294090035,88.29175355893022,-0.29246938197012184
fg:22263,wRC+ + B2V + age + PA Ridge,93.68123100588495,93.38514044971829,-0.2960905561666607
fg:22266,B2V + age + PA Ridge,96.88187589784185,97.47771915771321,0.5958432598713586
fg:22266,B2V Ridge,96.79953580323027,97.54767888881288,0.7481430855826119
fg:22266,wRC+ + B2V + age + PA Ridge,94.0385763973172,94.71882378340165,0.6802473860844458
fg:22275,B2V + age + PA Ridge,106.69940835359725,106.33482114378616,-0.3645872098110914
fg:22275,B2V Ridge,104.46244944842708,104.04905021564065,-0.413399232786432
fg:22275,wRC+ + B2V + age + PA Ridge,107.215710450481,106.80541103721,-0.41029941327099095
fg:22277,B2V + age + PA Ridge,69.93388773065374,70.17202149846895,0.23813376781521356
fg:22277,B2V Ridge,69.38179038404772,69.63566333764189,0.2538729535941684
fg:22277,wRC+ + B2V + age + PA Ridge,72.12452439873528,72.39774395426195,0.27321955552667987
fg:22458,B2V + age + PA Ridge,74.38153879647064,74.81524670485753,0.4337079083868929
fg:22458,B2V Ridge,74.05611023515722,74.56745255980721,0.5113423246499877
fg:22458,wRC+ + B2V + age + PA Ridge,74.15443806826076,74.64120436539801,0.48676629713725106
fg:22514,B2V + age + PA Ridge,107.29321486234443,106.98685104547052,-0.3063638168739118
fg:22514,B2V Ridge,104.73322089189233,104.35358426602856,-0.37963662586376756
fg:22514,wRC+ + B2V + age + PA Ridge,106.47556876383757,106.12532479438626,-0.35024396945131286
fg:22515,B2V + age + PA Ridge,112.24427061908743,111.98619481572173,-0.25807580336569913
fg:22515,B2V Ridge,108.44515613500631,108.15920300901718,-0.28595312598913836
fg:22515,wRC+ + B2V + age + PA Ridge,112.06374218394356,111.77257661390303,-0.29116557004053334
fg:22532,B2V + age + PA Ridge,94.03942862572299,94.28409872470021,0.24467009897722392
fg:22532,B2V Ridge,90.95553005106515,91.24324164541733,0.2877115943521744
fg:22532,wRC+ + B2V + age + PA Ridge,94.59678496037503,94.87753980714386,0.2807548467688292
fg:22542,B2V + age + PA Ridge,118.22301653753571,118.12244254405215,-0.10057399348356455
fg:22542,B2V Ridge,116.48000674772555,116.42695759583127,-0.053049151894285274
fg:22542,wRC+ + B2V + age + PA Ridge,118.11227726150571,117.99520137161738,-0.1170758898883264
fg:22563,B2V + age + PA Ridge,79.17066172236278,78.98941260278113,-0.18124911958165058
fg:22563,B2V Ridge,77.25023241955613,77.06054787299169,-0.18968454656443612
fg:22563,wRC+ + B2V + age + PA Ridge,79.21105055919486,79.00610965881378,-0.20494090038107515
fg:22581,B2V + age + PA Ridge,96.22449176665465,96.25844165443063,0.033949887775975185
fg:22581,B2V Ridge,93.24814334112068,93.23187981638739,-0.01626352473329007
fg:22581,wRC+ + B2V + age + PA Ridge,97.39823373385899,97.44365574895133,0.045422015092341894
fg:22664,B2V + age + PA Ridge,107.25070879015624,107.42627413888444,0.17556534872819896
fg:22664,B2V Ridge,104.19623788477753,104.3832259378641,0.18698805308656574
fg:22664,wRC+ + B2V + age + PA Ridge,107.80352289667745,108.00300857984877,0.19948568317131787
fg:22715,B2V + age + PA Ridge,107.94245142784385,108.42077030419706,0.4783188763532138
fg:22715,B2V Ridge,103.81083569533583,104.4563766234626,0.6455409281267777
fg:22715,wRC+ + B2V + age + PA Ridge,110.85936882276322,111.394654284918,0.5352854621547891
fg:22799,B2V + age + PA Ridge,101.80620393945838,102.26985701023098,0.4636530707725939
fg:22799,B2V Ridge,99.92402294139202,100.48472608965868,0.5607031482666542
fg:22799,wRC+ + B2V + age + PA Ridge,101.88110036905155,102.40770126023094,0.5266008911793847
fg:22857,B2V + age + PA Ridge,93.86565354818362,94.0413520715322,0.17569852334858638
fg:22857,B2V Ridge,90.26270007951632,90.47599278025831,0.21329270074198803
fg:22857,wRC+ + B2V + age + PA Ridge,93.58627166366801,93.78933589765985,0.2030642339918387
fg:22896,B2V + age + PA Ridge,92.06275279090062,92.07530641080182,0.012553619901197521
fg:22896,B2V Ridge,88.71433718783467,88.74021317572819,0.025875987893513752
fg:22896,wRC+ + B2V + age + PA Ridge,93.11024071540791,93.13418870720558,0.023947991797669488
fg:23003,B2V + age + PA Ridge,101.43555303547552,101.2568191705439,-0.17873386493161547
fg:23003,B2V Ridge,96.99120615510822,96.7871230173837,-0.2040831377245098
fg:23003,wRC+ + B2V + age + PA Ridge,100.93964627010729,100.7524721497399,-0.1871741203673878
fg:23401,B2V + age + PA Ridge,74.47400503134774,74.68641238029653,0.212407348948787
fg:23401,B2V Ridge,71.67698627284709,71.94688293333623,0.2698966604891382
fg:23401,wRC+ + B2V + age + PA Ridge,72.79515297276168,73.03916948009939,0.24401650733770452
fg:23565,B2V + age + PA Ridge,93.58689491830403,93.59742814967201,0.010533231367986673
fg:23565,B2V Ridge,87.96225527681366,87.96455169687334,0.002296420059678894
fg:23565,wRC+ + B2V + age + PA Ridge,93.64611895083345,93.65128594496292,0.005166994129467639
fg:23690,B2V + age + PA Ridge,82.59901746444855,82.8301805141256,0.23116304967705048
fg:23690,B2V Ridge,74.33575851969448,74.56953770863,0.23377918893551453
fg:23690,wRC+ + B2V + age + PA Ridge,81.55499512150435,81.82097236962368,0.2659772481193272
fg:23691,B2V + age + PA Ridge,95.0641031457117,95.06184717804415,-0.0022559676675513174
fg:23691,B2V Ridge,94.06606245166651,94.08953560903277,0.023473157366254327
fg:23691,wRC+ + B2V + age + PA Ridge,96.39933569664424,96.39947838867786,0.000142692033620051
fg:23697,B2V + age + PA Ridge,105.29014419009354,105.16938566445724,-0.12075852563630463
fg:23697,B2V Ridge,99.82867708228586,99.73304606895238,-0.09563101333348811
fg:23697,wRC+ + B2V + age + PA Ridge,104.67963828740662,104.54631349525509,-0.1333247921515266
fg:23733,B2V + age + PA Ridge,76.63804482860081,76.69200804200445,0.05396321340363386
fg:23733,B2V Ridge,73.57682685729478,73.63507381738555,0.05824696009077002
fg:23733,wRC+ + B2V + age + PA Ridge,76.21461067877482,76.28388886704656,0.06927818827173837
fg:23772,B2V + age + PA Ridge,107.17890136909386,106.99749224394026,-0.18140912515360696
fg:23772,B2V Ridge,104.34329433657207,104.15078836565385,-0.1925059709182193
fg:23772,wRC+ + B2V + age + PA Ridge,107.07652078039115,106.86871365352737,-0.20780712686378422
fg:23789,B2V + age + PA Ridge,84.26346932305286,84.32416483023039,0.060695507177527475
fg:23789,B2V Ridge,82.92697682523321,82.99801395720644,0.07103713197322747
fg:23789,wRC+ + B2V + age + PA Ridge,83.31303591208341,83.38469787877538,0.07166196669197689
fg:23792,B2V + age + PA Ridge,100.82406538446028,100.83892408245484,0.01485869799455486
fg:23792,B2V Ridge,102.54168754415399,102.59985083237905,0.05816328822506023
fg:23792,wRC+ + B2V + age + PA Ridge,104.42262228974703,104.434721173347,0.012098883599975352
fg:23800,B2V + age + PA Ridge,93.37556357331172,93.48896887253805,0.11340529922632925
fg:23800,B2V Ridge,91.79768760368317,91.95167967159429,0.15399206791111908
fg:23800,wRC+ + B2V + age + PA Ridge,91.90309882322693,92.03182449430517,0.12872567107824295
fg:2396,B2V + age + PA Ridge,98.91210555307411,98.91923639237805,0.007130839303940206
fg:2396,B2V Ridge,105.01013941156717,104.99303991507264,-0.01709949649452369
fg:2396,wRC+ + B2V + age + PA Ridge,99.1323691549579,99.13966556331012,0.007296408352218009
fg:23986,B2V + age + PA Ridge,83.92283564395954,84.01271961836747,0.0898839744079254
fg:23986,B2V Ridge,83.37636472382101,83.49686472719642,0.12050000337541178
fg:23986,wRC+ + B2V + age + PA Ridge,85.19574787082712,85.30243794288322,0.1066900720560966
fg:24064,B2V + age + PA Ridge,88.41919922809053,88.14660222076309,-0.2725970073274482
fg:24064,B2V Ridge,78.64541139696755,78.34217302931934,-0.30323836764820555
fg:24064,wRC+ + B2V + age + PA Ridge,87.49653694802797,87.19612078151141,-0.30041616651655545
fg:24257,B2V + age + PA Ridge,98.0820808013229,97.70888508949052,-0.37319571183238054
fg:24257,B2V Ridge,96.04362553821552,95.62936301772093,-0.41426252049458867
fg:24257,wRC+ + B2V + age + PA Ridge,96.60727437189878,96.18594374183158,-0.42133063006720306
fg:24262,B2V + age + PA Ridge,78.71841582189283,78.6371809972577,-0.08123482463513199
fg:24262,B2V Ridge,71.12886155508477,71.06004086490115,-0.06882069018361392
fg:24262,wRC+ + B2V + age + PA Ridge,77.38385361346168,77.30089305851955,-0.08296055494213306
fg:24336,B2V + age + PA Ridge,81.30930059195582,81.66729923344033,0.35799864148451377
fg:24336,B2V Ridge,78.28970824908504,78.76008931480332,0.47038106571828564
fg:24336,wRC+ + B2V + age + PA Ridge,81.99428254901801,82.40221948700828,0.40793693799027153
fg:24488,B2V + age + PA Ridge,88.12151407586191,88.39152976133573,0.2700156854738225
fg:24488,B2V Ridge,84.62627480868058,84.93985694690305,0.31358213822247194
fg:24488,wRC+ + B2V + age + PA Ridge,87.38301059442082,87.68615457950682,0.3031439850859954
fg:24598,B2V + age + PA Ridge,90.75899552835321,90.72857556654753,-0.030419961805677076
fg:24598,B2V Ridge,89.65274969139776,89.62703756633722,-0.02571212506053655
fg:24598,wRC+ + B2V + age + PA Ridge,92.3755438843279,92.33999672206065,-0.03554716226724963
fg:24610,B2V + age + PA Ridge,109.08206542070714,109.5814573786198,0.499391957912664
fg:24610,B2V Ridge,106.95545535655165,107.52462524397761,0.5691698874259572
fg:24610,wRC+ + B2V + age + PA Ridge,108.07949372606325,108.65159868139648,0.5721049553332307
fg:24617,B2V + age + PA Ridge,117.61785966553822,117.70219719195089,0.08433752641266778
fg:24617,B2V Ridge,116.70098595078261,116.8873643758938,0.18637842511118663
fg:24617,wRC+ + B2V + age + PA Ridge,117.74960340121228,117.84283329850552,0.09322989729324149
fg:24618,B2V + age + PA Ridge,99.23416089765584,99.13968565118273,-0.09447524647310956
fg:24618,B2V Ridge,96.9782638540205,96.86969685072376,-0.1085670032967414
fg:24618,wRC+ + B2V + age + PA Ridge,98.81639542656204,98.71304030401853,-0.10335512254350476
fg:24679,B2V + age + PA Ridge,107.74885426642987,107.89797229401202,0.14911802758214776
fg:24679,B2V Ridge,103.06409691010263,103.20566543517758,0.14156852507494477
fg:24679,wRC+ + B2V + age + PA Ridge,107.73714232958423,107.9151004557292,0.17795812614497208
fg:24703,B2V + age + PA Ridge,99.40317942287821,99.4941740319608,0.0909946090825855
fg:24703,B2V Ridge,101.22841813039022,101.30109037996952,0.07267224957929841
fg:24703,wRC+ + B2V + age + PA Ridge,98.0441956768752,98.15178289309262,0.10758721621741074
fg:24729,B2V + age + PA Ridge,97.11648651068836,96.81681241529033,-0.29967409539803214
fg:24729,B2V Ridge,90.12581476707113,89.75780959341634,-0.3680051736547938
fg:24729,wRC+ + B2V + age + PA Ridge,96.43500823815445,96.09952040044303,-0.3354878377114261
fg:24770,B2V + age + PA Ridge,77.74264732109309,77.7218445855286,-0.020802735564487307
fg:24770,B2V Ridge,77.40724552823515,77.36957814705065,-0.03766738118450519
fg:24770,wRC+ + B2V + age + PA Ridge,78.85830789140756,78.82872580554744,-0.02958208586012745
fg:24816,B2V + age + PA Ridge,99.18710985539198,99.10697693234255,-0.0801329230494332
fg:24816,B2V Ridge,94.38901361629902,94.29499202919975,-0.09402158709927733
fg:24816,wRC+ + B2V + age + PA Ridge,99.270506824026,99.18424398982782,-0.08626283419818037
fg:24934,B2V + age + PA Ridge,98.91551595612559,98.9342408612,0.01872490507440716
fg:24934,B2V Ridge,99.55032690872311,99.56675283242306,0.016425923699955547
fg:24934,wRC+ + B2V + age + PA Ridge,96.84296450693147,96.86898745145454,0.02602294452307774
fg:25180,B2V + age + PA Ridge,84.74148073844849,84.74373133928836,0.0022506008398721633
fg:25180,B2V Ridge,84.14067984508435,84.12639683927651,-0.014283005807840254
fg:25180,wRC+ + B2V + age + PA Ridge,83.57543318823072,83.5776706328397,0.0022374446089798994
fg:25479,B2V + age + PA Ridge,103.0203189708706,103.0524057597762,0.03208678890560179
fg:25479,B2V Ridge,99.85666137734748,99.95339217148528,0.09673079413779817
fg:25479,wRC+ + B2V + age + PA Ridge,103.827697016181,103.86054430845368,0.032847292272677464
fg:25493,B2V + age + PA Ridge,103.60252560264792,103.77145441940527,0.16892881675735794
fg:25493,B2V Ridge,99.87743631051103,100.06081104228481,0.18337473177378172
fg:25493,wRC+ + B2V + age + PA Ridge,103.81450458269506,104.00583791651361,0.1913333338185481
fg:25764,B2V + age + PA Ridge,137.61896384167278,137.49292742980435,-0.1260364118684265
fg:25764,B2V Ridge,135.093333693641,135.02606311511175,-0.06727057852924645
fg:25764,wRC+ + B2V + age + PA Ridge,137.6035779398485,137.46395980814373,-0.1396181317047649
fg:25768,B2V + age + PA Ridge,105.06276026761658,105.0748042478174,0.012043980200814985
fg:25768,B2V Ridge,99.18075323594809,99.23437911622669,0.05362588027860227
fg:25768,wRC+ + B2V + age + PA Ridge,104.52954718765294,104.54693985894838,0.017392671295439754
fg:25782,B2V + age + PA Ridge,86.95544171982077,86.94119196837622,-0.014249751444552317
fg:25782,B2V Ridge,87.02216012726586,87.02054427749734,-0.0016158497685268003
fg:25782,wRC+ + B2V + age + PA Ridge,87.19792870748167,87.18448979961342,-0.013438907868248862
fg:25807,B2V + age + PA Ridge,86.49781192618283,86.63837134658947,0.14055942040663183
fg:25807,B2V Ridge,82.02413144005963,82.1782771437736,0.15414570371396508
fg:25807,wRC+ + B2V + age + PA Ridge,86.82429367857559,86.98241628098725,0.15812260241166598
fg:25816,B2V + age + PA Ridge,108.462533553207,108.12465079265581,-0.3378827605511816
fg:25816,B2V Ridge,105.20234879109631,104.80104560801306,-0.4013031830832574
fg:25816,wRC+ + B2V + age + PA Ridge,108.68243017735199,108.29975898324446,-0.38267119410753025
fg:25845,B2V + age + PA Ridge,117.83594158267555,117.57958583601118,-0.25635574666436867
fg:25845,B2V Ridge,116.21925761272014,115.95725287787923,-0.26200473484091447
fg:25845,wRC+ + B2V + age + PA Ridge,119.74379642106766,119.44037629664153,-0.3034201244261254
fg:25878,B2V + age + PA Ridge,121.07869299491631,121.39571421217742,0.31702121726111443
fg:25878,B2V Ridge,116.83678582260868,117.30090032285655,0.4641145002478737
fg:25878,wRC+ + B2V + age + PA Ridge,122.44583251853896,122.79412065776165,0.34828813922268864
fg:25931,B2V + age + PA Ridge,104.46095495687342,104.2865850944273,-0.1743698624461274
fg:25931,B2V Ridge,100.01307046367484,99.83840711558368,-0.17466334809115835
fg:25931,wRC+ + B2V + age + PA Ridge,105.62223553432646,105.43047293156988,-0.19176260275658308
fg:25961,B2V + age + PA Ridge,110.14988382651977,109.78383172178799,-0.3660521047317786
fg:25961,B2V Ridge,111.63446190357328,111.21650464643285,-0.4179572571404293
fg:25961,wRC+ + B2V + age + PA Ridge,107.61821719495387,107.20921149785772,-0.4090056970961484
fg:25976,B2V + age + PA Ridge,122.68077469359996,122.48163495996407,-0.19913973363588866
fg:25976,B2V Ridge,117.34513088982855,117.11897579052473,-0.22615509930382416
fg:25976,wRC+ + B2V + age + PA Ridge,122.38315096434934,122.15464460607917,-0.22850635827016674
fg:26121,B2V + age + PA Ridge,98.378514016133,98.21926968772782,-0.15924432840517966
fg:26121,B2V Ridge,93.1350912957748,92.92585516457187,-0.20923613120292828
fg:26121,wRC+ + B2V + age + PA Ridge,98.08638556888633,97.90711660281474,-0.17926896607158938
fg:26123,B2V + age + PA Ridge,84.62202938080007,84.67637199921869,0.054342618418615984
fg:26123,B2V Ridge,83.60230737913463,83.6614816213716,0.05917424223697765
fg:26123,wRC+ + B2V + age + PA Ridge,84.49285016698084,84.55646068036728,0.0636105133864362
fg:26151,B2V + age + PA Ridge,83.69208021570303,83.5192992335119,-0.17278098219112792
fg:26151,B2V Ridge,82.78650242982516,82.593240852611,-0.19326157721415882
fg:26151,wRC+ + B2V + age + PA Ridge,84.36833946922651,84.17039835325075,-0.19794111597576602
fg:26197,B2V + age + PA Ridge,104.62992344956054,104.51504181257455,-0.11488163698598441
fg:26197,B2V Ridge,99.16740432099388,99.02461783159445,-0.14278648939942684
fg:26197,wRC+ + B2V + age + PA Ridge,105.15215587293424,105.02763730736376,-0.12451856557048302
fg:26208,B2V + age + PA Ridge,95.0484206319039,95.07498765959824,0.02656702769434105
fg:26208,B2V Ridge,95.30279664924528,95.37509191967457,0.07229527042929362
fg:26208,wRC+ + B2V + age + PA Ridge,92.03673599703092,92.06802513196422,0.031289134933302876
fg:26224,B2V + age + PA Ridge,81.13962181834566,81.34558691544868,0.20596509710301802
fg:26224,B2V Ridge,77.96123195878499,78.1811350144889,0.21990305570390944
fg:26224,wRC+ + B2V + age + PA Ridge,82.87240507145319,83.10694563116961,0.23454055971642163
fg:26288,B2V + age + PA Ridge,102.48935474088123,102.59672404011869,0.10736929923746175
fg:26288,B2V Ridge,96.3466227629317,96.43808465537847,0.09146189244677316
fg:26288,wRC+ + B2V + age + PA Ridge,102.58518390357348,102.71332278413055,0.12813888055707423
fg:26289,B2V + age + PA Ridge,140.31330035661557,140.20138728060897,-0.11191307600660139
fg:26289,B2V Ridge,135.23192845125394,135.16541170055518,-0.06651675069875296
fg:26289,wRC+ + B2V + age + PA Ridge,140.50850820431688,140.37614645302023,-0.1323617512966564
fg:26294,B2V + age + PA Ridge,100.73999645921285,101.17648101785959,0.43648455864673963
fg:26294,B2V Ridge,98.75973272006702,99.31703813996468,0.5573054198976592
fg:26294,wRC+ + B2V + age + PA Ridge,101.86014145581836,102.35364475858431,0.49350330276594434
fg:26299,B2V + age + PA Ridge,87.37446333922446,87.33732855611338,-0.03713478311108531
fg:26299,B2V Ridge,88.12899463533452,88.1099793944796,-0.019015240854926674
fg:26299,wRC+ + B2V + age + PA Ridge,86.02944892447138,85.99215056815308,-0.037298356318302694
fg:26319,B2V + age + PA Ridge,105.62234612573026,105.51405606223827,-0.10829006349199233
fg:26319,B2V Ridge,101.24994050690228,101.10435723331177,-0.14558327359050338
fg:26319,wRC+ + B2V + age + PA Ridge,104.47601638286157,104.35244276372221,-0.12357361913936415
fg:26323,B2V + age + PA Ridge,107.33129222147244,107.56532308363361,0.23403086216117686
fg:26323,B2V Ridge,103.52332229175835,103.83384994175397,0.31052764999562044
fg:26323,wRC+ + B2V + age + PA Ridge,107.71916115273814,107.97903791054796,0.25987675780982045
fg:26368,B2V + age + PA Ridge,107.25800724882777,107.1856473836921,-0.07235986513566672
fg:26368,B2V Ridge,101.46173133571628,101.33620849629754,-0.12552283941873554
fg:26368,wRC+ + B2V + age + PA Ridge,106.1051062133532,106.02627202371428,-0.07883418963891131
fg:26396,B2V + age + PA Ridge,95.7357019130885,95.87784894378402,0.1421470306955115
fg:26396,B2V Ridge,91.08073437420673,91.23302656320706,0.1522921890003346
fg:26396,wRC+ + B2V + age + PA Ridge,94.14627373485831,94.31422606365719,0.16795232879887578
fg:26438,B2V + age + PA Ridge,89.43466475658282,89.25273618032136,-0.18192857626145553
fg:26438,B2V Ridge,90.39023394445996,90.18526037686046,-0.20497356759950947
fg:26438,wRC+ + B2V + age + PA Ridge,89.53802929574785,89.32964298147982,-0.20838631426802579
fg:26466,B2V + age + PA Ridge,112.25235168329503,111.82208827380454,-0.43026340949049313
fg:26466,B2V Ridge,114.21893142662398,113.7466838237269,-0.47224760289708456
fg:26466,wRC+ + B2V + age + PA Ridge,109.78137808351929,109.28958278690077,-0.49179529661851973
fg:26467,B2V + age + PA Ridge,88.71238655068117,88.76479486327814,0.052408312596966766
fg:26467,B2V Ridge,86.19639905234294,86.26675506193908,0.0703560095961393
fg:26467,wRC+ + B2V + age + PA Ridge,91.03889684656168,91.10532743666256,0.06643059010087882
fg:26477,B2V + age + PA Ridge,102.39154105907286,102.43130333715087,0.039762278078001145
fg:26477,B2V Ridge,101.05754739247665,101.07387094841441,0.016323555937759693
fg:26477,wRC+ + B2V + age + PA Ridge,100.95255859470987,101.00417364443327,0.051615049723395146
fg:26517,B2V + age + PA Ridge,80.19005862724411,80.20597300188872,0.015914374644609097
fg:26517,B2V Ridge,76.1798343707091,76.2195578543634,0.03972348365429923
fg:26517,wRC+ + B2V + age + PA Ridge,81.65658763709791,81.6752770153409,0.018689378242982002
fg:26540,B2V + age + PA Ridge,86.97991989008356,87.2015091582072,0.22158926812363688
fg:26540,B2V Ridge,83.46647191519622,83.72431543541356,0.25784352021733525
fg:26540,wRC+ + B2V + age + PA Ridge,86.71110991753261,86.96705865722988,0.25594873969727416
fg:26668,B2V + age + PA Ridge,121.8313793018057,121.80152294150525,-0.029856360300442475
fg:26668,B2V Ridge,115.02317985893245,115.07626831546858,0.05308845653613048
fg:26668,wRC+ + B2V + age + PA Ridge,122.29513038768276,122.2487417266793,-0.04638866100346206
fg:27462,B2V + age + PA Ridge,92.7059398226451,93.008013205192,0.30207338254689375
fg:27462,B2V Ridge,91.34634903098346,91.70373406228667,0.35738503130320964
fg:27462,wRC+ + B2V + age + PA Ridge,92.39119175609581,92.73728930650138,0.3460975504055739
fg:27465,B2V + age + PA Ridge,92.27081800094209,92.25297301298052,-0.01784498796156697
fg:27465,B2V Ridge,87.58648989434188,87.53881674266427,-0.0476731516776141
fg:27465,wRC+ + B2V + age + PA Ridge,91.69936810420948,91.68011790327832,-0.019250200931168138
fg:27467,B2V + age + PA Ridge,106.53393323829026,106.25761332661943,-0.27631991167082504
fg:27467,B2V Ridge,104.19202664165847,103.863211172473,-0.32881546918547144
fg:27467,wRC+ + B2V + age + PA Ridge,106.33687982755575,106.02353759508621,-0.3133422324695374
fg:27475,B2V + age + PA Ridge,95.83296937265513,95.66126644870782,-0.1717029239473078
fg:27475,B2V Ridge,92.81448723679759,92.63458109746429,-0.1799061393332977
fg:27475,wRC+ + B2V + age + PA Ridge,97.41217317416564,97.21380328350074,-0.19836989066490673
fg:27478,B2V + age + PA Ridge,88.72597505504525,88.8350489030867,0.10907384804144726
fg:27478,B2V Ridge,84.63131517253252,84.752418323833,0.12110315130047411
fg:27478,wRC+ + B2V + age + PA Ridge,89.89900337179408,90.02282927549608,0.12382590370199864
fg:27479,B2V + age + PA Ridge,103.5803027322856,103.76163672253678,0.1813339902511757
fg:27479,B2V Ridge,94.95103928896202,95.17248734308903,0.2214480541270092
fg:27479,wRC+ + B2V + age + PA Ridge,103.37332146059332,103.58557168223147,0.21225022163815765
fg:27490,B2V + age + PA Ridge,90.05894925863443,90.09010587108517,0.031156612450743637
fg:27490,B2V Ridge,87.36000211226786,87.4130555076903,0.05305339542243814
fg:27490,wRC+ + B2V + age + PA Ridge,89.873463550961,89.91751736808754,0.044053817126538775
fg:27506,B2V + age + PA Ridge,103.99623008670638,104.37031221786417,0.37408213115779176
fg:27506,B2V Ridge,104.29536359049143,104.73733943883758,0.44197584834614645
fg:27506,wRC+ + B2V + age + PA Ridge,104.61427670214864,105.03421130764013,0.4199346054914912
fg:27531,B2V + age + PA Ridge,92.54889993348482,92.83915130812515,0.29025137464033435
fg:27531,B2V Ridge,93.9181965648012,94.32237292686123,0.4041763620600278
fg:27531,wRC+ + B2V + age + PA Ridge,92.35520208744,92.68111235958646,0.3259102721464586
fg:27534,B2V + age + PA Ridge,93.40002684881858,93.43614331570213,0.03611646688354142
fg:27534,B2V Ridge,90.12167183849091,90.15670396069622,0.03503212220530827
fg:27534,wRC+ + B2V + age + PA Ridge,93.67539195240151,93.70891179086017,0.033519838458659024
fg:27562,B2V + age + PA Ridge,96.04149295599404,96.01264705019834,-0.028845905795705562
fg:27562,B2V Ridge,91.71716898170023,91.65617541208681,-0.06099356961341584
fg:27562,wRC+ + B2V + age + PA Ridge,95.33775631934718,95.30662097155705,-0.03113534779012639
fg:27577,B2V + age + PA Ridge,91.88435512674405,91.76945211294301,-0.11490301380104029
fg:27577,B2V Ridge,93.27971510756517,93.16592467525045,-0.11379043231471542
fg:27577,wRC+ + B2V + age + PA Ridge,91.05065111085848,90.92657296289278,-0.12407814796570449
fg:27615,B2V + age + PA Ridge,105.99743932280781,105.94731429078753,-0.05012503202027574
fg:27615,B2V Ridge,101.72402319663503,101.6617614117659,-0.06226178486913625
fg:27615,wRC+ + B2V + age + PA Ridge,106.4585420295134,106.4124644198928,-0.04607760962059615
fg:27630,B2V + age + PA Ridge,80.71654890007159,81.14297327875093,0.4264243786793429
fg:27630,B2V Ridge,79.84724392899142,80.3159604680842,0.46871653909278166
fg:27630,wRC+ + B2V + age + PA Ridge,82.53820209463963,83.02122511876547,0.48302302412584197
fg:27647,B2V + age + PA Ridge,94.13502835062195,94.38914154962873,0.2541131990067811
fg:27647,B2V Ridge,85.47088721893124,85.80185393605731,0.3309667171260742
fg:27647,wRC+ + B2V + age + PA Ridge,94.02166832909276,94.31133201712414,0.2896636880313821
fg:27676,B2V + age + PA Ridge,113.8261335075954,113.77940765325309,-0.0467258543423128
fg:27676,B2V Ridge,111.79836790639811,111.73784320530623,-0.060524701091878796
fg:27676,wRC+ + B2V + age + PA Ridge,115.40263648814135,115.35559129487976,-0.04704519326159584
fg:27684,B2V + age + PA Ridge,98.37069513409973,98.37275362094782,0.0020584868480852947
fg:27684,B2V Ridge,98.40142936815262,98.43510003834095,0.0336706701883287
fg:27684,wRC+ + B2V + age + PA Ridge,98.8332438587849,98.84342911035817,0.010185251573275877
fg:27769,B2V + age + PA Ridge,84.72256277733395,84.8393488455535,0.11678606821955384
fg:27769,B2V Ridge,79.73340530106763,79.94390357706023,0.21049827599259174
fg:27769,wRC+ + B2V + age + PA Ridge,84.11519261482135,84.249214345199,0.13402173037763987
fg:27790,B2V + age + PA Ridge,94.36856960985463,94.543605137921,0.175035528066374
fg:27790,B2V Ridge,91.4308247565889,91.64839253673281,0.21756778014390932
fg:27790,wRC+ + B2V + age + PA Ridge,94.89415692084275,95.08798373538028,0.19382681453753037
fg:27815,B2V + age + PA Ridge,109.23273186306531,109.04981188410743,-0.1829199789578837
fg:27815,B2V Ridge,107.10748742315704,106.92478436955949,-0.18270305359754957
fg:27815,wRC+ + B2V + age + PA Ridge,108.77891613710025,108.5756718426239,-0.20324429447634884
fg:27899,B2V + age + PA Ridge,98.09202447698813,98.2333599282186,0.14133545123047497
fg:27899,B2V Ridge,90.87834477757882,91.04813527509877,0.1697904975199549
fg:27899,wRC+ + B2V + age + PA Ridge,97.9568995554759,98.12303146687722,0.16613191140132244
fg:28163,B2V + age + PA Ridge,102.57898001417392,102.41076420230276,-0.16821581187116408
fg:28163,B2V Ridge,99.6538805143307,99.48222023601546,-0.17166027831522968
fg:28163,wRC+ + B2V + age + PA Ridge,102.65370753153759,102.46340743317165,-0.1903000983659382
fg:28806,B2V + age + PA Ridge,114.24875584549444,114.22434872756097,-0.024407117933478162
fg:28806,B2V Ridge,106.18763841316836,106.202781668308,0.015143255139648204
fg:28806,wRC+ + B2V + age + PA Ridge,114.25613867448553,114.23016806893463,-0.025970605550895698
fg:29490,B2V + age + PA Ridge,117.2469777450057,117.18526028245084,-0.06171746255485289
fg:29490,B2V Ridge,111.30776658521694,111.29977930523727,-0.00798727997967319
fg:29490,wRC+ + B2V + age + PA Ridge,117.32257630948612,117.26034368013194,-0.06223262935418461
fg:29518,B2V + age + PA Ridge,120.21030153485911,120.11157987879477,-0.0987216560643418
fg:29518,B2V Ridge,116.45336572631751,116.34935107042472,-0.10401465589279724
fg:29518,wRC+ + B2V + age + PA Ridge,120.65933306056185,120.54191242201819,-0.11742063854366336
fg:29575,B2V + age + PA Ridge,86.66003192475333,86.55630711008085,-0.10372481467247496
fg:29575,B2V Ridge,85.83090135538625,85.72238390455873,-0.10851745082752018
fg:29575,wRC+ + B2V + age + PA Ridge,86.99647463142057,86.87749161639806,-0.11898301502250774
fg:29576,B2V + age + PA Ridge,99.2030298372967,99.10978506476923,-0.09324477252746988
fg:29576,B2V Ridge,98.71309772543728,98.59457051009494,-0.11852721534233979
fg:29576,wRC+ + B2V + age + PA Ridge,101.47348191053247,101.36249177230003,-0.11099013823243808
fg:29591,B2V + age + PA Ridge,111.08528567152,110.88012963694992,-0.2051560345700807
fg:29591,B2V Ridge,105.22735551842881,104.99652741535866,-0.23082810307015222
fg:29591,wRC+ + B2V + age + PA Ridge,110.67189720547803,110.43504201784448,-0.23685518763355162
fg:29592,B2V + age + PA Ridge,88.65475766463436,88.46070277895011,-0.19405488568425255
fg:29592,B2V Ridge,86.49511350783055,86.27470886015695,-0.2204046476736039
fg:29592,wRC+ + B2V + age + PA Ridge,87.24971762383372,87.03234950319587,-0.21736812063784328
fg:29606,B2V + age + PA Ridge,88.63835353278013,88.55792945700556,-0.08042407577457311
fg:29606,B2V Ridge,84.53564363193692,84.42200773734169,-0.11363589459523382
fg:29606,wRC+ + B2V + age + PA Ridge,87.49511382454308,87.39948742229224,-0.09562640225084351
fg:29617,B2V + age + PA Ridge,72.32827115152872,72.37586315097062,0.04759199944189163
fg:29617,B2V Ridge,69.4968436337206,69.52399144356417,0.027147809843569348
fg:29617,wRC+ + B2V + age + PA Ridge,74.0978066761637,74.14488815396537,0.047081477801668825
fg:29622,B2V + age + PA Ridge,88.5091649809566,89.09038097890102,0.581215997944426
fg:29622,B2V Ridge,82.4961356303051,83.18304774074193,0.6869121104368219
fg:29622,wRC+ + B2V + age + PA Ridge,87.90340608640466,88.56871692785447,0.6653108414498092
fg:29630,B2V + age + PA Ridge,75.38823194318765,75.36384083046902,-0.024391112718632257
fg:29630,B2V Ridge,72.2080108141988,72.18849648399959,-0.01951433019921467
fg:29630,wRC+ + B2V + age + PA Ridge,74.45021220892929,74.42302431627445,-0.027187892654836787
fg:2967,B2V + age + PA Ridge,96.25457306179047,96.28871628794883,0.034143226158363404
fg:2967,B2V Ridge,101.8286132125549,101.84629926671244,0.017686054157536546
fg:2967,wRC+ + B2V + age + PA Ridge,97.43790159631224,97.47716757163539,0.03926597532314702
fg:29715,B2V + age + PA Ridge,91.51863701191643,91.18897563828149,-0.3296613736349343
fg:29715,B2V Ridge,90.55132814773488,90.18809564276465,-0.3632325049702274
fg:29715,wRC+ + B2V + age + PA Ridge,93.89984048313508,93.5247109528683,-0.37512953026677565
fg:29766,B2V + age + PA Ridge,87.76183791706363,87.76464210894319,0.002804191879562268
fg:29766,B2V Ridge,81.71736034324736,81.76079566666273,0.043435323415366156
fg:29766,wRC+ + B2V + age + PA Ridge,86.8409272939742,86.8381769460554,-0.0027503479188055735
fg:29794,B2V + age + PA Ridge,90.210242205168,90.10655919804165,-0.10368300712634948
fg:29794,B2V Ridge,88.58986995619232,88.46324382381574,-0.12662613237657183
fg:29794,wRC+ + B2V + age + PA Ridge,89.389774140299,89.27451110181217,-0.11526303848683028
fg:29931,B2V + age + PA Ridge,85.56025403310473,86.02032213623164,0.4600681031269147
fg:29931,B2V Ridge,80.82330507070674,81.38278113645868,0.5594760657519373
fg:29931,wRC+ + B2V + age + PA Ridge,85.26060727952982,85.78680891855392,0.5262016390240944
fg:30011,B2V + age + PA Ridge,79.20200430365117,79.13071192546214,-0.07129237818902823
fg:30011,B2V Ridge,79.03329017203671,78.96153238057767,-0.07175779145904926
fg:30011,wRC+ + B2V + age + PA Ridge,82.58850075778788,82.50746902024238,-0.08103173754550141
fg:30116,B2V + age + PA Ridge,120.91096805341286,120.77569580840427,-0.13527224500859347
fg:30116,B2V Ridge,121.23515286569136,121.07746098608064,-0.15769187961072362
fg:30116,wRC+ + B2V + age + PA Ridge,120.71455923249708,120.5591319591125,-0.15542727338457496
fg:31166,B2V + age + PA Ridge,88.03062842040957,87.91743382759785,-0.11319459281172328
fg:31166,B2V Ridge,88.24237589045066,88.11581576703377,-0.12656012341689404
fg:31166,wRC+ + B2V + age + PA Ridge,85.820872129684,85.6965158116146,-0.1243563180694025
fg:31347,B2V + age + PA Ridge,105.92550211245388,105.88090808086606,-0.04459403158782038
fg:31347,B2V Ridge,98.8322590821136,98.80895449118503,-0.023304590928560742
fg:31347,wRC+ + B2V + age + PA Ridge,104.86775398272263,104.81924282216993,-0.048511160552706656
fg:31349,B2V + age + PA Ridge,79.00857569863092,79.12452937529432,0.11595367666339484
fg:31349,B2V Ridge,76.29551692528773,76.44701054216786,0.1514936168801313
fg:31349,wRC+ + B2V + age + PA Ridge,81.32459016226787,81.45399319374022,0.12940303147235
fg:31394,B2V + age + PA Ridge,76.25974168522065,76.39086907802435,0.13112739280370533
fg:31394,B2V Ridge,75.22360168204631,75.39701006685938,0.1734083848130723
fg:31394,wRC+ + B2V + age + PA Ridge,77.06993124934354,77.22125588569673,0.15132463635319482
fg:31431,B2V + age + PA Ridge,76.77754005713474,76.8225964567936,0.045056399658861324
fg:31431,B2V Ridge,73.1227562659739,73.19184946823461,0.06909320226070292
fg:31431,wRC+ + B2V + age + PA Ridge,79.25493066959234,79.30149062897173,0.046559959379393945
fg:31595,B2V + age + PA Ridge,82.7771473067873,83.00935586358943,0.23220855680213504
fg:31595,B2V Ridge,80.12592691993079,80.4032533223846,0.27732640245380935
fg:31595,wRC+ + B2V + age + PA Ridge,84.07466917936131,84.34284832646567,0.2681791471043624
fg:31781,B2V + age + PA Ridge,89.94973894028641,89.95677891160453,0.007039971318121729
fg:31781,B2V Ridge,85.03216262317362,85.06436653669428,0.032203913520660876
fg:31781,wRC+ + B2V + age + PA Ridge,91.25079434912732,91.25201480378131,0.0012204546539891226
fg:31837,B2V + age + PA Ridge,99.4754003300214,99.55443656928396,0.07903623926256387
fg:31837,B2V Ridge,101.7015552856427,101.76589392774615,0.06433864210345064
fg:31837,wRC+ + B2V + age + PA Ridge,99.16490427846288,99.26444371682172,0.09953943835883194
fg:33189,B2V + age + PA Ridge,105.05379184924995,105.400618198596,0.3468263493460597
fg:33189,B2V Ridge,95.13766264545909,95.50714312693442,0.3694804814753354
fg:33189,wRC+ + B2V + age + PA Ridge,104.12245219185108,104.52099781903183,0.39854562718075215
fg:33266,B2V + age + PA Ridge,85.61807848000905,86.0231191935524,0.40504071354335736
fg:33266,B2V Ridge,83.28412328962024,83.75053779449935,0.4664145048791113
fg:33266,wRC+ + B2V + age + PA Ridge,85.2455746024834,85.71284041245556,0.4672658099721616
fg:33333,B2V + age + PA Ridge,113.78656567733019,113.9152624056789,0.12869672834871437
fg:33333,B2V Ridge,108.43624915141032,108.6226008582021,0.1863517067917826
fg:33333,wRC+ + B2V + age + PA Ridge,114.26338142404745,114.40639301063334,0.1430115865858852
fg:33541,B2V + age + PA Ridge,98.29990788401584,98.42809604953132,0.12818816551548196
fg:33541,B2V Ridge,97.17057284343583,97.35306395172358,0.18249110828774917
fg:33541,wRC+ + B2V + age + PA Ridge,100.00206971483054,100.1442965241471,0.14222680931655418
fg:33824,B2V + age + PA Ridge,98.73048341382848,98.95238436144835,0.2219009476198721
fg:33824,B2V Ridge,100.60702650112063,100.85621326203382,0.24918676091319014
fg:33824,wRC+ + B2V + age + PA Ridge,100.97151699173017,101.22788583998863,0.25636884825846096
fg:4949,B2V + age + PA Ridge,111.91781330606726,111.25834456081772,-0.6594687452495407
fg:4949,B2V Ridge,117.41013943878164,116.61626595333897,-0.7938734854426741
fg:4949,wRC+ + B2V + age + PA Ridge,113.25915365850835,112.50847464031665,-0.750679018191704
fg:5235,B2V + age + PA Ridge,86.19171273452282,86.36888342740494,0.17717069288211462
fg:5235,B2V Ridge,93.33188646223061,93.48130816119503,0.14942169896441726
fg:5235,wRC+ + B2V + age + PA Ridge,84.56888509260534,84.77882248113322,0.20993738852787658
fg:5361,B2V + age + PA Ridge,112.66073643297845,112.66987223717484,0.00913580419639004
fg:5361,B2V Ridge,116.87233040755169,116.87661703218303,0.0042866246313479905
fg:5361,wRC+ + B2V + age + PA Ridge,112.33642509395278,112.34988302971058,0.013457935757799078
fg:5417,B2V + age + PA Ridge,94.10273690876276,94.2162693738746,0.11353246511183102
fg:5417,B2V Ridge,95.73711241983376,95.87418432326301,0.1370719034292449
fg:5417,wRC+ + B2V + age + PA Ridge,91.97067112955014,92.11130867525415,0.14063754570400988
fg:5517,B2V + age + PA Ridge,87.59429882332569,87.44405255575826,-0.1502462675674252
fg:5517,B2V Ridge,94.56623908889235,94.39509220287886,-0.1711468860134886
fg:5517,wRC+ + B2V + age + PA Ridge,87.24224972442511,87.0727949384884,-0.1694547859367077
fg:5827,B2V + age + PA Ridge,78.85333811096017,79.09641315489978,0.2430750439396121
fg:5827,B2V Ridge,83.5057710992546,83.74708236734034,0.2413112680857381
fg:5827,wRC+ + B2V + age + PA Ridge,80.00842091928,80.28901203025372,0.2805911109737167
fg:6887,B2V + age + PA Ridge,59.21907037706413,59.10969484088094,-0.10937553618318674
fg:6887,B2V Ridge,67.82050999472729,67.65880524216303,-0.16170475256426187
fg:6887,wRC+ + B2V + age + PA Ridge,62.60381589897834,62.47344648889487,-0.13036941008346759
fg:7304,B2V + age + PA Ridge,93.92297438867526,93.51682554118078,-0.4061488474944781
fg:7304,B2V Ridge,94.52315200460734,94.0014893383727,-0.5216626662346329
fg:7304,wRC+ + B2V + age + PA Ridge,93.23587706810866,92.78888238544448,-0.4469946826641831
fg:7739,B2V + age + PA Ridge,87.66230503078003,87.46416479702913,-0.19814023375090528
fg:7739,B2V Ridge,94.10776619796188,93.87132249509216,-0.23644370286972105
fg:7739,wRC+ + B2V + age + PA Ridge,87.3486258786309,87.12508853450954,-0.22353734412135395
fg:7802,B2V + age + PA Ridge,86.94375805360544,87.2876140068466,0.34385595324116025
fg:7802,B2V Ridge,94.88833927954033,95.29365614328532,0.40531686374498577
fg:7802,wRC+ + B2V + age + PA Ridge,86.58623645305089,86.98392951020885,0.39769305715796577
fg:8623,B2V + age + PA Ridge,81.29907646383441,81.33089339212495,0.031816928290538726
fg:8623,B2V Ridge,89.37723562252648,89.3802836870084,0.0030480644819164127
fg:8623,wRC+ + B2V + age + PA Ridge,79.35963987065483,79.40660799511795,0.046968124463120375
fg:9218,B2V + age + PA Ridge,99.6043227154269,99.51501043331656,-0.08931228211034181
fg:9218,B2V Ridge,105.03117826470371,104.95216355492828,-0.07901470977543568
fg:9218,wRC+ + B2V + age + PA Ridge,100.53258700169818,100.42949069779078,-0.10309630390739244
fg:9241,B2V + age + PA Ridge,93.5211205105466,93.6591329747024,0.13801246415580692
fg:9241,B2V Ridge,102.98255520375218,103.19987855920603,0.21732335545384274
fg:9241,wRC+ + B2V + age + PA Ridge,93.8393558697257,93.99584099912828,0.15648512940258286
fg:9774,B2V + age + PA Ridge,70.74167503744329,70.78429756421232,0.042622526769036995
fg:9774,B2V Ridge,75.93756014063077,75.97514274730888,0.037582606678114416
fg:9774,wRC+ + B2V + age + PA Ridge,72.36644878372361,72.42170201620414,0.05525323248052416
fg:9777,B2V + age + PA Ridge,86.90247647462141,87.09098900068447,0.18851252606306446
fg:9777,B2V Ridge,86.89495341037731,87.07833150799601,0.18337809761870005
fg:9777,wRC+ + B2V + age + PA Ridge,86.1749774642829,86.39995407775854,0.2249766134756328
fg:9847,B2V + age + PA Ridge,94.39860565299196,94.33159291329031,-0.06701273970165289
fg:9847,B2V Ridge,100.1017525043914,99.98153245867576,-0.12022004571564082
fg:9847,wRC+ + B2V + age + PA Ridge,93.95982942826367,93.88145672011072,-0.07837270815295483
fg:9874,B2V + age + PA Ridge,77.28681015716073,77.46237195369692,0.17556179653618642
fg:9874,B2V Ridge,85.37809681677328,85.54882130892308,0.17072449214980168
fg:9874,wRC+ + B2V + age + PA Ridge,80.11298569291642,80.31406233215614,0.20107663923971586
